synthetic_id,fiscal_year,portfolio_id,selected,contacted,holdout,program_adopted
S00104067,2022,P01,True,True,False,False
S00078686,2022,P01,True,True,False,False
S00013646,2022,P01,True,False,True,False
S00019424,2022,P01,True,False,True,False
S00097775,2022,P01,True,True,False,False
S00009251,2022,P01,True,True,False,False
S00093732,2022,P01,True,True,False,False
S00104752,2022,P01,True,True,False,False
S00043723,2022,P01,True,True,False,False
S00001605,2022,P01,True,True,False,False
S00036729,2022,P01,True,False,True,False
S00008221,2022,P01,True,True,False,False
S00104381,2022,P01,True,True,False,False
S00098485,2022,P01,True,False,True,False
S00084518,2022,P01,True,True,False,False
S00054529,2022,P01,True,False,True,False
S00048185,2022,P01,True,True,False,False
S00097357,2022,P01,True,True,False,False
S00066904,2022,P01,True,False,True,False
S00051452,2022,P01,True,False,True,False
S00026925,2022,P01,True,True,False,False
S00075984,2022,P01,True,True,False,False
S00067804,2022,P01,True,True,False,False
S00032261,2022,P01,True,True,False,False
S00006934,2022,P01,True,True,False,False
S00062975,2022,P01,True,True,False,False
S00031667,2022,P01,True,True,False,False
S00012379,2022,P01,True,False,True,False
S00000570,2022,P01,True,True,False,False
S00085186,2022,P01,True,True,False,False
S00055107,2022,P01,True,True,False,False
S00091195,2022,P01,True,True,False,False
S00055067,2022,P01,True,True,False,False
S00120038,2022,P01,True,True,False,False
S00044249,2022,P01,True,True,False,False
S00089938,2022,P01,True,True,False,False
S00054221,2022,P01,True,True,False,False
S00099613,2022,P01,True,True,False,False
S00077448,2022,P01,True,True,False,False
S00101653,2022,P01,True,True,False,False
S00065414,2022,P01,True,True,False,False
S00011782,2022,P01,True,True,False,False
S00010991,2022,P01,True,False,True,False
S00119259,2022,P01,True,True,False,False
S00104367,2022,P01,True,False,True,False
S00056234,2022,P01,True,False,True,False
S00023665,2022,P01,True,True,False,False
S00098154,2022,P01,True,True,False,False
S00103583,2022,P01,True,True,False,False
S00047994,2022,P01,True,True,False,False
S00083875,2022,P01,True,True,False,False
S00029024,2022,P01,True,True,False,False
S00028979,2022,P01,True,True,False,False
S00046302,2022,P01,True,False,True,False
S00060181,2022,P01,True,False,True,False
S00083750,2022,P01,True,False,True,False
S00024244,2022,P01,True,True,False,False
S00054752,2022,P01,True,True,False,False
S00036646,2022,P01,True,True,False,False
S00095084,2022,P01,True,True,False,False
S00058385,2022,P01,True,True,False,False
S00096802,2022,P01,True,True,False,False
S00067050,2022,P01,True,True,False,False
S00049680,2022,P01,True,False,True,False
S00009830,2022,P01,True,False,True,False
S00008566,2022,P01,True,True,False,False
S00082502,2022,P01,True,True,False,False
S00050180,2022,P01,True,True,False,False
S00090447,2022,P01,True,True,False,False
S00091923,2022,P01,True,True,False,False
S00060792,2022,P01,True,True,False,False
S00035433,2022,P01,True,True,False,False
S00013170,2022,P01,True,True,False,False
S00043727,2022,P01,True,True,False,False
S00093922,2022,P01,True,False,True,False
S00075487,2022,P01,True,True,False,False
S00023890,2022,P01,True,True,False,False
S00038689,2022,P01,True,True,False,False
S00098630,2022,P01,True,True,False,False
S00078597,2022,P01,True,True,False,False
S00097036,2022,P01,True,True,False,False
S00041003,2022,P01,True,False,True,False
S00103178,2022,P01,True,False,True,False
S00115437,2022,P01,True,True,False,False
S00042836,2022,P01,True,True,False,False
S00115156,2022,P01,True,True,False,False
S00028701,2022,P01,True,False,True,False
S00042908,2022,P01,True,True,False,False
S00064570,2022,P01,True,True,False,False
S00069944,2022,P01,True,True,False,False
S00120119,2022,P01,True,True,False,False
S00104040,2022,P01,True,True,False,False
S00102695,2022,P01,True,False,True,False
S00041326,2022,P01,True,True,False,False
S00111602,2022,P01,True,True,False,False
S00111058,2022,P01,True,False,True,False
S00107250,2022,P01,True,True,False,False
S00005538,2022,P01,True,False,True,False
S00087261,2022,P01,True,True,False,False
S00103911,2022,P01,True,False,True,False
S00070115,2022,P01,True,True,False,False
S00111483,2022,P01,True,True,False,False
S00090654,2022,P01,True,False,True,False
S00112706,2022,P01,True,False,True,False
S00045296,2022,P01,True,True,False,False
S00069450,2022,P01,True,False,True,False
S00061319,2022,P01,True,False,True,False
S00048245,2022,P01,True,True,False,False
S00031289,2022,P01,True,True,False,False
S00094252,2022,P01,True,True,False,False
S00093965,2022,P01,True,True,False,False
S00049852,2022,P01,True,True,False,False
S00115775,2022,P01,True,True,False,False
S00029844,2022,P01,True,False,True,False
S00022025,2022,P01,True,True,False,False
S00108061,2022,P01,True,True,False,False
S00084668,2022,P01,True,True,False,False
S00010098,2022,P01,True,True,False,False
S00089509,2022,P01,True,True,False,False
S00103684,2022,P01,True,True,False,False
S00023003,2022,P01,True,False,True,False
S00025597,2022,P01,True,True,False,False
S00110170,2022,P01,True,True,False,False
S00113919,2022,P01,True,True,False,False
S00064731,2022,P01,True,False,True,False
S00045654,2022,P02,True,True,False,False
S00033888,2022,P02,True,True,False,False
S00094851,2022,P02,True,True,False,False
S00005187,2022,P02,True,True,False,False
S00016464,2022,P02,True,True,False,False
S00066719,2022,P02,True,True,False,False
S00103158,2022,P02,True,True,False,False
S00022436,2022,P02,True,True,False,False
S00032375,2022,P02,True,True,False,False
S00005384,2022,P02,True,False,True,False
S00022160,2022,P02,True,False,True,False
S00034153,2022,P02,True,True,False,False
S00063412,2022,P02,True,False,True,False
S00010730,2022,P02,True,True,False,False
S00069505,2022,P02,True,True,False,False
S00021522,2022,P02,True,True,False,False
S00004138,2022,P02,True,True,False,False
S00084957,2022,P02,True,True,False,False
S00097506,2022,P02,True,False,True,False
S00043113,2022,P02,True,True,False,False
S00069230,2022,P02,True,True,False,False
S00083099,2022,P02,True,True,False,False
S00087994,2022,P02,True,True,False,False
S00103395,2022,P02,True,True,False,False
S00000444,2022,P02,True,True,False,False
S00052350,2022,P02,True,True,False,False
S00075636,2022,P02,True,True,False,False
S00069306,2022,P02,True,True,False,False
S00036396,2022,P02,True,True,False,False
S00068415,2022,P02,True,True,False,False
S00068341,2022,P02,True,False,True,False
S00037934,2022,P02,True,True,False,False
S00060818,2022,P02,True,False,True,False
S00086365,2022,P02,True,False,True,False
S00088270,2022,P02,True,True,False,False
S00001936,2022,P02,True,False,True,False
S00048926,2022,P02,True,True,False,False
S00101195,2022,P02,True,True,False,False
S00101728,2022,P02,True,False,True,False
S00094308,2022,P02,True,False,True,False
S00070037,2022,P02,True,True,False,False
S00063013,2022,P02,True,True,False,False
S00031713,2022,P02,True,True,False,False
S00048133,2022,P02,True,False,True,False
S00030559,2022,P02,True,False,True,False
S00039072,2022,P02,True,True,False,False
S00098637,2022,P02,True,True,False,False
S00095442,2022,P02,True,True,False,False
S00078898,2022,P02,True,True,False,False
S00087191,2022,P02,True,False,True,False
S00093463,2022,P02,True,True,False,False
S00088399,2022,P02,True,False,True,False
S00064043,2022,P02,True,True,False,False
S00023747,2022,P02,True,True,False,False
S00106176,2022,P02,True,True,False,False
S00082912,2022,P02,True,False,True,False
S00071235,2022,P02,True,True,False,False
S00051418,2022,P02,True,False,True,False
S00070625,2022,P02,True,True,False,False
S00078535,2022,P02,True,True,False,False
S00034996,2022,P02,True,True,False,False
S00098643,2022,P02,True,True,False,False
S00066803,2022,P02,True,False,True,False
S00039891,2022,P02,True,True,False,False
S00038166,2022,P02,True,True,False,False
S00073580,2022,P02,True,True,False,False
S00112005,2022,P02,True,True,False,False
S00102831,2022,P02,True,True,False,False
S00066805,2022,P02,True,True,False,False
S00033330,2022,P02,True,True,False,False
S00045468,2022,P02,True,False,True,False
S00076445,2022,P02,True,True,False,False
S00098797,2022,P02,True,True,False,False
S00107889,2022,P02,True,True,False,False
S00105504,2022,P02,True,True,False,False
S00058620,2022,P02,True,True,False,False
S00020572,2022,P02,True,False,True,False
S00054716,2022,P02,True,True,False,False
S00093871,2022,P02,True,True,False,False
S00012191,2022,P02,True,False,True,False
S00042545,2022,P02,True,False,True,False
S00000914,2022,P02,True,False,True,False
S00106432,2022,P02,True,True,False,False
S00106263,2022,P02,True,True,False,False
S00118416,2022,P02,True,True,False,False
S00106592,2022,P02,True,True,False,False
S00074816,2022,P02,True,False,True,False
S00053684,2022,P02,True,True,False,False
S00093267,2022,P02,True,True,False,False
S00117931,2022,P02,True,False,True,False
S00082194,2022,P02,True,True,False,False
S00025769,2022,P02,True,True,False,False
S00085187,2022,P02,True,False,True,False
S00095547,2022,P02,True,False,True,False
S00113126,2022,P02,True,True,False,False
S00117581,2022,P02,True,True,False,False
S00028193,2022,P02,True,True,False,False
S00035522,2022,P02,True,True,False,False
S00026358,2022,P02,True,True,False,False
S00023242,2022,P02,True,True,False,False
S00022029,2022,P02,True,True,False,False
S00050311,2022,P02,True,False,True,False
S00036615,2022,P02,True,True,False,False
S00061689,2022,P02,True,True,False,False
S00110105,2022,P02,True,True,False,False
S00106692,2022,P02,True,True,False,False
S00000417,2022,P02,True,True,False,False
S00029376,2022,P02,True,True,False,False
S00024906,2022,P02,True,True,False,False
S00096520,2022,P02,True,True,False,False
S00109000,2022,P02,True,True,False,False
S00006160,2022,P02,True,True,False,False
S00047066,2022,P02,True,False,True,False
S00087923,2022,P02,True,True,False,False
S00044709,2022,P02,True,False,True,False
S00068338,2022,P02,True,True,False,False
S00058594,2022,P02,True,True,False,False
S00075139,2022,P02,True,True,False,False
S00107453,2022,P02,True,True,False,False
S00035051,2022,P02,True,True,False,False
S00115336,2022,P02,True,False,True,False
S00108218,2022,P02,True,True,False,False
S00094067,2022,P02,True,True,False,False
S00108445,2022,P02,True,False,True,False
S00072201,2022,P02,True,True,False,False
S00037345,2022,P03,True,True,False,False
S00035794,2022,P03,True,True,False,False
S00038276,2022,P03,True,True,False,False
S00067265,2022,P03,True,True,False,False
S00044349,2022,P03,True,False,True,False
S00022260,2022,P03,True,False,True,False
S00071532,2022,P03,True,True,False,False
S00069822,2022,P03,True,True,False,False
S00049509,2022,P03,True,False,True,False
S00099586,2022,P03,True,False,True,False
S00076878,2022,P03,True,True,False,False
S00034591,2022,P03,True,False,True,False
S00075493,2022,P03,True,True,False,False
S00103975,2022,P03,True,False,True,False
S00037573,2022,P03,True,True,False,False
S00025524,2022,P03,True,True,False,False
S00108714,2022,P03,True,True,False,False
S00032812,2022,P03,True,True,False,False
S00095078,2022,P03,True,True,False,False
S00043954,2022,P03,True,True,False,False
S00061971,2022,P03,True,True,False,False
S00104606,2022,P03,True,True,False,False
S00000294,2022,P03,True,True,False,False
S00074132,2022,P03,True,False,True,False
S00055060,2022,P03,True,True,False,False
S00079867,2022,P03,True,True,False,False
S00088495,2022,P03,True,True,False,False
S00024085,2022,P03,True,False,True,False
S00102219,2022,P03,True,True,False,False
S00096949,2022,P03,True,False,True,False
S00099537,2022,P03,True,True,False,False
S00099155,2022,P03,True,True,False,False
S00082761,2022,P03,True,True,False,False
S00070733,2022,P03,True,True,False,False
S00096326,2022,P03,True,True,False,False
S00105445,2022,P03,True,True,False,False
S00102199,2022,P03,True,True,False,False
S00095548,2022,P03,True,False,True,False
S00083680,2022,P03,True,True,False,False
S00103547,2022,P03,True,False,True,False
S00005995,2022,P03,True,True,False,False
S00002135,2022,P03,True,False,True,False
S00096202,2022,P03,True,True,False,False
S00100208,2022,P03,True,True,False,False
S00106900,2022,P03,True,True,False,False
S00114970,2022,P03,True,True,False,False
S00047909,2022,P03,True,False,True,False
S00096945,2022,P03,True,False,True,False
S00097914,2022,P03,True,True,False,False
S00097976,2022,P03,True,True,False,False
S00089397,2022,P03,True,True,False,False
S00083259,2022,P03,True,True,False,False
S00013450,2022,P03,True,True,False,False
S00106426,2022,P03,True,True,False,False
S00051859,2022,P03,True,True,False,False
S00066641,2022,P03,True,True,False,False
S00104185,2022,P03,True,False,True,False
S00093786,2022,P03,True,False,True,False
S00008166,2022,P03,True,False,True,False
S00056359,2022,P03,True,True,False,False
S00010510,2022,P03,True,True,False,False
S00113576,2022,P03,True,True,False,False
S00012833,2022,P03,True,True,False,False
S00008239,2022,P03,True,True,False,False
S00005233,2022,P03,True,True,False,False
S00032921,2022,P03,True,False,True,False
S00048796,2022,P03,True,True,False,False
S00046474,2022,P03,True,True,False,False
S00092782,2022,P03,True,False,True,False
S00079914,2022,P03,True,True,False,False
S00050090,2022,P03,True,True,False,False
S00082864,2022,P03,True,True,False,False
S00064433,2022,P03,True,True,False,False
S00099193,2022,P03,True,True,False,False
S00026278,2022,P03,True,True,False,False
S00018352,2022,P03,True,True,False,False
S00000023,2022,P03,True,True,False,False
S00034053,2022,P03,True,True,False,False
S00000241,2022,P03,True,True,False,False
S00043460,2022,P03,True,True,False,False
S00076122,2022,P03,True,True,False,False
S00032487,2022,P03,True,False,True,False
S00033462,2022,P03,True,True,False,False
S00058009,2022,P03,True,True,False,False
S00093150,2022,P03,True,True,False,False
S00052403,2022,P03,True,True,False,False
S00031750,2022,P03,True,True,False,False
S00056663,2022,P03,True,False,True,False
S00059469,2022,P03,True,False,True,False
S00040344,2022,P03,True,True,False,False
S00049230,2022,P03,True,False,True,False
S00042564,2022,P03,True,False,True,False
S00057634,2022,P03,True,True,False,False
S00034892,2022,P03,True,True,False,False
S00069381,2022,P03,True,True,False,False
S00078069,2022,P03,True,True,False,False
S00119441,2022,P03,True,True,False,False
S00090833,2022,P03,True,True,False,False
S00024221,2022,P03,True,True,False,False
S00094261,2022,P03,True,True,False,False
S00017649,2022,P03,True,True,False,False
S00053565,2022,P03,True,False,True,False
S00091024,2022,P03,True,False,True,False
S00008553,2022,P03,True,True,False,False
S00106481,2022,P03,True,True,False,False
S00092540,2022,P03,True,False,True,False
S00103054,2022,P03,True,True,False,False
S00028174,2022,P03,True,True,False,False
S00089790,2022,P03,True,True,False,False
S00106320,2022,P03,True,True,False,False
S00024274,2022,P03,True,False,True,False
S00011639,2022,P03,True,True,False,False
S00034523,2022,P03,True,True,False,False
S00018577,2022,P03,True,True,False,False
S00109736,2022,P03,True,True,False,False
S00108985,2022,P03,True,True,False,False
S00087057,2022,P03,True,True,False,False
S00068622,2022,P03,True,False,True,False
S00066504,2022,P03,True,True,False,False
S00076461,2022,P03,True,False,True,False
S00104539,2022,P03,True,True,False,False
S00093677,2022,P03,True,True,False,False
S00044211,2022,P03,True,False,True,False
S00004888,2022,P03,True,True,False,False
S00120474,2022,P03,True,True,False,False
S00079177,2022,P04,True,True,False,False
S00002719,2022,P04,True,True,False,False
S00031757,2022,P04,True,False,True,False
S00022954,2022,P04,True,True,False,False
S00009196,2022,P04,True,True,False,False
S00060688,2022,P04,True,True,False,False
S00056116,2022,P04,True,False,True,False
S00023209,2022,P04,True,True,False,False
S00052226,2022,P04,True,True,False,False
S00017979,2022,P04,True,True,False,False
S00094813,2022,P04,True,False,True,False
S00081343,2022,P04,True,True,False,False
S00092325,2022,P04,True,False,True,False
S00030009,2022,P04,True,True,False,False
S00026233,2022,P04,True,False,True,False
S00025673,2022,P04,True,True,False,False
S00026827,2022,P04,True,True,False,False
S00041318,2022,P04,True,True,False,False
S00073911,2022,P04,True,True,False,False
S00016904,2022,P04,True,False,True,False
S00023851,2022,P04,True,True,False,False
S00049972,2022,P04,True,True,False,False
S00102590,2022,P04,True,True,False,False
S00040719,2022,P04,True,True,False,False
S00013301,2022,P04,True,True,False,False
S00077300,2022,P04,True,True,False,False
S00061550,2022,P04,True,True,False,False
S00043566,2022,P04,True,True,False,False
S00025937,2022,P04,True,False,True,False
S00067537,2022,P04,True,True,False,False
S00059602,2022,P04,True,True,False,False
S00062777,2022,P04,True,False,True,False
S00079093,2022,P04,True,False,True,False
S00107814,2022,P04,True,True,False,False
S00023847,2022,P04,True,True,False,False
S00092560,2022,P04,True,True,False,False
S00086601,2022,P04,True,False,True,False
S00056671,2022,P04,True,True,False,False
S00055386,2022,P04,True,True,False,False
S00070653,2022,P04,True,True,False,False
S00075254,2022,P04,True,True,False,False
S00046143,2022,P04,True,True,False,False
S00119353,2022,P04,True,True,False,False
S00051209,2022,P04,True,True,False,False
S00115157,2022,P04,True,True,False,False
S00055184,2022,P04,True,True,False,False
S00016198,2022,P04,True,True,False,False
S00025491,2022,P04,True,True,False,False
S00059682,2022,P04,True,False,True,False
S00079491,2022,P04,True,True,False,False
S00048520,2022,P04,True,True,False,False
S00111070,2022,P04,True,True,False,False
S00018041,2022,P04,True,True,False,False
S00104335,2022,P04,True,True,False,False
S00087999,2022,P04,True,True,False,False
S00017222,2022,P04,True,True,False,False
S00008093,2022,P04,True,False,True,False
S00048960,2022,P04,True,True,False,False
S00120974,2022,P04,True,True,False,False
S00090878,2022,P04,True,True,False,False
S00007397,2022,P04,True,True,False,False
S00096130,2022,P04,True,True,False,False
S00024704,2022,P04,True,True,False,False
S00028919,2022,P04,True,True,False,False
S00061214,2022,P04,True,True,False,False
S00013930,2022,P04,True,True,False,False
S00024762,2022,P04,True,True,False,False
S00077353,2022,P04,True,True,False,False
S00115425,2022,P04,True,True,False,False
S00009872,2022,P04,True,False,True,False
S00031491,2022,P04,True,True,False,False
S00104106,2022,P04,True,False,True,False
S00055476,2022,P04,True,False,True,False
S00111661,2022,P04,True,True,False,False
S00007385,2022,P04,True,False,True,False
S00054733,2022,P04,True,True,False,False
S00032507,2022,P04,True,True,False,False
S00038543,2022,P04,True,True,False,False
S00008910,2022,P04,True,True,False,False
S00048663,2022,P04,True,True,False,False
S00087731,2022,P04,True,False,True,False
S00033169,2022,P04,True,True,False,False
S00092966,2022,P04,True,True,False,False
S00076454,2022,P04,True,False,True,False
S00107595,2022,P04,True,True,False,False
S00066162,2022,P04,True,True,False,False
S00099724,2022,P04,True,True,False,False
S00087224,2022,P04,True,True,False,False
S00074190,2022,P04,True,True,False,False
S00101016,2022,P04,True,True,False,False
S00010593,2022,P04,True,False,True,False
S00062818,2022,P04,True,False,True,False
S00110880,2022,P04,True,False,True,False
S00090586,2022,P04,True,True,False,False
S00064316,2022,P04,True,True,False,False
S00003895,2022,P04,True,True,False,False
S00040051,2022,P04,True,True,False,False
S00011532,2022,P04,True,True,False,False
S00040556,2022,P04,True,False,True,False
S00091172,2022,P04,True,False,True,False
S00078692,2022,P04,True,False,True,False
S00048671,2022,P04,True,True,False,False
S00014280,2022,P04,True,True,False,False
S00041101,2022,P04,True,False,True,False
S00120942,2022,P04,True,False,True,False
S00057494,2022,P04,True,False,True,False
S00062592,2022,P04,True,False,True,False
S00037028,2022,P04,True,True,False,False
S00070269,2022,P04,True,True,False,False
S00055835,2022,P04,True,True,False,False
S00058721,2022,P04,True,False,True,False
S00014835,2022,P04,True,False,True,False
S00045833,2022,P04,True,True,False,False
S00018803,2022,P04,True,True,False,False
S00002706,2022,P04,True,True,False,False
S00063212,2022,P04,True,True,False,False
S00097253,2022,P04,True,True,False,False
S00083818,2022,P04,True,True,False,False
S00085998,2022,P04,True,True,False,False
S00047949,2022,P04,True,True,False,False
S00109272,2022,P04,True,True,False,False
S00048961,2022,P04,True,True,False,False
S00096174,2022,P04,True,False,True,False
S00001189,2022,P04,True,True,False,False
S00057404,2022,P04,True,True,False,False
S00035090,2022,P05,True,False,True,False
S00086903,2022,P05,True,True,False,False
S00004028,2022,P05,True,True,False,False
S00056057,2022,P05,True,True,False,False
S00074698,2022,P05,True,True,False,False
S00050914,2022,P05,True,True,False,False
S00036423,2022,P05,True,True,False,False
S00012744,2022,P05,True,True,False,False
S00030489,2022,P05,True,False,True,False
S00097518,2022,P05,True,True,False,False
S00041060,2022,P05,True,True,False,False
S00039706,2022,P05,True,True,False,False
S00013731,2022,P05,True,True,False,False
S00046074,2022,P05,True,True,False,False
S00087798,2022,P05,True,True,False,False
S00098495,2022,P05,True,True,False,False
S00070088,2022,P05,True,True,False,False
S00020649,2022,P05,True,True,False,False
S00048571,2022,P05,True,False,True,False
S00041270,2022,P05,True,False,True,False
S00045129,2022,P05,True,True,False,False
S00089691,2022,P05,True,True,False,False
S00052837,2022,P05,True,True,False,False
S00108250,2022,P05,True,False,True,False
S00030352,2022,P05,True,False,True,False
S00069383,2022,P05,True,True,False,False
S00058569,2022,P05,True,True,False,False
S00036486,2022,P05,True,True,False,False
S00026109,2022,P05,True,False,True,False
S00015477,2022,P05,True,True,False,False
S00079795,2022,P05,True,True,False,False
S00022357,2022,P05,True,True,False,False
S00071524,2022,P05,True,True,False,False
S00071586,2022,P05,True,True,False,False
S00089032,2022,P05,True,True,False,False
S00031372,2022,P05,True,False,True,False
S00053529,2022,P05,True,True,False,False
S00096150,2022,P05,True,True,False,False
S00105937,2022,P05,True,True,False,False
S00012069,2022,P05,True,False,True,False
S00063667,2022,P05,True,True,False,False
S00000336,2022,P05,True,True,False,False
S00099543,2022,P05,True,True,False,False
S00075337,2022,P05,True,True,False,False
S00024980,2022,P05,True,True,False,False
S00095203,2022,P05,True,True,False,False
S00089943,2022,P05,True,True,False,False
S00082099,2022,P05,True,True,False,False
S00034300,2022,P05,True,True,False,False
S00006013,2022,P05,True,True,False,False
S00062780,2022,P05,True,False,True,False
S00104929,2022,P05,True,True,False,False
S00077945,2022,P05,True,True,False,False
S00067245,2022,P05,True,True,False,False
S00001386,2022,P05,True,True,False,False
S00012172,2022,P05,True,False,True,False
S00089214,2022,P05,True,True,False,False
S00113893,2022,P05,True,True,False,False
S00029351,2022,P05,True,False,True,False
S00033601,2022,P05,True,True,False,False
S00054144,2022,P05,True,False,True,False
S00005060,2022,P05,True,True,False,False
S00061735,2022,P05,True,False,True,False
S00092925,2022,P05,True,True,False,False
S00108354,2022,P05,True,True,False,False
S00013032,2022,P05,True,True,False,False
S00107446,2022,P05,True,True,False,False
S00049814,2022,P05,True,True,False,False
S00101709,2022,P05,True,False,True,False
S00003394,2022,P05,True,False,True,False
S00083447,2022,P05,True,True,False,False
S00080413,2022,P05,True,True,False,False
S00038999,2022,P05,True,True,False,False
S00037183,2022,P05,True,True,False,False
S00096709,2022,P05,True,True,False,False
S00086603,2022,P05,True,True,False,False
S00090628,2022,P05,True,True,False,False
S00054032,2022,P05,True,True,False,False
S00097098,2022,P05,True,True,False,False
S00041092,2022,P05,True,True,False,False
S00113929,2022,P05,True,True,False,False
S00102864,2022,P05,True,True,False,False
S00075846,2022,P05,True,False,True,False
S00090311,2022,P05,True,True,False,False
S00020396,2022,P05,True,False,True,False
S00042301,2022,P05,True,False,True,False
S00112126,2022,P05,True,False,True,False
S00064874,2022,P05,True,False,True,False
S00085371,2022,P05,True,False,True,False
S00106194,2022,P05,True,False,True,False
S00011274,2022,P05,True,True,False,False
S00027579,2022,P05,True,True,False,False
S00071646,2022,P05,True,True,False,False
S00095212,2022,P05,True,False,True,False
S00092293,2022,P05,True,True,False,False
S00011120,2022,P05,True,True,False,False
S00092060,2022,P05,True,True,False,False
S00054590,2022,P05,True,True,False,False
S00098971,2022,P05,True,True,False,False
S00059565,2022,P05,True,True,False,False
S00094478,2022,P05,True,True,False,False
S00001618,2022,P05,True,False,True,False
S00047930,2022,P05,True,True,False,False
S00010818,2022,P05,True,True,False,False
S00104833,2022,P05,True,True,False,False
S00014933,2022,P05,True,True,False,False
S00039443,2022,P05,True,True,False,False
S00102943,2022,P05,True,False,True,False
S00099909,2022,P05,True,True,False,False
S00106029,2022,P05,True,True,False,False
S00102637,2022,P05,True,False,True,False
S00075093,2022,P05,True,True,False,False
S00097447,2022,P05,True,False,True,False
S00080151,2022,P05,True,False,True,False
S00031312,2022,P05,True,False,True,False
S00098723,2022,P05,True,True,False,False
S00114323,2022,P05,True,True,False,False
S00000273,2022,P05,True,True,False,False
S00011714,2022,P05,True,True,False,False
S00003023,2022,P05,True,False,True,False
S00094407,2022,P05,True,True,False,False
S00040970,2022,P05,True,True,False,False
S00067005,2022,P05,True,True,False,False
S00030701,2022,P05,True,True,False,False
S00090186,2022,P05,True,True,False,False
S00076756,2022,P06,True,False,True,False
S00022879,2022,P06,True,True,False,False
S00029059,2022,P06,True,False,True,False
S00013995,2022,P06,True,True,False,False
S00007697,2022,P06,True,False,True,False
S00070707,2022,P06,True,True,False,False
S00062430,2022,P06,True,False,True,False
S00100564,2022,P06,True,True,False,False
S00090413,2022,P06,True,True,False,False
S00016777,2022,P06,True,False,True,False
S00050826,2022,P06,True,True,False,False
S00014722,2022,P06,True,True,False,False
S00016164,2022,P06,True,False,True,False
S00087259,2022,P06,True,True,False,False
S00034177,2022,P06,True,False,True,False
S00000212,2022,P06,True,True,False,False
S00068007,2022,P06,True,True,False,False
S00068706,2022,P06,True,True,False,False
S00012629,2022,P06,True,True,False,False
S00057073,2022,P06,True,False,True,False
S00002958,2022,P06,True,False,True,False
S00046479,2022,P06,True,True,False,False
S00107970,2022,P06,True,False,True,False
S00031405,2022,P06,True,True,False,False
S00030084,2022,P06,True,True,False,False
S00118527,2022,P06,True,True,False,False
S00032330,2022,P06,True,True,False,False
S00006174,2022,P06,True,True,False,False
S00046511,2022,P06,True,True,False,False
S00005312,2022,P06,True,False,True,False
S00066710,2022,P06,True,False,True,False
S00022457,2022,P06,True,True,False,False
S00086609,2022,P06,True,True,False,False
S00005212,2022,P06,True,True,False,False
S00108308,2022,P06,True,False,True,False
S00112877,2022,P06,True,True,False,False
S00107521,2022,P06,True,True,False,False
S00061718,2022,P06,True,True,False,False
S00106487,2022,P06,True,False,True,False
S00018968,2022,P06,True,True,False,False
S00115242,2022,P06,True,True,False,False
S00002334,2022,P06,True,True,False,False
S00073880,2022,P06,True,False,True,False
S00063804,2022,P06,True,True,False,False
S00016742,2022,P06,True,True,False,False
S00104010,2022,P06,True,True,False,False
S00114246,2022,P06,True,True,False,False
S00059835,2022,P06,True,True,False,False
S00029726,2022,P06,True,True,False,False
S00101166,2022,P06,True,False,True,False
S00063643,2022,P06,True,True,False,False
S00048193,2022,P06,True,True,False,False
S00074322,2022,P06,True,True,False,False
S00011566,2022,P06,True,True,False,False
S00031883,2022,P06,True,False,True,False
S00071157,2022,P06,True,True,False,False
S00080499,2022,P06,True,True,False,False
S00040732,2022,P06,True,True,False,False
S00008867,2022,P06,True,True,False,False
S00000096,2022,P06,True,False,True,False
S00091634,2022,P06,True,False,True,False
S00083640,2022,P06,True,True,False,False
S00114685,2022,P06,True,True,False,False
S00002516,2022,P06,True,True,False,False
S00056374,2022,P06,True,True,False,False
S00017812,2022,P06,True,True,False,False
S00067551,2022,P06,True,True,False,False
S00094859,2022,P06,True,True,False,False
S00019081,2022,P06,True,True,False,False
S00053769,2022,P06,True,True,False,False
S00071587,2022,P06,True,True,False,False
S00080625,2022,P06,True,False,True,False
S00015416,2022,P06,True,True,False,False
S00042579,2022,P06,True,True,False,False
S00016216,2022,P06,True,False,True,False
S00036470,2022,P06,True,True,False,False
S00104410,2022,P06,True,True,False,False
S00084991,2022,P06,True,True,False,False
S00041255,2022,P06,True,True,False,False
S00018672,2022,P06,True,True,False,False
S00050882,2022,P06,True,True,False,False
S00032372,2022,P06,True,True,False,False
S00118370,2022,P06,True,False,True,False
S00082404,2022,P06,True,True,False,False
S00097401,2022,P06,True,True,False,False
S00071751,2022,P06,True,True,False,False
S00068611,2022,P06,True,True,False,False
S00067024,2022,P06,True,False,True,False
S00068584,2022,P06,True,True,False,False
S00071132,2022,P06,True,True,False,False
S00111813,2022,P06,True,True,False,False
S00084922,2022,P06,True,True,False,False
S00085876,2022,P06,True,True,False,False
S00101852,2022,P06,True,True,False,False
S00104530,2022,P06,True,True,False,False
S00099323,2022,P06,True,False,True,False
S00056979,2022,P06,True,True,False,False
S00026856,2022,P06,True,True,False,False
S00114035,2022,P06,True,True,False,False
S00072266,2022,P06,True,True,False,False
S00050024,2022,P06,True,True,False,False
S00111367,2022,P06,True,False,True,False
S00091835,2022,P06,True,False,True,False
S00114985,2022,P06,True,True,False,False
S00100496,2022,P06,True,True,False,False
S00112664,2022,P06,True,True,False,False
S00057911,2022,P06,True,True,False,False
S00108727,2022,P06,True,True,False,False
S00111452,2022,P06,True,True,False,False
S00079681,2022,P06,True,True,False,False
S00039825,2022,P06,True,True,False,False
S00083413,2022,P06,True,True,False,False
S00056348,2022,P06,True,False,True,False
S00014108,2022,P06,True,True,False,False
S00032451,2022,P06,True,True,False,False
S00092440,2022,P06,True,False,True,False
S00093406,2022,P06,True,True,False,False
S00077872,2022,P06,True,False,True,False
S00091951,2022,P06,True,True,False,False
S00113813,2022,P06,True,True,False,False
S00114301,2022,P06,True,True,False,False
S00099247,2022,P06,True,False,True,False
S00002297,2022,P06,True,False,True,False
S00091407,2022,P06,True,True,False,False
S00024618,2022,P06,True,True,False,False
S00115959,2022,P07,True,True,False,False
S00063867,2022,P07,True,True,False,False
S00086187,2022,P07,True,False,True,False
S00024728,2022,P07,True,True,False,False
S00003447,2022,P07,True,True,False,False
S00000993,2022,P07,True,True,False,False
S00067960,2022,P07,True,True,False,False
S00034486,2022,P07,True,True,False,False
S00046749,2022,P07,True,False,True,False
S00002970,2022,P07,True,True,False,False
S00047418,2022,P07,True,True,False,False
S00025779,2022,P07,True,True,False,False
S00112593,2022,P07,True,False,True,False
S00071095,2022,P07,True,False,True,False
S00029818,2022,P07,True,True,False,False
S00010301,2022,P07,True,False,True,False
S00023989,2022,P07,True,True,False,False
S00094470,2022,P07,True,True,False,False
S00003160,2022,P07,True,True,False,False
S00100059,2022,P07,True,True,False,False
S00088664,2022,P07,True,True,False,False
S00034107,2022,P07,True,True,False,False
S00063394,2022,P07,True,True,False,False
S00085400,2022,P07,True,True,False,False
S00003337,2022,P07,True,True,False,False
S00024045,2022,P07,True,True,False,False
S00104243,2022,P07,True,True,False,False
S00077181,2022,P07,True,True,False,False
S00028553,2022,P07,True,True,False,False
S00087929,2022,P07,True,True,False,False
S00091192,2022,P07,True,True,False,False
S00019356,2022,P07,True,True,False,False
S00064160,2022,P07,True,True,False,False
S00074651,2022,P07,True,True,False,False
S00003750,2022,P07,True,False,True,False
S00060125,2022,P07,True,False,True,False
S00044003,2022,P07,True,False,True,False
S00096791,2022,P07,True,True,False,False
S00041562,2022,P07,True,True,False,False
S00027065,2022,P07,True,True,False,False
S00035293,2022,P07,True,True,False,False
S00019010,2022,P07,True,False,True,False
S00006226,2022,P07,True,True,False,False
S00052023,2022,P07,True,True,False,False
S00102397,2022,P07,True,True,False,False
S00004521,2022,P07,True,True,False,False
S00042302,2022,P07,True,True,False,False
S00118317,2022,P07,True,False,True,False
S00081593,2022,P07,True,True,False,False
S00098756,2022,P07,True,True,False,False
S00074270,2022,P07,True,True,False,False
S00001300,2022,P07,True,True,False,False
S00087456,2022,P07,True,True,False,False
S00004415,2022,P07,True,False,True,False
S00034286,2022,P07,True,False,True,False
S00090239,2022,P07,True,True,False,False
S00031347,2022,P07,True,True,False,False
S00103042,2022,P07,True,True,False,False
S00066729,2022,P07,True,True,False,False
S00089012,2022,P07,True,False,True,False
S00091417,2022,P07,True,True,False,False
S00043466,2022,P07,True,True,False,False
S00067775,2022,P07,True,True,False,False
S00035616,2022,P07,True,True,False,False
S00013888,2022,P07,True,True,False,False
S00116932,2022,P07,True,False,True,False
S00007965,2022,P07,True,True,False,False
S00088933,2022,P07,True,True,False,False
S00100539,2022,P07,True,True,False,False
S00036943,2022,P07,True,True,False,False
S00089787,2022,P07,True,True,False,False
S00024004,2022,P07,True,True,False,False
S00119934,2022,P07,True,True,False,False
S00033283,2022,P07,True,False,True,False
S00105003,2022,P07,True,False,True,False
S00014126,2022,P07,True,True,False,False
S00095924,2022,P07,True,True,False,False
S00037269,2022,P07,True,False,True,False
S00031707,2022,P07,True,True,False,False
S00013092,2022,P07,True,False,True,False
S00080676,2022,P07,True,True,False,False
S00060489,2022,P07,True,False,True,False
S00069328,2022,P07,True,True,False,False
S00014704,2022,P07,True,True,False,False
S00102335,2022,P07,True,False,True,False
S00096604,2022,P07,True,False,True,False
S00105943,2022,P07,True,True,False,False
S00045122,2022,P07,True,True,False,False
S00007298,2022,P07,True,True,False,False
S00049018,2022,P07,True,True,False,False
S00078126,2022,P07,True,True,False,False
S00102379,2022,P07,True,False,True,False
S00060375,2022,P07,True,True,False,False
S00064770,2022,P07,True,True,False,False
S00082482,2022,P07,True,False,True,False
S00010020,2022,P07,True,True,False,False
S00055807,2022,P07,True,True,False,False
S00057857,2022,P07,True,True,False,False
S00034562,2022,P07,True,True,False,False
S00047062,2022,P07,True,True,False,False
S00055415,2022,P07,True,False,True,False
S00069123,2022,P07,True,True,False,False
S00038367,2022,P07,True,True,False,False
S00076189,2022,P07,True,True,False,False
S00109350,2022,P07,True,True,False,False
S00079956,2022,P07,True,True,False,False
S00003801,2022,P07,True,False,True,False
S00000032,2022,P07,True,True,False,False
S00112794,2022,P07,True,False,True,False
S00107990,2022,P07,True,True,False,False
S00098067,2022,P07,True,True,False,False
S00016015,2022,P07,True,False,True,False
S00067103,2022,P07,True,True,False,False
S00021660,2022,P07,True,True,False,False
S00034899,2022,P07,True,True,False,False
S00002694,2022,P07,True,False,True,False
S00064622,2022,P07,True,False,True,False
S00032281,2022,P07,True,True,False,False
S00065962,2022,P07,True,True,False,False
S00002229,2022,P07,True,True,False,False
S00042614,2022,P07,True,False,True,False
S00112219,2022,P07,True,True,False,False
S00085997,2022,P07,True,True,False,False
S00058038,2022,P07,True,True,False,False
S00066717,2022,P07,True,False,True,False
S00020133,2022,P08,True,False,True,False
S00071376,2022,P08,True,False,True,False
S00048677,2022,P08,True,False,True,False
S00013337,2022,P08,True,True,False,False
S00014451,2022,P08,True,True,False,False
S00010203,2022,P08,True,False,True,False
S00078177,2022,P08,True,False,True,False
S00007643,2022,P08,True,False,True,False
S00000033,2022,P08,True,False,True,False
S00065893,2022,P08,True,False,True,False
S00078682,2022,P08,True,False,True,False
S00045502,2022,P08,True,True,False,False
S00071545,2022,P08,True,True,False,False
S00034785,2022,P08,True,True,False,False
S00085627,2022,P08,True,True,False,False
S00035404,2022,P08,True,True,False,False
S00095449,2022,P08,True,True,False,False
S00074294,2022,P08,True,True,False,False
S00021729,2022,P08,True,True,False,False
S00020632,2022,P08,True,True,False,False
S00017251,2022,P08,True,True,False,False
S00087257,2022,P08,True,True,False,False
S00017543,2022,P08,True,True,False,False
S00036220,2022,P08,True,True,False,False
S00085721,2022,P08,True,False,True,False
S00064557,2022,P08,True,True,False,False
S00086550,2022,P08,True,True,False,False
S00058247,2022,P08,True,True,False,False
S00082758,2022,P08,True,False,True,False
S00090907,2022,P08,True,True,False,False
S00087110,2022,P08,True,True,False,False
S00100921,2022,P08,True,False,True,False
S00032132,2022,P08,True,True,False,False
S00063238,2022,P08,True,True,False,False
S00026650,2022,P08,True,True,False,False
S00064635,2022,P08,True,True,False,False
S00058396,2022,P08,True,True,False,False
S00057421,2022,P08,True,True,False,False
S00051870,2022,P08,True,True,False,False
S00012775,2022,P08,True,True,False,False
S00074749,2022,P08,True,True,False,False
S00096015,2022,P08,True,False,True,False
S00075630,2022,P08,True,True,False,False
S00081536,2022,P08,True,False,True,False
S00007161,2022,P08,True,False,True,False
S00036462,2022,P08,True,True,False,False
S00088787,2022,P08,True,True,False,False
S00090800,2022,P08,True,True,False,False
S00109042,2022,P08,True,True,False,False
S00066272,2022,P08,True,True,False,False
S00018496,2022,P08,True,True,False,False
S00009697,2022,P08,True,True,False,False
S00089109,2022,P08,True,True,False,False
S00109569,2022,P08,True,True,False,False
S00097448,2022,P08,True,True,False,False
S00053992,2022,P08,True,True,False,False
S00058572,2022,P08,True,True,False,False
S00012603,2022,P08,True,True,False,False
S00090067,2022,P08,True,False,True,False
S00057997,2022,P08,True,True,False,False
S00043939,2022,P08,True,True,False,False
S00000832,2022,P08,True,False,True,False
S00065167,2022,P08,True,True,False,False
S00100675,2022,P08,True,True,False,False
S00032352,2022,P08,True,False,True,False
S00002182,2022,P08,True,False,True,False
S00070945,2022,P08,True,True,False,False
S00100661,2022,P08,True,True,False,False
S00100244,2022,P08,True,True,False,False
S00068770,2022,P08,True,False,True,False
S00057164,2022,P08,True,True,False,False
S00040517,2022,P08,True,True,False,False
S00008527,2022,P08,True,True,False,False
S00078558,2022,P08,True,False,True,False
S00092384,2022,P08,True,True,False,False
S00043327,2022,P08,True,True,False,False
S00018746,2022,P08,True,True,False,False
S00098148,2022,P08,True,True,False,False
S00063925,2022,P08,True,True,False,False
S00092483,2022,P08,True,True,False,False
S00120285,2022,P08,True,False,True,False
S00027503,2022,P08,True,True,False,False
S00017117,2022,P08,True,True,False,False
S00052277,2022,P08,True,True,False,False
S00052286,2022,P08,True,True,False,False
S00044368,2022,P08,True,True,False,False
S00035768,2022,P08,True,True,False,False
S00104272,2022,P08,True,False,True,False
S00097234,2022,P08,True,False,True,False
S00047511,2022,P08,True,True,False,False
S00093858,2022,P08,True,False,True,False
S00021999,2022,P08,True,True,False,False
S00062414,2022,P08,True,True,False,False
S00105763,2022,P08,True,True,False,False
S00108141,2022,P08,True,True,False,False
S00011481,2022,P08,True,True,False,False
S00106855,2022,P08,True,False,True,False
S00090208,2022,P08,True,True,False,False
S00043590,2022,P08,True,True,False,False
S00055050,2022,P08,True,True,False,False
S00087505,2022,P08,True,True,False,False
S00111583,2022,P08,True,True,False,False
S00091459,2022,P08,True,True,False,False
S00000933,2022,P08,True,False,True,False
S00094545,2022,P08,True,True,False,False
S00038525,2022,P08,True,False,True,False
S00085011,2022,P08,True,False,True,False
S00063598,2022,P08,True,True,False,False
S00109630,2022,P08,True,False,True,False
S00063101,2022,P08,True,True,False,False
S00008511,2022,P08,True,True,False,False
S00012015,2022,P08,True,True,False,False
S00102117,2022,P08,True,True,False,False
S00004857,2022,P08,True,True,False,False
S00040864,2022,P08,True,True,False,False
S00112707,2022,P08,True,True,False,False
S00106962,2022,P08,True,True,False,False
S00117696,2022,P08,True,True,False,False
S00097894,2022,P08,True,True,False,False
S00107469,2022,P08,True,True,False,False
S00000195,2022,P08,True,True,False,False
S00061647,2022,P08,True,True,False,False
S00085287,2022,P08,True,True,False,False
S00077284,2022,P08,True,False,True,False
S00089259,2022,P08,True,True,False,False
S00104381,2023,P01,True,True,False,True
S00036646,2023,P01,True,True,False,True
S00036729,2023,P01,True,True,False,True
S00006665,2023,P01,True,True,False,True
S00014984,2023,P01,True,True,False,True
S00042836,2023,P01,True,True,False,True
S00101653,2023,P01,True,True,False,True
S00013029,2023,P01,True,False,True,True
S00013646,2023,P01,True,True,False,True
S00083875,2023,P01,True,False,True,True
S00102264,2023,P01,True,True,False,True
S00098292,2023,P01,True,True,False,True
S00052300,2023,P01,True,False,True,True
S00061319,2023,P01,True,True,False,True
S00069734,2023,P01,True,True,False,True
S00078686,2023,P01,True,True,False,True
S00108061,2023,P01,True,True,False,True
S00026925,2023,P01,True,False,True,True
S00084518,2023,P01,True,True,False,True
S00032728,2023,P01,True,True,False,True
S00011782,2023,P01,True,False,True,True
S00029590,2023,P01,True,True,False,True
S00008221,2023,P01,True,True,False,True
S00104067,2023,P01,True,False,True,True
S00066904,2023,P01,True,True,False,True
S00043723,2023,P01,True,True,False,True
S00054752,2023,P01,True,True,False,True
S00010991,2023,P01,True,True,False,True
S00107378,2023,P01,True,True,False,True
S00049680,2023,P01,True,False,True,True
S00024271,2023,P01,True,True,False,True
S00110513,2023,P01,True,True,False,True
S00012379,2023,P01,True,True,False,True
S00010098,2023,P01,True,True,False,True
S00001605,2023,P01,True,True,False,True
S00072135,2023,P01,True,True,False,True
S00067804,2023,P01,True,False,True,True
S00120119,2023,P01,True,False,True,True
S00055067,2023,P01,True,True,False,True
S00103178,2023,P01,True,False,True,True
S00010643,2023,P01,True,True,False,True
S00069450,2023,P01,True,False,True,True
S00099613,2023,P01,True,False,True,True
S00101359,2023,P01,True,False,True,True
S00120038,2023,P01,True,True,False,True
S00083750,2023,P01,True,True,False,True
S00098485,2023,P01,True,True,False,True
S00071863,2023,P01,True,True,False,True
S00084952,2023,P01,True,True,False,True
S00090654,2023,P01,True,False,True,True
S00097357,2023,P01,True,True,False,True
S00102695,2023,P01,True,True,False,True
S00076256,2023,P01,True,True,False,True
S00112168,2023,P01,True,True,False,True
S00009830,2023,P01,True,True,False,True
S00069944,2023,P01,True,True,False,True
S00009251,2023,P01,True,False,True,True
S00030281,2023,P01,True,True,False,True
S00053483,2023,P01,True,False,True,True
S00060181,2023,P01,True,False,True,True
S00038689,2023,P01,True,False,True,True
S00077267,2023,P01,True,False,True,True
S00028701,2023,P01,True,True,False,True
S00011922,2023,P01,True,True,False,True
S00094264,2023,P01,True,True,False,True
S00070111,2023,P01,True,True,False,True
S00075984,2023,P01,True,True,False,True
S00106400,2023,P01,True,True,False,True
S00023956,2023,P01,True,True,False,True
S00019424,2023,P01,True,True,False,True
S00055107,2023,P01,True,False,True,True
S00044249,2023,P01,True,True,False,True
S00072025,2023,P01,True,True,False,True
S00041118,2023,P01,True,True,False,True
S00093732,2023,P01,True,True,False,True
S00050180,2023,P01,True,False,True,True
S00118746,2023,P01,True,True,False,True
S00096802,2023,P01,True,True,False,True
S00096025,2023,P01,True,False,True,True
S00053033,2023,P01,True,True,False,True
S00119259,2023,P01,True,False,True,True
S00111058,2023,P01,True,True,False,True
S00087261,2023,P01,True,True,False,True
S00032261,2023,P01,True,False,True,True
S00011150,2023,P01,True,True,False,True
S00099329,2023,P01,True,True,False,True
S00105117,2023,P01,True,False,True,True
S00093214,2023,P01,True,True,False,True
S00058771,2023,P01,True,True,False,True
S00032766,2023,P01,True,False,True,True
S00048185,2023,P01,True,True,False,True
S00066920,2023,P01,True,False,True,True
S00103947,2023,P01,True,True,False,True
S00055719,2023,P01,True,True,False,True
S00071357,2023,P01,True,False,True,True
S00023890,2023,P01,True,True,False,True
S00118768,2023,P01,True,True,False,True
S00028528,2023,P01,True,False,True,True
S00026615,2023,P01,True,True,False,True
S00028769,2023,P01,True,True,False,True
S00081702,2023,P01,True,True,False,True
S00013279,2023,P01,True,True,False,True
S00119759,2023,P01,True,True,False,True
S00065414,2023,P01,True,True,False,True
S00103681,2023,P01,True,False,True,True
S00083320,2023,P01,True,False,True,True
S00018800,2023,P01,True,True,False,True
S00092075,2023,P01,True,True,False,True
S00000570,2023,P01,True,True,False,True
S00104367,2023,P01,True,True,False,True
S00090447,2023,P01,True,True,False,True
S00114670,2023,P01,True,True,False,True
S00041414,2023,P01,True,True,False,True
S00029120,2023,P01,True,True,False,True
S00095106,2023,P01,True,True,False,True
S00021886,2023,P01,True,True,False,True
S00123965,2023,P01,True,True,False,True
S00023003,2023,P01,True,True,False,True
S00047845,2023,P01,True,True,False,True
S00109964,2023,P01,True,True,False,True
S00049375,2023,P01,True,True,False,True
S00009272,2023,P01,True,True,False,True
S00082207,2023,P01,True,True,False,True
S00014161,2023,P01,True,True,False,True
S00083346,2023,P01,True,True,False,True
S00016464,2023,P02,True,True,False,True
S00066719,2023,P02,True,True,False,True
S00005842,2023,P02,True,True,False,True
S00004138,2023,P02,True,True,False,True
S00058084,2023,P02,True,True,False,True
S00094851,2023,P02,True,True,False,True
S00093516,2023,P02,True,False,True,True
S00047066,2023,P02,True,True,False,True
S00085335,2023,P02,True,True,False,True
S00033888,2023,P02,True,True,False,True
S00099795,2023,P02,True,True,False,True
S00035522,2023,P02,True,True,False,True
S00012304,2023,P02,True,True,False,True
S00094308,2023,P02,True,True,False,True
S00088399,2023,P02,True,True,False,True
S00094067,2023,P02,True,True,False,True
S00020572,2023,P02,True,True,False,True
S00078535,2023,P02,True,True,False,True
S00045654,2023,P02,True,True,False,True
S00022436,2023,P02,True,True,False,True
S00043113,2023,P02,True,True,False,True
S00110405,2023,P02,True,True,False,True
S00078898,2023,P02,True,True,False,True
S00034153,2023,P02,True,False,True,True
S00113126,2023,P02,True,True,False,True
S00033056,2023,P02,True,True,False,True
S00039072,2023,P02,True,False,True,True
S00039891,2023,P02,True,True,False,True
S00091781,2023,P02,True,True,False,True
S00106942,2023,P02,True,True,False,True
S00058594,2023,P02,True,True,False,True
S00086365,2023,P02,True,False,True,True
S00069505,2023,P02,True,False,True,True
S00098643,2023,P02,True,True,False,True
S00103395,2023,P02,True,True,False,True
S00061689,2023,P02,True,False,True,True
S00037934,2023,P02,True,True,False,True
S00118264,2023,P02,True,True,False,True
S00043791,2023,P02,True,True,False,True
S00022160,2023,P02,True,False,True,True
S00088550,2023,P02,True,False,True,True
S00105637,2023,P02,True,True,False,True
S00020757,2023,P02,True,False,True,True
S00052350,2023,P02,True,True,False,True
S00101728,2023,P02,True,False,True,True
S00087191,2023,P02,True,True,False,True
S00112736,2023,P02,True,False,True,True
S00070625,2023,P02,True,True,False,True
S00071235,2023,P02,True,True,False,True
S00115336,2023,P02,True,True,False,True
S00070231,2023,P02,True,False,True,True
S00093267,2023,P02,True,False,True,True
S00083596,2023,P02,True,True,False,True
S00068415,2023,P02,True,True,False,True
S00069306,2023,P02,True,True,False,True
S00026358,2023,P02,True,True,False,True
S00069230,2023,P02,True,True,False,True
S00050356,2023,P02,True,True,False,True
S00107453,2023,P02,True,True,False,True
S00005187,2023,P02,True,True,False,True
S00042545,2023,P02,True,True,False,True
S00125111,2023,P02,True,True,False,True
S00124904,2023,P02,True,True,False,True
S00064043,2023,P02,True,True,False,True
S00018860,2023,P02,True,True,False,True
S00107739,2023,P02,True,True,False,True
S00091673,2023,P02,True,True,False,True
S00116405,2023,P02,True,True,False,True
S00021408,2023,P02,True,False,True,True
S00112353,2023,P02,True,True,False,True
S00109713,2023,P02,True,False,True,True
S00113685,2023,P02,True,True,False,True
S00048364,2023,P02,True,False,True,True
S00027818,2023,P02,True,True,False,True
S00117764,2023,P02,True,True,False,True
S00033330,2023,P02,True,True,False,True
S00048133,2023,P02,True,False,True,True
S00103779,2023,P02,True,True,False,True
S00059755,2023,P02,True,True,False,True
S00096927,2023,P02,True,True,False,True
S00070390,2023,P02,True,True,False,True
S00000914,2023,P02,True,True,False,True
S00101195,2023,P02,True,True,False,True
S00091954,2023,P02,True,False,True,True
S00120981,2023,P02,True,True,False,True
S00103158,2023,P02,True,True,False,True
S00010155,2023,P02,True,True,False,True
S00126402,2023,P02,True,False,True,True
S00106423,2023,P02,True,False,True,True
S00065601,2023,P02,True,True,False,True
S00087994,2023,P02,True,True,False,True
S00088270,2023,P02,True,True,False,True
S00023242,2023,P02,True,True,False,True
S00107889,2023,P02,True,True,False,True
S00043455,2023,P02,True,True,False,True
S00055041,2023,P02,True,False,True,True
S00090240,2023,P02,True,True,False,True
S00016385,2023,P02,True,True,False,True
S00094475,2023,P02,True,True,False,True
S00108643,2023,P02,True,True,False,True
S00060419,2023,P02,True,True,False,True
S00021654,2023,P02,True,False,True,True
S00000444,2023,P02,True,True,False,True
S00081477,2023,P02,True,True,False,True
S00001936,2023,P02,True,False,True,True
S00020861,2023,P02,True,True,False,True
S00024906,2023,P02,True,True,False,True
S00030559,2023,P02,True,False,True,True
S00066420,2023,P02,True,False,True,True
S00089898,2023,P02,True,False,True,True
S00016788,2023,P02,True,True,False,True
S00114437,2023,P02,True,True,False,True
S00036122,2023,P02,True,True,False,True
S00010051,2023,P02,True,True,False,True
S00006605,2023,P02,True,False,True,True
S00048926,2023,P02,True,True,False,True
S00116474,2023,P02,True,True,False,True
S00098637,2023,P02,True,False,True,True
S00110665,2023,P02,True,False,True,True
S00060585,2023,P02,True,False,True,True
S00104989,2023,P02,True,True,False,True
S00102702,2023,P02,True,False,True,True
S00011681,2023,P02,True,True,False,True
S00071372,2023,P02,True,True,False,True
S00037952,2023,P02,True,True,False,True
S00069822,2023,P03,True,True,False,False
S00038276,2023,P03,True,True,False,False
S00103975,2023,P03,True,False,True,False
S00071532,2023,P03,True,True,False,False
S00035252,2023,P03,True,True,False,False
S00104606,2023,P03,True,True,False,False
S00078117,2023,P03,True,False,True,False
S00067265,2023,P03,True,True,False,False
S00066641,2023,P03,True,True,False,False
S00025524,2023,P03,True,False,True,False
S00102199,2023,P03,True,True,False,False
S00070733,2023,P03,True,True,False,False
S00074132,2023,P03,True,True,False,False
S00022260,2023,P03,True,True,False,False
S00105445,2023,P03,True,True,False,False
S00044349,2023,P03,True,True,False,False
S00021246,2023,P03,True,True,False,False
S00095548,2023,P03,True,True,False,False
S00109006,2023,P03,True,True,False,False
S00011965,2023,P03,True,False,True,False
S00047909,2023,P03,True,True,False,False
S00037345,2023,P03,True,False,True,False
S00118162,2023,P03,True,True,False,False
S00043460,2023,P03,True,True,False,False
S00108985,2023,P03,True,True,False,False
S00037573,2023,P03,True,False,True,False
S00076878,2023,P03,True,False,True,False
S00013450,2023,P03,True,True,False,False
S00109736,2023,P03,True,True,False,False
S00026278,2023,P03,True,False,True,False
S00024260,2023,P03,True,False,True,False
S00005995,2023,P03,True,True,False,False
S00048293,2023,P03,True,True,False,False
S00106426,2023,P03,True,True,False,False
S00049230,2023,P03,True,True,False,False
S00058009,2023,P03,True,True,False,False
S00078069,2023,P03,True,False,True,False
S00024085,2023,P03,True,True,False,False
S00065477,2023,P03,True,False,True,False
S00099631,2023,P03,True,False,True,False
S00094261,2023,P03,True,True,False,False
S00113482,2023,P03,True,True,False,False
S00103054,2023,P03,True,False,True,False
S00092782,2023,P03,True,True,False,False
S00066504,2023,P03,True,True,False,False
S00007290,2023,P03,True,False,True,False
S00114375,2023,P03,True,False,True,False
S00001759,2023,P03,True,False,True,False
S00010510,2023,P03,True,False,True,False
S00106188,2023,P03,True,True,False,False
S00016549,2023,P03,True,False,True,False
S00089397,2023,P03,True,False,True,False
S00035151,2023,P03,True,True,False,False
S00102729,2023,P03,True,False,True,False
S00091024,2023,P03,True,True,False,False
S00051859,2023,P03,True,False,True,False
S00055060,2023,P03,True,True,False,False
S00000023,2023,P03,True,True,False,False
S00093342,2023,P03,True,True,False,False
S00105292,2023,P03,True,True,False,False
S00104966,2023,P03,True,True,False,False
S00077253,2023,P03,True,True,False,False
S00013145,2023,P03,True,True,False,False
S00083259,2023,P03,True,True,False,False
S00050494,2023,P03,True,True,False,False
S00030694,2023,P03,True,True,False,False
S00105966,2023,P03,True,True,False,False
S00056663,2023,P03,True,True,False,False
S00091761,2023,P03,True,True,False,False
S00061971,2023,P03,True,False,True,False
S00068622,2023,P03,True,True,False,False
S00037453,2023,P03,True,True,False,False
S00000294,2023,P03,True,True,False,False
S00037441,2023,P03,True,False,True,False
S00099193,2023,P03,True,True,False,False
S00005488,2023,P03,True,True,False,False
S00038847,2023,P03,True,True,False,False
S00049196,2023,P03,True,True,False,False
S00003534,2023,P03,True,True,False,False
S00106481,2023,P03,True,True,False,False
S00075493,2023,P03,True,False,True,False
S00107006,2023,P03,True,True,False,False
S00032815,2023,P03,True,True,False,False
S00048237,2023,P03,True,False,True,False
S00001246,2023,P03,True,False,True,False
S00106320,2023,P03,True,True,False,False
S00091928,2023,P03,True,True,False,False
S00064908,2023,P03,True,True,False,False
S00052403,2023,P03,True,True,False,False
S00119441,2023,P03,True,True,False,False
S00057634,2023,P03,True,True,False,False
S00088495,2023,P03,True,True,False,False
S00010769,2023,P03,True,True,False,False
S00108714,2023,P03,True,True,False,False
S00123090,2023,P03,True,True,False,False
S00096326,2023,P03,True,True,False,False
S00104185,2023,P03,True,True,False,False
S00103547,2023,P03,True,False,True,False
S00113826,2023,P03,True,True,False,False
S00008553,2023,P03,True,True,False,False
S00084943,2023,P03,True,True,False,False
S00069381,2023,P03,True,True,False,False
S00097976,2023,P03,True,True,False,False
S00119957,2023,P03,True,True,False,False
S00113576,2023,P03,True,True,False,False
S00043954,2023,P03,True,True,False,False
S00122476,2023,P03,True,True,False,False
S00104539,2023,P03,True,True,False,False
S00071540,2023,P03,True,True,False,False
S00103471,2023,P03,True,True,False,False
S00060333,2023,P03,True,True,False,False
S00113277,2023,P03,True,False,True,False
S00047503,2023,P03,True,True,False,False
S00109114,2023,P03,True,False,True,False
S00017649,2023,P03,True,True,False,False
S00032053,2023,P03,True,True,False,False
S00078271,2023,P03,True,True,False,False
S00102355,2023,P03,True,True,False,False
S00045957,2023,P03,True,True,False,False
S00016913,2023,P03,True,True,False,False
S00096945,2023,P03,True,False,True,False
S00022862,2023,P03,True,True,False,False
S00034946,2023,P03,True,True,False,False
S00112777,2023,P03,True,True,False,False
S00082864,2023,P03,True,False,True,False
S00061550,2023,P04,True,True,False,False
S00026827,2023,P04,True,False,True,False
S00056116,2023,P04,True,False,True,False
S00079177,2023,P04,True,False,True,False
S00026233,2023,P04,True,True,False,False
S00016904,2023,P04,True,True,False,False
S00025937,2023,P04,True,False,True,False
S00002719,2023,P04,True,True,False,False
S00025673,2023,P04,True,True,False,False
S00107814,2023,P04,True,True,False,False
S00009196,2023,P04,True,False,True,False
S00023209,2023,P04,True,False,True,False
S00062777,2023,P04,True,True,False,False
S00007397,2023,P04,True,True,False,False
S00120974,2023,P04,True,True,False,False
S00112642,2023,P04,True,True,False,False
S00073911,2023,P04,True,False,True,False
S00055184,2023,P04,True,True,False,False
S00028919,2023,P04,True,False,True,False
S00010697,2023,P04,True,True,False,False
S00024762,2023,P04,True,True,False,False
S00057404,2023,P04,True,False,True,False
S00023847,2023,P04,True,True,False,False
S00003473,2023,P04,True,True,False,False
S00056063,2023,P04,True,True,False,False
S00120942,2023,P04,True,True,False,False
S00063212,2023,P04,True,False,True,False
S00030009,2023,P04,True,True,False,False
S00052226,2023,P04,True,True,False,False
S00081343,2023,P04,True,True,False,False
S00092431,2023,P04,True,True,False,False
S00011456,2023,P04,True,True,False,False
S00094813,2023,P04,True,True,False,False
S00025491,2023,P04,True,False,True,False
S00024254,2023,P04,True,True,False,False
S00040719,2023,P04,True,True,False,False
S00023851,2023,P04,True,False,True,False
S00115157,2023,P04,True,True,False,False
S00104140,2023,P04,True,True,False,False
S00092560,2023,P04,True,False,True,False
S00013930,2023,P04,True,False,True,False
S00078692,2023,P04,True,True,False,False
S00097253,2023,P04,True,False,True,False
S00102737,2023,P04,True,True,False,False
S00031757,2023,P04,True,True,False,False
S00007595,2023,P04,True,True,False,False
S00065666,2023,P04,True,False,True,False
S00022954,2023,P04,True,True,False,False
S00008802,2023,P04,True,False,True,False
S00059803,2023,P04,True,True,False,False
S00111661,2023,P04,True,True,False,False
S00014914,2023,P04,True,False,True,False
S00100865,2023,P04,True,True,False,False
S00103325,2023,P04,True,True,False,False
S00043360,2023,P04,True,False,True,False
S00086929,2023,P04,True,False,True,False
S00096174,2023,P04,True,True,False,False
S00097897,2023,P04,True,True,False,False
S00046143,2023,P04,True,True,False,False
S00111864,2023,P04,True,True,False,False
S00066162,2023,P04,True,False,True,False
S00108418,2023,P04,True,False,True,False
S00018803,2023,P04,True,True,False,False
S00099191,2023,P04,True,True,False,False
S00111414,2023,P04,True,True,False,False
S00091172,2023,P04,True,True,False,False
S00010231,2023,P04,True,True,False,False
S00096501,2023,P04,True,True,False,False
S00111070,2023,P04,True,True,False,False
S00031745,2023,P04,True,True,False,False
S00059570,2023,P04,True,False,True,False
S00051386,2023,P04,True,False,True,False
S00004393,2023,P04,True,True,False,False
S00077300,2023,P04,True,True,False,False
S00093075,2023,P04,True,True,False,False
S00049972,2023,P04,True,True,False,False
S00110880,2023,P04,True,True,False,False
S00079491,2023,P04,True,True,False,False
S00048960,2023,P04,True,True,False,False
S00056211,2023,P04,True,True,False,False
S00034301,2023,P04,True,True,False,False
S00101951,2023,P04,True,True,False,False
S00016198,2023,P04,True,True,False,False
S00047412,2023,P04,True,True,False,False
S00076454,2023,P04,True,True,False,False
S00114747,2023,P04,True,True,False,False
S00009208,2023,P04,True,True,False,False
S00049694,2023,P04,True,True,False,False
S00007722,2023,P04,True,True,False,False
S00041318,2023,P04,True,False,True,False
S00008093,2023,P04,True,True,False,False
S00020028,2023,P04,True,True,False,False
S00079236,2023,P04,True,True,False,False
S00053336,2023,P04,True,True,False,False
S00092325,2023,P04,True,True,False,False
S00107182,2023,P04,True,True,False,False
S00011305,2023,P04,True,True,False,False
S00087887,2023,P04,True,False,True,False
S00054210,2023,P04,True,True,False,False
S00024160,2023,P04,True,True,False,False
S00115353,2023,P04,True,True,False,False
S00073356,2023,P04,True,False,True,False
S00063837,2023,P04,True,True,False,False
S00121441,2023,P04,True,True,False,False
S00111724,2023,P04,True,True,False,False
S00022496,2023,P04,True,True,False,False
S00041101,2023,P04,True,True,False,False
S00067166,2023,P04,True,True,False,False
S00038175,2023,P04,True,True,False,False
S00018294,2023,P04,True,False,True,False
S00112677,2023,P04,True,True,False,False
S00119366,2023,P04,True,True,False,False
S00121456,2023,P04,True,True,False,False
S00007313,2023,P04,True,True,False,False
S00055835,2023,P04,True,False,True,False
S00029320,2023,P04,True,True,False,False
S00057494,2023,P04,True,True,False,False
S00086504,2023,P04,True,False,True,False
S00032100,2023,P04,True,True,False,False
S00005134,2023,P04,True,False,True,False
S00067537,2023,P04,True,True,False,False
S00055476,2023,P04,True,True,False,False
S00115425,2023,P04,True,True,False,False
S00041955,2023,P04,True,True,False,False
S00054733,2023,P04,True,True,False,False
S00086903,2023,P05,True,True,False,False
S00035090,2023,P05,True,False,True,False
S00084695,2023,P05,True,False,True,False
S00096150,2023,P05,True,True,False,False
S00113893,2023,P05,True,True,False,False
S00108354,2023,P05,True,False,True,False
S00070088,2023,P05,True,True,False,False
S00082099,2023,P05,True,False,True,False
S00046074,2023,P05,True,True,False,False
S00004028,2023,P05,True,False,True,False
S00036423,2023,P05,True,True,False,False
S00072833,2023,P05,True,False,True,False
S00048571,2023,P05,True,True,False,False
S00100758,2023,P05,True,True,False,False
S00092293,2023,P05,True,True,False,False
S00000407,2023,P05,True,True,False,False
S00000336,2023,P05,True,True,False,False
S00041060,2023,P05,True,True,False,False
S00030489,2023,P05,True,False,True,False
S00012069,2023,P05,True,True,False,False
S00060529,2023,P05,True,False,True,False
S00071524,2023,P05,True,True,False,False
S00001386,2023,P05,True,True,False,False
S00053236,2023,P05,True,True,False,False
S00074698,2023,P05,True,True,False,False
S00080076,2023,P05,True,True,False,False
S00087798,2023,P05,True,True,False,False
S00082566,2023,P05,True,True,False,False
S00083843,2023,P05,True,True,False,False
S00036486,2023,P05,True,False,True,False
S00050914,2023,P05,True,True,False,False
S00090628,2023,P05,True,False,True,False
S00099955,2023,P05,True,True,False,False
S00005618,2023,P05,True,True,False,False
S00106194,2023,P05,True,True,False,False
S00013731,2023,P05,True,True,False,False
S00112126,2023,P05,True,True,False,False
S00011274,2023,P05,True,True,False,False
S00045129,2023,P05,True,True,False,False
S00034392,2023,P05,True,True,False,False
S00090311,2023,P05,True,True,False,False
S00089214,2023,P05,True,False,True,False
S00096060,2023,P05,True,False,True,False
S00103607,2023,P05,True,True,False,False
S00061542,2023,P05,True,True,False,False
S00099909,2023,P05,True,True,False,False
S00113929,2023,P05,True,True,False,False
S00033151,2023,P05,True,True,False,False
S00084335,2023,P05,True,True,False,False
S00045370,2023,P05,True,True,False,False
S00105845,2023,P05,True,True,False,False
S00026109,2023,P05,True,False,True,False
S00099076,2023,P05,True,True,False,False
S00095212,2023,P05,True,True,False,False
S00067245,2023,P05,True,True,False,False
S00104379,2023,P05,True,True,False,False
S00050965,2023,P05,True,False,True,False
S00108292,2023,P05,True,True,False,False
S00009894,2023,P05,True,True,False,False
S00120663,2023,P05,True,False,True,False
S00115737,2023,P05,True,True,False,False
S00033572,2023,P05,True,True,False,False
S00047930,2023,P05,True,False,True,False
S00064874,2023,P05,True,True,False,False
S00006013,2023,P05,True,True,False,False
S00080151,2023,P05,True,False,True,False
S00078015,2023,P05,True,True,False,False
S00013032,2023,P05,True,True,False,False
S00102864,2023,P05,True,True,False,False
S00048792,2023,P05,True,True,False,False
S00020649,2023,P05,True,False,True,False
S00102637,2023,P05,True,True,False,False
S00061735,2023,P05,True,False,True,False
S00024980,2023,P05,True,True,False,False
S00017544,2023,P05,True,False,True,False
S00038309,2023,P05,True,True,False,False
S00052247,2023,P05,True,True,False,False
S00059141,2023,P05,True,True,False,False
S00089691,2023,P05,True,True,False,False
S00042088,2023,P05,True,True,False,False
S00071586,2023,P05,True,True,False,False
S00104929,2023,P05,True,True,False,False
S00104833,2023,P05,True,False,True,False
S00069383,2023,P05,True,True,False,False
S00040970,2023,P05,True,True,False,False
S00107088,2023,P05,True,False,True,False
S00027579,2023,P05,True,False,True,False
S00081853,2023,P05,True,True,False,False
S00089943,2023,P05,True,True,False,False
S00098495,2023,P05,True,True,False,False
S00091059,2023,P05,True,True,False,False
S00104830,2023,P05,True,True,False,False
S00036313,2023,P05,True,False,True,False
S00103336,2023,P05,True,False,True,False
S00092517,2023,P05,True,True,False,False
S00107188,2023,P05,True,True,False,False
S00033627,2023,P05,True,True,False,False
S00095635,2023,P05,True,True,False,False
S00039695,2023,P05,True,True,False,False
S00097602,2023,P05,True,True,False,False
S00014933,2023,P05,True,True,False,False
S00102978,2023,P05,True,True,False,False
S00041092,2023,P05,True,True,False,False
S00092060,2023,P05,True,True,False,False
S00054144,2023,P05,True,True,False,False
S00095203,2023,P05,True,False,True,False
S00113884,2023,P05,True,True,False,False
S00105622,2023,P05,True,True,False,False
S00042301,2023,P05,True,True,False,False
S00079795,2023,P05,True,True,False,False
S00011120,2023,P05,True,False,True,False
S00079508,2023,P05,True,True,False,False
S00046905,2023,P05,True,False,True,False
S00000108,2023,P05,True,True,False,False
S00075846,2023,P05,True,True,False,False
S00098971,2023,P05,True,False,True,False
S00075738,2023,P05,True,True,False,False
S00107446,2023,P05,True,False,True,False
S00108715,2023,P05,True,True,False,False
S00041284,2023,P05,True,True,False,False
S00083166,2023,P05,True,True,False,False
S00107324,2023,P05,True,True,False,False
S00079888,2023,P05,True,False,True,False
S00036936,2023,P05,True,True,False,False
S00077717,2023,P05,True,True,False,False
S00068706,2023,P06,True,True,False,False
S00046511,2023,P06,True,True,False,False
S00090413,2023,P06,True,True,False,False
S00066710,2023,P06,True,False,True,False
S00101166,2023,P06,True,True,False,False
S00070707,2023,P06,True,True,False,False
S00072503,2023,P06,True,True,False,False
S00087259,2023,P06,True,True,False,False
S00112877,2023,P06,True,True,False,False
S00014722,2023,P06,True,True,False,False
S00029059,2023,P06,True,True,False,False
S00062430,2023,P06,True,True,False,False
S00019081,2023,P06,True,True,False,False
S00002516,2023,P06,True,True,False,False
S00056979,2023,P06,True,True,False,False
S00061718,2023,P06,True,True,False,False
S00032330,2023,P06,True,False,True,False
S00083413,2023,P06,True,True,False,False
S00076756,2023,P06,True,True,False,False
S00029401,2023,P06,True,True,False,False
S00093735,2023,P06,True,False,True,False
S00041255,2023,P06,True,True,False,False
S00020123,2023,P06,True,True,False,False
S00112664,2023,P06,True,True,False,False
S00054167,2023,P06,True,True,False,False
S00124327,2023,P06,True,True,False,False
S00046479,2023,P06,True,True,False,False
S00082404,2023,P06,True,False,True,False
S00068611,2023,P06,True,True,False,False
S00022433,2023,P06,True,False,True,False
S00027824,2023,P06,True,False,True,False
S00030084,2023,P06,True,True,False,False
S00079028,2023,P06,True,False,True,False
S00034183,2023,P06,True,True,False,False
S00039362,2023,P06,True,True,False,False
S00093406,2023,P06,True,True,False,False
S00123489,2023,P06,True,False,True,False
S00084235,2023,P06,True,False,True,False
S00096764,2023,P06,True,True,False,False
S00086522,2023,P06,True,True,False,False
S00040946,2023,P06,True,True,False,False
S00006174,2023,P06,True,True,False,False
S00115334,2023,P06,True,True,False,False
S00110280,2023,P06,True,True,False,False
S00034160,2023,P06,True,True,False,False
S00067462,2023,P06,True,True,False,False
S00111367,2023,P06,True,True,False,False
S00074322,2023,P06,True,True,False,False
S00062820,2023,P06,True,True,False,False
S00066137,2023,P06,True,False,True,False
S00026856,2023,P06,True,False,True,False
S00102746,2023,P06,True,True,False,False
S00050826,2023,P06,True,False,True,False
S00044196,2023,P06,True,False,True,False
S00102042,2023,P06,True,True,False,False
S00079681,2023,P06,True,True,False,False
S00014108,2023,P06,True,True,False,False
S00110781,2023,P06,True,True,False,False
S00099323,2023,P06,True,False,True,False
S00057073,2023,P06,True,True,False,False
S00107970,2023,P06,True,False,True,False
S00064071,2023,P06,True,True,False,False
S00084520,2023,P06,True,False,True,False
S00080499,2023,P06,True,True,False,False
S00124558,2023,P06,True,True,False,False
S00123239,2023,P06,True,True,False,False
S00119748,2023,P06,True,False,True,False
S00094057,2023,P06,True,True,False,False
S00057911,2023,P06,True,True,False,False
S00032372,2023,P06,True,False,True,False
S00092440,2023,P06,True,True,False,False
S00006301,2023,P06,True,True,False,False
S00060037,2023,P06,True,True,False,False
S00048193,2023,P06,True,False,True,False
S00058306,2023,P06,True,True,False,False
S00067551,2023,P06,True,True,False,False
S00114546,2023,P06,True,True,False,False
S00017707,2023,P06,True,True,False,False
S00018968,2023,P06,True,True,False,False
S00044610,2023,P06,True,True,False,False
S00063643,2023,P06,True,True,False,False
S00016777,2023,P06,True,True,False,False
S00061517,2023,P06,True,False,True,False
S00043352,2023,P06,True,True,False,False
S00120509,2023,P06,True,False,True,False
S00079084,2023,P06,True,True,False,False
S00071562,2023,P06,True,True,False,False
S00078500,2023,P06,True,True,False,False
S00108280,2023,P06,True,True,False,False
S00053769,2023,P06,True,True,False,False
S00014015,2023,P06,True,True,False,False
S00062104,2023,P06,True,False,True,False
S00096238,2023,P06,True,True,False,False
S00029726,2023,P06,True,True,False,False
S00112555,2023,P06,True,False,True,False
S00104410,2023,P06,True,True,False,False
S00077772,2023,P06,True,True,False,False
S00029904,2023,P06,True,True,False,False
S00116637,2023,P06,True,False,True,False
S00118230,2023,P06,True,True,False,False
S00037192,2023,P06,True,True,False,False
S00042579,2023,P06,True,True,False,False
S00059835,2023,P06,True,True,False,False
S00062012,2023,P06,True,True,False,False
S00015416,2023,P06,True,True,False,False
S00114246,2023,P06,True,False,True,False
S00016742,2023,P06,True,True,False,False
S00100564,2023,P06,True,True,False,False
S00106950,2023,P06,True,True,False,False
S00108157,2023,P06,True,True,False,False
S00111730,2023,P06,True,True,False,False
S00107204,2023,P06,True,True,False,False
S00070980,2023,P06,True,False,True,False
S00071587,2023,P06,True,False,True,False
S00126930,2023,P06,True,True,False,False
S00023714,2023,P06,True,True,False,False
S00032392,2023,P06,True,False,True,False
S00092827,2023,P06,True,False,True,False
S00105848,2023,P06,True,True,False,False
S00083640,2023,P06,True,True,False,False
S00002297,2023,P06,True,True,False,False
S00105514,2023,P06,True,True,False,False
S00067024,2023,P06,True,True,False,False
S00072551,2023,P06,True,False,True,False
S00039721,2023,P06,True,False,True,False
S00046749,2023,P07,True,True,False,False
S00047418,2023,P07,True,True,False,False
S00025779,2023,P07,True,True,False,False
S00063867,2023,P07,True,True,False,False
S00115959,2023,P07,True,True,False,False
S00075515,2023,P07,True,False,True,False
S00034376,2023,P07,True,True,False,False
S00013092,2023,P07,True,False,True,False
S00001300,2023,P07,True,True,False,False
S00102397,2023,P07,True,True,False,False
S00019356,2023,P07,True,True,False,False
S00124881,2023,P07,True,True,False,False
S00010301,2023,P07,True,True,False,False
S00074651,2023,P07,True,True,False,False
S00101763,2023,P07,True,False,True,False
S00086187,2023,P07,True,True,False,False
S00100539,2023,P07,True,False,True,False
S00093519,2023,P07,True,True,False,False
S00115709,2023,P07,True,True,False,False
S00078860,2023,P07,True,True,False,False
S00024045,2023,P07,True,True,False,False
S00066729,2023,P07,True,True,False,False
S00003337,2023,P07,True,False,True,False
S00113609,2023,P07,True,True,False,False
S00032510,2023,P07,True,False,True,False
S00052023,2023,P07,True,True,False,False
S00003160,2023,P07,True,True,False,False
S00114279,2023,P07,True,True,False,False
S00004415,2023,P07,True,True,False,False
S00090239,2023,P07,True,False,True,False
S00096780,2023,P07,True,False,True,False
S00094409,2023,P07,True,False,True,False
S00105943,2023,P07,True,True,False,False
S00042614,2023,P07,True,False,True,False
S00069442,2023,P07,True,False,True,False
S00009309,2023,P07,True,True,False,False
S00084359,2023,P07,True,True,False,False
S00094217,2023,P07,True,True,False,False
S00068027,2023,P07,True,False,True,False
S00076189,2023,P07,True,True,False,False
S00036731,2023,P07,True,True,False,False
S00063394,2023,P07,True,False,True,False
S00058038,2023,P07,True,False,True,False
S00086963,2023,P07,True,True,False,False
S00059003,2023,P07,True,True,False,False
S00098756,2023,P07,True,True,False,False
S00008538,2023,P07,True,False,True,False
S00038367,2023,P07,True,True,False,False
S00030556,2023,P07,True,True,False,False
S00077181,2023,P07,True,True,False,False
S00105002,2023,P07,True,True,False,False
S00080320,2023,P07,True,True,False,False
S00108777,2023,P07,True,True,False,False
S00124536,2023,P07,True,True,False,False
S00069328,2023,P07,True,True,False,False
S00020008,2023,P07,True,False,True,False
S00054602,2023,P07,True,True,False,False
S00020690,2023,P07,True,True,False,False
S00083946,2023,P07,True,True,False,False
S00010020,2023,P07,True,False,True,False
S00047532,2023,P07,True,False,True,False
S00113861,2023,P07,True,True,False,False
S00068204,2023,P07,True,True,False,False
S00107153,2023,P07,True,True,False,False
S00013228,2023,P07,True,True,False,False
S00082482,2023,P07,True,True,False,False
S00112219,2023,P07,True,False,True,False
S00042042,2023,P07,True,True,False,False
S00013888,2023,P07,True,True,False,False
S00083623,2023,P07,True,True,False,False
S00112593,2023,P07,True,True,False,False
S00053239,2023,P07,True,True,False,False
S00118475,2023,P07,True,True,False,False
S00051957,2023,P07,True,True,False,False
S00100796,2023,P07,True,True,False,False
S00088933,2023,P07,True,True,False,False
S00125802,2023,P07,True,True,False,False
S00107990,2023,P07,True,True,False,False
S00060125,2023,P07,True,True,False,False
S00079956,2023,P07,True,False,True,False
S00079272,2023,P07,True,True,False,False
S00003447,2023,P07,True,False,True,False
S00064735,2023,P07,True,True,False,False
S00026602,2023,P07,True,True,False,False
S00108571,2023,P07,True,True,False,False
S00017279,2023,P07,True,True,False,False
S00106222,2023,P07,True,False,True,False
S00067567,2023,P07,True,True,False,False
S00034899,2023,P07,True,True,False,False
S00110260,2023,P07,True,False,True,False
S00034286,2023,P07,True,True,False,False
S00081593,2023,P07,True,False,True,False
S00006226,2023,P07,True,True,False,False
S00032281,2023,P07,True,True,False,False
S00117808,2023,P07,True,True,False,False
S00101748,2023,P07,True,False,True,False
S00070166,2023,P07,True,True,False,False
S00126443,2023,P07,True,True,False,False
S00060375,2023,P07,True,True,False,False
S00061832,2023,P07,True,True,False,False
S00067103,2023,P07,True,False,True,False
S00028553,2023,P07,True,True,False,False
S00003750,2023,P07,True,True,False,False
S00124755,2023,P07,True,True,False,False
S00102379,2023,P07,True,True,False,False
S00031461,2023,P07,True,False,True,False
S00123301,2023,P07,True,True,False,False
S00064622,2023,P07,True,True,False,False
S00015091,2023,P07,True,False,True,False
S00069743,2023,P07,True,False,True,False
S00116932,2023,P07,True,True,False,False
S00067160,2023,P07,True,True,False,False
S00109606,2023,P07,True,True,False,False
S00023018,2023,P07,True,True,False,False
S00069722,2023,P07,True,False,True,False
S00092010,2023,P07,True,True,False,False
S00078265,2023,P07,True,True,False,False
S00093692,2023,P07,True,True,False,False
S00056693,2023,P07,True,True,False,False
S00083057,2023,P07,True,False,True,False
S00069123,2023,P07,True,True,False,False
S00102335,2023,P07,True,True,False,False
S00126645,2023,P07,True,True,False,False
S00041827,2023,P07,True,True,False,False
S00112302,2023,P07,True,True,False,False
S00020133,2023,P08,True,True,False,False
S00071545,2023,P08,True,True,False,False
S00046298,2023,P08,True,True,False,False
S00012775,2023,P08,True,True,False,False
S00069166,2023,P08,True,True,False,False
S00081002,2023,P08,True,True,False,False
S00068770,2023,P08,True,False,True,False
S00063238,2023,P08,True,False,True,False
S00027503,2023,P08,True,False,True,False
S00071376,2023,P08,True,True,False,False
S00097448,2023,P08,True,False,True,False
S00078177,2023,P08,True,False,True,False
S00092384,2023,P08,True,True,False,False
S00066272,2023,P08,True,False,True,False
S00074294,2023,P08,True,False,True,False
S00058247,2023,P08,True,False,True,False
S00000033,2023,P08,True,True,False,False
S00099394,2023,P08,True,True,False,False
S00009697,2023,P08,True,False,True,False
S00088787,2023,P08,True,True,False,False
S00008511,2023,P08,True,False,True,False
S00028843,2023,P08,True,True,False,False
S00102484,2023,P08,True,True,False,False
S00035404,2023,P08,True,True,False,False
S00007643,2023,P08,True,True,False,False
S00106496,2023,P08,True,True,False,False
S00013337,2023,P08,True,True,False,False
S00043327,2023,P08,True,True,False,False
S00090831,2023,P08,True,True,False,False
S00090800,2023,P08,True,True,False,False
S00081966,2023,P08,True,True,False,False
S00010203,2023,P08,True,True,False,False
S00078915,2023,P08,True,True,False,False
S00090067,2023,P08,True,True,False,False
S00064557,2023,P08,True,False,True,False
S00012015,2023,P08,True,True,False,False
S00070945,2023,P08,True,True,False,False
S00060841,2023,P08,True,True,False,False
S00099545,2023,P08,True,True,False,False
S00017251,2023,P08,True,True,False,False
S00112454,2023,P08,True,True,False,False
S00097809,2023,P08,True,False,True,False
S00023698,2023,P08,True,True,False,False
S00123204,2023,P08,True,True,False,False
S00065167,2023,P08,True,True,False,False
S00030675,2023,P08,True,True,False,False
S00109609,2023,P08,True,True,False,False
S00063925,2023,P08,True,True,False,False
S00085132,2023,P08,True,True,False,False
S00095449,2023,P08,True,True,False,False
S00082758,2023,P08,True,False,True,False
S00085721,2023,P08,True,True,False,False
S00105763,2023,P08,True,True,False,False
S00078682,2023,P08,True,False,True,False
S00036220,2023,P08,True,True,False,False
S00083979,2023,P08,True,True,False,False
S00067319,2023,P08,True,False,True,False
S00054628,2023,P08,True,False,True,False
S00074350,2023,P08,True,True,False,False
S00002252,2023,P08,True,True,False,False
S00105072,2023,P08,True,True,False,False
S00040352,2023,P08,True,False,True,False
S00109826,2023,P08,True,True,False,False
S00008010,2023,P08,True,True,False,False
S00058556,2023,P08,True,False,True,False
S00086550,2023,P08,True,False,True,False
S00081955,2023,P08,True,True,False,False
S00007214,2023,P08,True,False,True,False
S00048259,2023,P08,True,True,False,False
S00096057,2023,P08,True,True,False,False
S00114907,2023,P08,True,True,False,False
S00119248,2023,P08,True,True,False,False
S00023638,2023,P08,True,False,True,False
S00095827,2023,P08,True,True,False,False
S00121527,2023,P08,True,True,False,False
S00095198,2023,P08,True,False,True,False
S00074749,2023,P08,True,True,False,False
S00114858,2023,P08,True,True,False,False
S00115401,2023,P08,True,True,False,False
S00061647,2023,P08,True,True,False,False
S00096629,2023,P08,True,True,False,False
S00064120,2023,P08,True,True,False,False
S00049226,2023,P08,True,False,True,False
S00063598,2023,P08,True,True,False,False
S00075359,2023,P08,True,True,False,False
S00047511,2023,P08,True,True,False,False
S00053408,2023,P08,True,True,False,False
S00073112,2023,P08,True,False,True,False
S00070257,2023,P08,True,True,False,False
S00088071,2023,P08,True,True,False,False
S00044064,2023,P08,True,True,False,False
S00082269,2023,P08,True,True,False,False
S00042439,2023,P08,True,True,False,False
S00085627,2023,P08,True,False,True,False
S00096015,2023,P08,True,True,False,False
S00091459,2023,P08,True,True,False,False
S00112707,2023,P08,True,True,False,False
S00122221,2023,P08,True,True,False,False
S00000832,2023,P08,True,False,True,False
S00108141,2023,P08,True,False,True,False
S00065819,2023,P08,True,True,False,False
S00032132,2023,P08,True,True,False,False
S00062414,2023,P08,True,True,False,False
S00068101,2023,P08,True,True,False,False
S00058572,2023,P08,True,False,True,False
S00084306,2023,P08,True,True,False,False
S00078116,2023,P08,True,True,False,False
S00004857,2023,P08,True,False,True,False
S00104272,2023,P08,True,True,False,False
S00113179,2023,P08,True,False,True,False
S00021756,2023,P08,True,True,False,False
S00055050,2023,P08,True,True,False,False
S00021729,2023,P08,True,True,False,False
S00000195,2023,P08,True,True,False,False
S00037733,2023,P08,True,True,False,False
S00043939,2023,P08,True,True,False,False
S00005611,2023,P08,True,True,False,False
S00037879,2023,P08,True,True,False,False
S00039641,2023,P08,True,True,False,False
S00115302,2023,P08,True,True,False,False
S00059878,2023,P08,True,True,False,False
S00087584,2023,P08,True,True,False,False
S00052138,2023,P08,True,False,True,False
S00103937,2023,P08,True,True,False,False
S00018773,2023,P08,True,True,False,False
S00097775,2024,P01,True,False,True,True
S00008221,2024,P01,True,True,False,True
S00078686,2024,P01,True,False,True,True
S00011782,2024,P01,True,True,False,True
S00104381,2024,P01,True,True,False,True
S00013029,2024,P01,True,False,True,True
S00101653,2024,P01,True,False,True,True
S00075984,2024,P01,True,True,False,True
S00102264,2024,P01,True,True,False,True
S00067804,2024,P01,True,False,True,True
S00102695,2024,P01,True,True,False,True
S00032728,2024,P01,True,True,False,True
S00061319,2024,P01,True,True,False,True
S00071357,2024,P01,True,True,False,True
S00031667,2024,P01,True,True,False,True
S00112706,2024,P01,True,False,True,True
S00032261,2024,P01,True,False,True,True
S00084518,2024,P01,True,True,False,True
S00069520,2024,P01,True,True,False,True
S00030281,2024,P01,True,True,False,True
S00083707,2024,P01,True,False,True,True
S00109043,2024,P01,True,False,True,True
S00052129,2024,P01,True,True,False,True
S00117707,2024,P01,True,True,False,True
S00115409,2024,P01,True,True,False,True
S00055719,2024,P01,True,True,False,True
S00112168,2024,P01,True,True,False,True
S00092075,2024,P01,True,True,False,True
S00034209,2024,P01,True,True,False,True
S00010991,2024,P01,True,True,False,True
S00072135,2024,P01,True,True,False,True
S00119759,2024,P01,True,True,False,True
S00110020,2024,P01,True,True,False,True
S00110513,2024,P01,True,True,False,True
S00011998,2024,P01,True,True,False,True
S00001605,2024,P01,True,False,True,True
S00072025,2024,P01,True,False,True,True
S00010643,2024,P01,True,False,True,True
S00067913,2024,P01,True,True,False,True
S00066904,2024,P01,True,True,False,True
S00024270,2024,P01,True,False,True,True
S00107086,2024,P01,True,True,False,True
S00052300,2024,P01,True,True,False,True
S00042836,2024,P01,True,True,False,True
S00048185,2024,P01,True,True,False,True
S00019424,2024,P01,True,True,False,True
S00029590,2024,P01,True,True,False,True
S00109544,2024,P01,True,True,False,True
S00065609,2024,P01,True,True,False,True
S00044249,2024,P01,True,True,False,True
S00014661,2024,P01,True,True,False,True
S00089509,2024,P01,True,False,True,True
S00104067,2024,P01,True,True,False,True
S00023003,2024,P01,True,True,False,True
S00091457,2024,P01,True,True,False,True
S00009251,2024,P01,True,True,False,True
S00043723,2024,P01,True,True,False,True
S00060181,2024,P01,True,False,True,True
S00023890,2024,P01,True,True,False,True
S00103947,2024,P01,True,True,False,True
S00103178,2024,P01,True,False,True,True
S00107632,2024,P01,True,False,True,True
S00053483,2024,P01,True,True,False,True
S00094264,2024,P01,True,True,False,True
S00093922,2024,P01,True,True,False,True
S00065414,2024,P01,True,True,False,True
S00087261,2024,P01,True,True,False,True
S00103583,2024,P01,True,False,True,True
S00013279,2024,P01,True,True,False,True
S00058771,2024,P01,True,True,False,True
S00107002,2024,P01,True,False,True,True
S00118746,2024,P01,True,True,False,True
S00069944,2024,P01,True,True,False,True
S00112109,2024,P01,True,True,False,True
S00085186,2024,P01,True,True,False,True
S00105060,2024,P01,True,False,True,True
S00069450,2024,P01,True,False,True,True
S00102681,2024,P01,True,True,False,True
S00075452,2024,P01,True,True,False,True
S00049782,2024,P01,True,True,False,True
S00012379,2024,P01,True,True,False,True
S00104473,2024,P01,True,True,False,True
S00025681,2024,P01,True,True,False,True
S00117913,2024,P01,True,True,False,True
S00026925,2024,P01,True,True,False,True
S00097036,2024,P01,True,True,False,True
S00123775,2024,P01,True,True,False,True
S00041326,2024,P01,True,True,False,True
S00098630,2024,P01,True,True,False,True
S00050949,2024,P01,True,False,True,True
S00055067,2024,P01,True,False,True,True
S00046662,2024,P01,True,False,True,True
S00080640,2024,P01,True,True,False,True
S00110868,2024,P01,True,True,False,True
S00052469,2024,P01,True,False,True,True
S00026385,2024,P01,True,True,False,True
S00014161,2024,P01,True,True,False,True
S00092683,2024,P01,True,True,False,True
S00120119,2024,P01,True,False,True,True
S00115290,2024,P01,True,True,False,True
S00108061,2024,P01,True,True,False,True
S00046030,2024,P01,True,True,False,True
S00013646,2024,P01,True,False,True,True
S00094803,2024,P01,True,True,False,True
S00075151,2024,P01,True,True,False,True
S00083165,2024,P01,True,False,True,True
S00111483,2024,P01,True,True,False,True
S00081009,2024,P01,True,True,False,True
S00123847,2024,P01,True,True,False,True
S00058339,2024,P01,True,True,False,True
S00106895,2024,P01,True,True,False,True
S00112910,2024,P01,True,True,False,True
S00116702,2024,P01,True,True,False,True
S00075029,2024,P01,True,False,True,True
S00040086,2024,P01,True,True,False,True
S00106442,2024,P01,True,True,False,True
S00105139,2024,P01,True,False,True,True
S00111166,2024,P01,True,True,False,True
S00001920,2024,P01,True,True,False,True
S00006911,2024,P01,True,False,True,True
S00068076,2024,P01,True,True,False,True
S00109610,2024,P01,True,True,False,True
S00083346,2024,P01,True,True,False,True
S00072058,2024,P01,True,True,False,True
S00105305,2024,P01,True,True,False,True
S00066719,2024,P02,True,True,False,True
S00020572,2024,P02,True,True,False,True
S00000444,2024,P02,True,False,True,True
S00093516,2024,P02,True,True,False,True
S00103395,2024,P02,True,True,False,True
S00033056,2024,P02,True,False,True,True
S00045654,2024,P02,True,True,False,True
S00043113,2024,P02,True,True,False,True
S00048133,2024,P02,True,True,False,True
S00098643,2024,P02,True,True,False,True
S00004138,2024,P02,True,False,True,True
S00068072,2024,P02,True,True,False,True
S00034153,2024,P02,True,False,True,True
S00000914,2024,P02,True,True,False,True
S00104989,2024,P02,True,True,False,True
S00093267,2024,P02,True,True,False,True
S00037359,2024,P02,True,True,False,True
S00011214,2024,P02,True,True,False,True
S00069306,2024,P02,True,True,False,True
S00091673,2024,P02,True,True,False,True
S00022160,2024,P02,True,True,False,True
S00106944,2024,P02,True,True,False,True
S00031713,2024,P02,True,True,False,True
S00035522,2024,P02,True,False,True,True
S00101728,2024,P02,True,True,False,True
S00025769,2024,P02,True,True,False,True
S00073098,2024,P02,True,True,False,True
S00106263,2024,P02,True,False,True,True
S00118629,2024,P02,True,True,False,True
S00088270,2024,P02,True,True,False,True
S00086798,2024,P02,True,True,False,True
S00086664,2024,P02,True,False,True,True
S00088399,2024,P02,True,False,True,True
S00124904,2024,P02,True,True,False,True
S00042545,2024,P02,True,True,False,True
S00076490,2024,P02,True,True,False,True
S00037934,2024,P02,True,True,False,True
S00117610,2024,P02,True,True,False,True
S00078898,2024,P02,True,True,False,True
S00048926,2024,P02,True,False,True,True
S00093463,2024,P02,True,False,True,True
S00092867,2024,P02,True,True,False,True
S00039891,2024,P02,True,True,False,True
S00036122,2024,P02,True,False,True,True
S00108445,2024,P02,True,False,True,True
S00047066,2024,P02,True,True,False,True
S00086365,2024,P02,True,True,False,True
S00033330,2024,P02,True,True,False,True
S00094851,2024,P02,True,True,False,True
S00118264,2024,P02,True,False,True,True
S00121973,2024,P02,True,True,False,True
S00082194,2024,P02,True,False,True,True
S00104750,2024,P02,True,True,False,True
S00068341,2024,P02,True,False,True,True
S00110219,2024,P02,True,False,True,True
S00112440,2024,P02,True,False,True,True
S00030559,2024,P02,True,True,False,True
S00002018,2024,P02,True,True,False,True
S00091781,2024,P02,True,True,False,True
S00089898,2024,P02,True,True,False,True
S00010051,2024,P02,True,False,True,True
S00027818,2024,P02,True,True,False,True
S00025811,2024,P02,True,False,True,True
S00065119,2024,P02,True,True,False,True
S00107739,2024,P02,True,True,False,True
S00005187,2024,P02,True,True,False,True
S00049118,2024,P02,True,False,True,True
S00070625,2024,P02,True,True,False,True
S00125194,2024,P02,True,True,False,True
S00108643,2024,P02,True,True,False,True
S00047338,2024,P02,True,True,False,True
S00036893,2024,P02,True,True,False,True
S00023149,2024,P02,True,True,False,True
S00120622,2024,P02,True,True,False,True
S00110719,2024,P02,True,True,False,True
S00058594,2024,P02,True,True,False,True
S00120506,2024,P02,True,True,False,True
S00105362,2024,P02,True,True,False,True
S00101195,2024,P02,True,True,False,True
S00012304,2024,P02,True,True,False,True
S00113126,2024,P02,True,True,False,True
S00110665,2024,P02,True,False,True,True
S00087191,2024,P02,True,True,False,True
S00124855,2024,P02,True,True,False,True
S00126234,2024,P02,True,True,False,True
S00109000,2024,P02,True,True,False,True
S00058620,2024,P02,True,False,True,True
S00022436,2024,P02,True,False,True,True
S00075636,2024,P02,True,False,True,True
S00033901,2024,P02,True,True,False,True
S00115336,2024,P02,True,False,True,True
S00121098,2024,P02,True,False,True,True
S00006605,2024,P02,True,True,False,True
S00119218,2024,P02,True,True,False,True
S00050143,2024,P02,True,False,True,True
S00032375,2024,P02,True,False,True,True
S00031839,2024,P02,True,True,False,True
S00107889,2024,P02,True,True,False,True
S00044709,2024,P02,True,True,False,True
S00068415,2024,P02,True,True,False,True
S00015208,2024,P02,True,True,False,True
S00000867,2024,P02,True,True,False,True
S00064472,2024,P02,True,True,False,True
S00021408,2024,P02,True,True,False,True
S00112005,2024,P02,True,True,False,True
S00051418,2024,P02,True,True,False,True
S00091201,2024,P02,True,True,False,True
S00093656,2024,P02,True,False,True,True
S00038166,2024,P02,True,False,True,True
S00035236,2024,P02,True,True,False,True
S00112161,2024,P02,True,True,False,True
S00117437,2024,P02,True,True,False,True
S00054834,2024,P02,True,True,False,True
S00069505,2024,P02,True,True,False,True
S00045468,2024,P02,True,True,False,True
S00023747,2024,P02,True,True,False,True
S00104876,2024,P02,True,True,False,True
S00116677,2024,P02,True,True,False,True
S00113685,2024,P02,True,False,True,True
S00070231,2024,P02,True,True,False,True
S00043543,2024,P02,True,True,False,True
S00109293,2024,P02,True,True,False,True
S00018177,2024,P02,True,True,False,True
S00117699,2024,P02,True,True,False,True
S00010155,2024,P02,True,True,False,True
S00067265,2024,P03,True,True,False,True
S00047316,2024,P03,True,True,False,True
S00022260,2024,P03,True,True,False,True
S00111609,2024,P03,True,True,False,True
S00103054,2024,P03,True,False,True,True
S00037345,2024,P03,True,True,False,True
S00066641,2024,P03,True,True,False,True
S00030694,2024,P03,True,True,False,True
S00099727,2024,P03,True,True,False,True
S00037573,2024,P03,True,True,False,True
S00120430,2024,P03,True,False,True,True
S00104606,2024,P03,True,True,False,True
S00088495,2024,P03,True,True,False,True
S00035151,2024,P03,True,True,False,True
S00003534,2024,P03,True,False,True,True
S00000023,2024,P03,True,True,False,True
S00106092,2024,P03,True,True,False,True
S00105445,2024,P03,True,True,False,True
S00010510,2024,P03,True,True,False,True
S00081628,2024,P03,True,True,False,True
S00013450,2024,P03,True,True,False,True
S00071532,2024,P03,True,False,True,True
S00067690,2024,P03,True,True,False,True
S00119239,2024,P03,True,True,False,True
S00100005,2024,P03,True,False,True,True
S00052403,2024,P03,True,True,False,True
S00108985,2024,P03,True,False,True,True
S00032921,2024,P03,True,True,False,True
S00043460,2024,P03,True,True,False,True
S00106426,2024,P03,True,True,False,True
S00070733,2024,P03,True,True,False,True
S00082864,2024,P03,True,True,False,True
S00090833,2024,P03,True,True,False,True
S00061971,2024,P03,True,True,False,True
S00115710,2024,P03,True,True,False,True
S00099193,2024,P03,True,True,False,True
S00083893,2024,P03,True,True,False,True
S00113482,2024,P03,True,True,False,True
S00060333,2024,P03,True,True,False,True
S00011965,2024,P03,True,True,False,True
S00075493,2024,P03,True,True,False,True
S00108833,2024,P03,True,True,False,True
S00111805,2024,P03,True,True,False,True
S00106481,2024,P03,True,False,True,True
S00103471,2024,P03,True,True,False,True
S00104185,2024,P03,True,True,False,True
S00102729,2024,P03,True,True,False,True
S00021246,2024,P03,True,False,True,True
S00111485,2024,P03,True,True,False,True
S00079867,2024,P03,True,True,False,True
S00018616,2024,P03,True,False,True,True
S00078069,2024,P03,True,True,False,True
S00091024,2024,P03,True,False,True,True
S00067593,2024,P03,True,True,False,True
S00078117,2024,P03,True,True,False,True
S00005488,2024,P03,True,False,True,True
S00104539,2024,P03,True,True,False,True
S00077253,2024,P03,True,False,True,True
S00109736,2024,P03,True,False,True,True
S00106900,2024,P03,True,True,False,True
S00056663,2024,P03,True,True,False,True
S00014250,2024,P03,True,True,False,True
S00121575,2024,P03,True,False,True,True
S00109114,2024,P03,True,True,False,True
S00010769,2024,P03,True,True,False,True
S00061457,2024,P03,True,True,False,True
S00096949,2024,P03,True,False,True,True
S00091928,2024,P03,True,False,True,True
S00083259,2024,P03,True,True,False,True
S00102219,2024,P03,True,True,False,True
S00017017,2024,P03,True,True,False,True
S00103975,2024,P03,True,True,False,True
S00102347,2024,P03,True,True,False,True
S00068622,2024,P03,True,True,False,True
S00055267,2024,P03,True,True,False,True
S00093677,2024,P03,True,False,True,True
S00071054,2024,P03,True,False,True,True
S00032891,2024,P03,True,True,False,True
S00072267,2024,P03,True,True,False,True
S00119367,2024,P03,True,True,False,True
S00025524,2024,P03,True,True,False,True
S00001246,2024,P03,True,True,False,True
S00022061,2024,P03,True,False,True,True
S00108714,2024,P03,True,True,False,True
S00102668,2024,P03,True,True,False,True
S00066504,2024,P03,True,False,True,True
S00047503,2024,P03,True,True,False,True
S00030094,2024,P03,True,False,True,True
S00069822,2024,P03,True,True,False,True
S00099586,2024,P03,True,True,False,True
S00042564,2024,P03,True,True,False,True
S00080606,2024,P03,True,False,True,True
S00024085,2024,P03,True,True,False,True
S00013801,2024,P03,True,True,False,True
S00017923,2024,P03,True,True,False,True
S00119441,2024,P03,True,True,False,True
S00076878,2024,P03,True,True,False,True
S00017649,2024,P03,True,True,False,True
S00092540,2024,P03,True,True,False,True
S00053660,2024,P03,True,True,False,True
S00084943,2024,P03,True,True,False,True
S00048293,2024,P03,True,True,False,True
S00126643,2024,P03,True,False,True,True
S00071608,2024,P03,True,True,False,True
S00121967,2024,P03,True,True,False,True
S00007290,2024,P03,True,True,False,True
S00082761,2024,P03,True,True,False,True
S00037980,2024,P03,True,False,True,True
S00054790,2024,P03,True,False,True,True
S00073949,2024,P03,True,True,False,True
S00120474,2024,P03,True,False,True,True
S00107622,2024,P03,True,True,False,True
S00110142,2024,P03,True,False,True,True
S00119144,2024,P03,True,True,False,True
S00013145,2024,P03,True,True,False,True
S00075661,2024,P03,True,True,False,True
S00122291,2024,P03,True,True,False,True
S00026134,2024,P03,True,True,False,True
S00113641,2024,P03,True,False,True,True
S00068104,2024,P03,True,True,False,True
S00104866,2024,P03,True,False,True,True
S00006200,2024,P03,True,False,True,True
S00005995,2024,P03,True,True,False,True
S00000864,2024,P03,True,False,True,True
S00029831,2024,P03,True,True,False,True
S00079177,2024,P04,True,True,False,True
S00025931,2024,P04,True,False,True,True
S00009196,2024,P04,True,True,False,True
S00026827,2024,P04,True,True,False,True
S00023209,2024,P04,True,True,False,True
S00023851,2024,P04,True,False,True,True
S00110880,2024,P04,True,True,False,True
S00043895,2024,P04,True,False,True,True
S00107814,2024,P04,True,True,False,True
S00023847,2024,P04,True,False,True,True
S00110774,2024,P04,True,True,False,True
S00055184,2024,P04,True,True,False,True
S00025673,2024,P04,True,True,False,True
S00016904,2024,P04,True,True,False,True
S00120942,2024,P04,True,True,False,True
S00120974,2024,P04,True,True,False,True
S00052226,2024,P04,True,False,True,True
S00115425,2024,P04,True,False,True,True
S00104335,2024,P04,True,True,False,True
S00048960,2024,P04,True,False,True,True
S00066712,2024,P04,True,True,False,True
S00001262,2024,P04,True,True,False,True
S00114747,2024,P04,True,True,False,True
S00113658,2024,P04,True,False,True,True
S00024005,2024,P04,True,True,False,True
S00081343,2024,P04,True,True,False,True
S00049274,2024,P04,True,True,False,True
S00031745,2024,P04,True,True,False,True
S00092560,2024,P04,True,True,False,True
S00109904,2024,P04,True,False,True,True
S00087887,2024,P04,True,True,False,True
S00013301,2024,P04,True,True,False,True
S00024254,2024,P04,True,True,False,True
S00063386,2024,P04,True,False,True,True
S00059803,2024,P04,True,True,False,True
S00106457,2024,P04,True,False,True,True
S00028919,2024,P04,True,False,True,True
S00043360,2024,P04,True,True,False,True
S00103012,2024,P04,True,True,False,True
S00119353,2024,P04,True,True,False,True
S00025937,2024,P04,True,True,False,True
S00110546,2024,P04,True,True,False,True
S00091172,2024,P04,True,True,False,True
S00111798,2024,P04,True,False,True,True
S00086267,2024,P04,True,True,False,True
S00112642,2024,P04,True,True,False,True
S00010593,2024,P04,True,True,False,True
S00110188,2024,P04,True,True,False,True
S00086601,2024,P04,True,True,False,True
S00007722,2024,P04,True,True,False,True
S00008802,2024,P04,True,True,False,True
S00073911,2024,P04,True,True,False,True
S00116455,2024,P04,True,True,False,True
S00103630,2024,P04,True,True,False,True
S00010231,2024,P04,True,True,False,True
S00001528,2024,P04,True,True,False,True
S00068074,2024,P04,True,True,False,True
S00014914,2024,P04,True,True,False,True
S00018294,2024,P04,True,True,False,True
S00041318,2024,P04,True,False,True,True
S00120513,2024,P04,True,True,False,True
S00025491,2024,P04,True,True,False,True
S00105673,2024,P04,True,False,True,True
S00106105,2024,P04,True,False,True,True
S00048520,2024,P04,True,True,False,True
S00066162,2024,P04,True,True,False,True
S00011532,2024,P04,True,True,False,True
S00064582,2024,P04,True,True,False,True
S00121456,2024,P04,True,True,False,True
S00022840,2024,P04,True,True,False,True
S00005773,2024,P04,True,True,False,True
S00024180,2024,P04,True,False,True,True
S00104819,2024,P04,True,True,False,True
S00119561,2024,P04,True,True,False,True
S00111724,2024,P04,True,True,False,True
S00022554,2024,P04,True,True,False,True
S00018115,2024,P04,True,False,True,True
S00108101,2024,P04,True,True,False,True
S00111864,2024,P04,True,True,False,True
S00124722,2024,P04,True,True,False,True
S00025549,2024,P04,True,True,False,True
S00018803,2024,P04,True,False,True,True
S00111661,2024,P04,True,False,True,True
S00067537,2024,P04,True,True,False,True
S00048767,2024,P04,True,True,False,True
S00099191,2024,P04,True,False,True,True
S00022954,2024,P04,True,True,False,True
S00021939,2024,P04,True,False,True,True
S00038175,2024,P04,True,True,False,True
S00096174,2024,P04,True,True,False,True
S00117659,2024,P04,True,True,False,True
S00060688,2024,P04,True,True,False,True
S00075254,2024,P04,True,False,True,True
S00062902,2024,P04,True,True,False,True
S00082082,2024,P04,True,True,False,True
S00087999,2024,P04,True,True,False,True
S00094813,2024,P04,True,True,False,True
S00013930,2024,P04,True,False,True,True
S00050155,2024,P04,True,True,False,True
S00003895,2024,P04,True,True,False,True
S00079736,2024,P04,True,False,True,True
S00093075,2024,P04,True,True,False,True
S00106719,2024,P04,True,True,False,True
S00121358,2024,P04,True,False,True,True
S00063212,2024,P04,True,False,True,True
S00110482,2024,P04,True,True,False,True
S00105433,2024,P04,True,False,True,True
S00124932,2024,P04,True,True,False,True
S00084174,2024,P04,True,False,True,True
S00093655,2024,P04,True,True,False,True
S00126121,2024,P04,True,True,False,True
S00102447,2024,P04,True,True,False,True
S00000498,2024,P04,True,True,False,True
S00030009,2024,P04,True,True,False,True
S00092966,2024,P04,True,True,False,True
S00108753,2024,P04,True,True,False,True
S00070653,2024,P04,True,True,False,True
S00039141,2024,P04,True,True,False,True
S00012243,2024,P04,True,True,False,True
S00020687,2024,P04,True,True,False,True
S00072516,2024,P04,True,False,True,True
S00053305,2024,P04,True,True,False,True
S00102737,2024,P04,True,False,True,True
S00099531,2024,P04,True,True,False,True
S00112477,2024,P04,True,True,False,True
S00004028,2024,P05,True,True,False,False
S00041060,2024,P05,True,True,False,False
S00084695,2024,P05,True,False,True,False
S00042837,2024,P05,True,True,False,False
S00126240,2024,P05,True,False,True,False
S00013731,2024,P05,True,True,False,False
S00089214,2024,P05,True,True,False,False
S00120383,2024,P05,True,True,False,False
S00012069,2024,P05,True,True,False,False
S00022357,2024,P05,True,True,False,False
S00046074,2024,P05,True,True,False,False
S00056057,2024,P05,True,True,False,False
S00058569,2024,P05,True,True,False,False
S00099955,2024,P05,True,True,False,False
S00101709,2024,P05,True,True,False,False
S00079795,2024,P05,True,True,False,False
S00126948,2024,P05,True,True,False,False
S00000407,2024,P05,True,True,False,False
S00096150,2024,P05,True,True,False,False
S00048571,2024,P05,True,False,True,False
S00110851,2024,P05,True,True,False,False
S00040970,2024,P05,True,True,False,False
S00067245,2024,P05,True,True,False,False
S00108354,2024,P05,True,True,False,False
S00113929,2024,P05,True,True,False,False
S00000336,2024,P05,True,True,False,False
S00103857,2024,P05,True,True,False,False
S00092293,2024,P05,True,True,False,False
S00112016,2024,P05,True,True,False,False
S00006013,2024,P05,True,False,True,False
S00053236,2024,P05,True,True,False,False
S00090628,2024,P05,True,True,False,False
S00095212,2024,P05,True,False,True,False
S00059565,2024,P05,True,True,False,False
S00012172,2024,P05,True,True,False,False
S00102864,2024,P05,True,False,True,False
S00020649,2024,P05,True,True,False,False
S00036423,2024,P05,True,True,False,False
S00039706,2024,P05,True,True,False,False
S00098495,2024,P05,True,True,False,False
S00003500,2024,P05,True,True,False,False
S00079508,2024,P05,True,True,False,False
S00091059,2024,P05,True,False,True,False
S00005807,2024,P05,True,True,False,False
S00103607,2024,P05,True,False,True,False
S00106189,2024,P05,True,False,True,False
S00105937,2024,P05,True,False,True,False
S00102978,2024,P05,True,False,True,False
S00030489,2024,P05,True,False,True,False
S00080076,2024,P05,True,True,False,False
S00039761,2024,P05,True,True,False,False
S00102834,2024,P05,True,False,True,False
S00004483,2024,P05,True,True,False,False
S00062780,2024,P05,True,False,True,False
S00092060,2024,P05,True,False,True,False
S00106947,2024,P05,True,True,False,False
S00082099,2024,P05,True,True,False,False
S00108250,2024,P05,True,True,False,False
S00048792,2024,P05,True,False,True,False
S00047930,2024,P05,True,True,False,False
S00113893,2024,P05,True,True,False,False
S00087729,2024,P05,True,False,True,False
S00113056,2024,P05,True,True,False,False
S00071524,2024,P05,True,False,True,False
S00073197,2024,P05,True,True,False,False
S00059141,2024,P05,True,True,False,False
S00037183,2024,P05,True,True,False,False
S00012744,2024,P05,True,True,False,False
S00105162,2024,P05,True,True,False,False
S00048267,2024,P05,True,False,True,False
S00009894,2024,P05,True,True,False,False
S00099076,2024,P05,True,False,True,False
S00119033,2024,P05,True,True,False,False
S00051794,2024,P05,True,True,False,False
S00126992,2024,P05,True,False,True,False
S00017544,2024,P05,True,True,False,False
S00042301,2024,P05,True,True,False,False
S00108967,2024,P05,True,False,True,False
S00034300,2024,P05,True,True,False,False
S00112126,2024,P05,True,True,False,False
S00086603,2024,P05,True,True,False,False
S00020951,2024,P05,True,False,True,False
S00080413,2024,P05,True,True,False,False
S00127825,2024,P05,True,True,False,False
S00027579,2024,P05,True,False,True,False
S00120663,2024,P05,True,True,False,False
S00098178,2024,P05,True,True,False,False
S00105622,2024,P05,True,False,True,False
S00110633,2024,P05,True,True,False,False
S00120961,2024,P05,True,True,False,False
S00102943,2024,P05,True,False,True,False
S00107847,2024,P05,True,True,False,False
S00093034,2024,P05,True,True,False,False
S00038516,2024,P05,True,True,False,False
S00114896,2024,P05,True,True,False,False
S00036486,2024,P05,True,True,False,False
S00062574,2024,P05,True,False,True,False
S00041270,2024,P05,True,True,False,False
S00040942,2024,P05,True,True,False,False
S00108737,2024,P05,True,True,False,False
S00115431,2024,P05,True,False,True,False
S00105863,2024,P05,True,True,False,False
S00050710,2024,P05,True,True,False,False
S00108972,2024,P05,True,False,True,False
S00054697,2024,P05,True,True,False,False
S00051005,2024,P05,True,True,False,False
S00084226,2024,P05,True,False,True,False
S00089706,2024,P05,True,True,False,False
S00080089,2024,P05,True,True,False,False
S00052124,2024,P05,True,True,False,False
S00091821,2024,P05,True,True,False,False
S00112127,2024,P05,True,False,True,False
S00107094,2024,P05,True,True,False,False
S00074698,2024,P05,True,True,False,False
S00071586,2024,P05,True,True,False,False
S00033641,2024,P05,True,True,False,False
S00105319,2024,P05,True,True,False,False
S00077717,2024,P05,True,True,False,False
S00090311,2024,P05,True,True,False,False
S00102141,2024,P05,True,True,False,False
S00113915,2024,P05,True,True,False,False
S00100758,2024,P05,True,True,False,False
S00118933,2024,P05,True,True,False,False
S00108292,2024,P05,True,True,False,False
S00102425,2024,P05,True,True,False,False
S00090413,2024,P06,True,True,False,False
S00046511,2024,P06,True,True,False,False
S00014722,2024,P06,True,True,False,False
S00070707,2024,P06,True,False,True,False
S00029904,2024,P06,True,True,False,False
S00082359,2024,P06,True,True,False,False
S00032372,2024,P06,True,True,False,False
S00019081,2024,P06,True,False,True,False
S00029059,2024,P06,True,True,False,False
S00022879,2024,P06,True,True,False,False
S00011566,2024,P06,True,True,False,False
S00112664,2024,P06,True,True,False,False
S00068706,2024,P06,True,True,False,False
S00040274,2024,P06,True,False,True,False
S00107677,2024,P06,True,True,False,False
S00112877,2024,P06,True,True,False,False
S00066710,2024,P06,True,True,False,False
S00027824,2024,P06,True,True,False,False
S00116066,2024,P06,True,True,False,False
S00103170,2024,P06,True,True,False,False
S00022433,2024,P06,True,True,False,False
S00101856,2024,P06,True,True,False,False
S00060037,2024,P06,True,True,False,False
S00030875,2024,P06,True,True,False,False
S00016164,2024,P06,True,True,False,False
S00110781,2024,P06,True,True,False,False
S00093406,2024,P06,True,True,False,False
S00062430,2024,P06,True,True,False,False
S00082404,2024,P06,True,True,False,False
S00107521,2024,P06,True,False,True,False
S00110121,2024,P06,True,True,False,False
S00018968,2024,P06,True,True,False,False
S00061718,2024,P06,True,True,False,False
S00122718,2024,P06,True,True,False,False
S00062012,2024,P06,True,True,False,False
S00020542,2024,P06,True,True,False,False
S00087240,2024,P06,True,True,False,False
S00117419,2024,P06,True,True,False,False
S00093327,2024,P06,True,True,False,False
S00084520,2024,P06,True,True,False,False
S00109941,2024,P06,True,True,False,False
S00125996,2024,P06,True,True,False,False
S00057311,2024,P06,True,True,False,False
S00078500,2024,P06,True,True,False,False
S00076756,2024,P06,True,False,True,False
S00029703,2024,P06,True,False,True,False
S00029726,2024,P06,True,False,True,False
S00119938,2024,P06,True,True,False,False
S00122798,2024,P06,True,False,True,False
S00052643,2024,P06,True,True,False,False
S00008867,2024,P06,True,True,False,False
S00044196,2024,P06,True,False,True,False
S00029401,2024,P06,True,True,False,False
S00016777,2024,P06,True,False,True,False
S00121156,2024,P06,True,True,False,False
S00086522,2024,P06,True,True,False,False
S00102042,2024,P06,True,True,False,False
S00087259,2024,P06,True,False,True,False
S00110280,2024,P06,True,False,True,False
S00080625,2024,P06,True,False,True,False
S00064071,2024,P06,True,False,True,False
S00056979,2024,P06,True,False,True,False
S00054838,2024,P06,True,True,False,False
S00059906,2024,P06,True,True,False,False
S00006969,2024,P06,True,True,False,False
S00003258,2024,P06,True,True,False,False
S00114013,2024,P06,True,True,False,False
S00091835,2024,P06,True,True,False,False
S00034002,2024,P06,True,True,False,False
S00046479,2024,P06,True,False,True,False
S00089522,2024,P06,True,False,True,False
S00102235,2024,P06,True,True,False,False
S00071157,2024,P06,True,True,False,False
S00090011,2024,P06,True,True,False,False
S00016216,2024,P06,True,True,False,False
S00032980,2024,P06,True,True,False,False
S00026856,2024,P06,True,False,True,False
S00069572,2024,P06,True,True,False,False
S00124327,2024,P06,True,True,False,False
S00077399,2024,P06,True,True,False,False
S00067462,2024,P06,True,True,False,False
S00002361,2024,P06,True,True,False,False
S00081060,2024,P06,True,False,True,False
S00127196,2024,P06,True,True,False,False
S00079084,2024,P06,True,True,False,False
S00103014,2024,P06,True,True,False,False
S00057911,2024,P06,True,True,False,False
S00063804,2024,P06,True,True,False,False
S00042579,2024,P06,True,True,False,False
S00072503,2024,P06,True,True,False,False
S00088142,2024,P06,True,True,False,False
S00116680,2024,P06,True,True,False,False
S00109603,2024,P06,True,False,True,False
S00107702,2024,P06,True,False,True,False
S00085981,2024,P06,True,True,False,False
S00115242,2024,P06,True,True,False,False
S00120068,2024,P06,True,True,False,False
S00131073,2024,P06,True,False,True,False
S00084922,2024,P06,True,False,True,False
S00114246,2024,P06,True,False,True,False
S00118230,2024,P06,True,True,False,False
S00036470,2024,P06,True,True,False,False
S00048487,2024,P06,True,True,False,False
S00089753,2024,P06,True,False,True,False
S00071587,2024,P06,True,True,False,False
S00112994,2024,P06,True,True,False,False
S00013906,2024,P06,True,True,False,False
S00031928,2024,P06,True,True,False,False
S00124477,2024,P06,True,True,False,False
S00092827,2024,P06,True,False,True,False
S00115345,2024,P06,True,True,False,False
S00032451,2024,P06,True,True,False,False
S00017707,2024,P06,True,True,False,False
S00112683,2024,P06,True,False,True,False
S00079681,2024,P06,True,False,True,False
S00072266,2024,P06,True,False,True,False
S00053769,2024,P06,True,True,False,False
S00104559,2024,P06,True,False,True,False
S00111367,2024,P06,True,True,False,False
S00063643,2024,P06,True,True,False,False
S00128015,2024,P06,True,True,False,False
S00016742,2024,P06,True,True,False,False
S00101166,2024,P06,True,True,False,False
S00112633,2024,P06,True,True,False,False
S00059835,2024,P06,True,False,True,False
S00024728,2024,P07,True,True,False,False
S00046749,2024,P07,True,True,False,False
S00113861,2024,P07,True,False,True,False
S00025779,2024,P07,True,True,False,False
S00066729,2024,P07,True,True,False,False
S00113831,2024,P07,True,True,False,False
S00063867,2024,P07,True,False,True,False
S00105943,2024,P07,True,True,False,False
S00034899,2024,P07,True,True,False,False
S00041562,2024,P07,True,True,False,False
S00026602,2024,P07,True,False,True,False
S00101748,2024,P07,True,True,False,False
S00003337,2024,P07,True,True,False,False
S00120306,2024,P07,True,False,True,False
S00115709,2024,P07,True,False,True,False
S00107990,2024,P07,True,False,True,False
S00068204,2024,P07,True,True,False,False
S00069328,2024,P07,True,True,False,False
S00003160,2024,P07,True,True,False,False
S00104243,2024,P07,True,True,False,False
S00016015,2024,P07,True,True,False,False
S00063394,2024,P07,True,False,True,False
S00124395,2024,P07,True,True,False,False
S00122724,2024,P07,True,True,False,False
S00126443,2024,P07,True,True,False,False
S00088933,2024,P07,True,True,False,False
S00034286,2024,P07,True,True,False,False
S00041770,2024,P07,True,True,False,False
S00112219,2024,P07,True,True,False,False
S00032510,2024,P07,True,True,False,False
S00001300,2024,P07,True,True,False,False
S00098756,2024,P07,True,False,True,False
S00044948,2024,P07,True,False,True,False
S00090294,2024,P07,True,True,False,False
S00091718,2024,P07,True,True,False,False
S00081386,2024,P07,True,True,False,False
S00019356,2024,P07,True,True,False,False
S00050908,2024,P07,True,False,True,False
S00074651,2024,P07,True,True,False,False
S00030556,2024,P07,True,True,False,False
S00086187,2024,P07,True,True,False,False
S00116130,2024,P07,True,True,False,False
S00100539,2024,P07,True,True,False,False
S00115959,2024,P07,True,True,False,False
S00025431,2024,P07,True,True,False,False
S00021996,2024,P07,True,True,False,False
S00118475,2024,P07,True,False,True,False
S00081472,2024,P07,True,True,False,False
S00101763,2024,P07,True,True,False,False
S00120653,2024,P07,True,False,True,False
S00010301,2024,P07,True,True,False,False
S00037269,2024,P07,True,False,True,False
S00081593,2024,P07,True,False,True,False
S00042614,2024,P07,True,True,False,False
S00006565,2024,P07,True,True,False,False
S00088004,2024,P07,True,True,False,False
S00072830,2024,P07,True,False,True,False
S00123942,2024,P07,True,True,False,False
S00038367,2024,P07,True,True,False,False
S00072828,2024,P07,True,True,False,False
S00052023,2024,P07,True,False,True,False
S00128298,2024,P07,True,False,True,False
S00042042,2024,P07,True,True,False,False
S00110272,2024,P07,True,True,False,False
S00095355,2024,P07,True,True,False,False
S00051464,2024,P07,True,True,False,False
S00107024,2024,P07,True,True,False,False
S00116824,2024,P07,True,True,False,False
S00104738,2024,P07,True,True,False,False
S00080425,2024,P07,True,False,True,False
S00045120,2024,P07,True,False,True,False
S00109649,2024,P07,True,True,False,False
S00109606,2024,P07,True,True,False,False
S00045479,2024,P07,True,True,False,False
S00120297,2024,P07,True,True,False,False
S00043466,2024,P07,True,True,False,False
S00057857,2024,P07,True,True,False,False
S00108571,2024,P07,True,True,False,False
S00018517,2024,P07,True,True,False,False
S00060375,2024,P07,True,True,False,False
S00010166,2024,P07,True,False,True,False
S00124536,2024,P07,True,True,False,False
S00109265,2024,P07,True,True,False,False
S00086963,2024,P07,True,True,False,False
S00004415,2024,P07,True,True,False,False
S00104793,2024,P07,True,True,False,False
S00059500,2024,P07,True,True,False,False
S00106222,2024,P07,True,False,True,False
S00095924,2024,P07,True,True,False,False
S00106215,2024,P07,True,True,False,False
S00012469,2024,P07,True,False,True,False
S00113302,2024,P07,True,False,True,False
S00096780,2024,P07,True,True,False,False
S00120785,2024,P07,True,True,False,False
S00028553,2024,P07,True,True,False,False
S00105915,2024,P07,True,False,True,False
S00109099,2024,P07,True,True,False,False
S00081609,2024,P07,True,False,True,False
S00064048,2024,P07,True,True,False,False
S00036943,2024,P07,True,True,False,False
S00041992,2024,P07,True,False,True,False
S00037190,2024,P07,True,True,False,False
S00083946,2024,P07,True,False,True,False
S00002694,2024,P07,True,False,True,False
S00102771,2024,P07,True,True,False,False
S00024045,2024,P07,True,True,False,False
S00102379,2024,P07,True,False,True,False
S00003389,2024,P07,True,True,False,False
S00049371,2024,P07,True,True,False,False
S00094409,2024,P07,True,True,False,False
S00020690,2024,P07,True,False,True,False
S00044483,2024,P07,True,True,False,False
S00121057,2024,P07,True,True,False,False
S00016732,2024,P07,True,True,False,False
S00084359,2024,P07,True,True,False,False
S00007806,2024,P07,True,True,False,False
S00077099,2024,P07,True,True,False,False
S00114439,2024,P07,True,True,False,False
S00107930,2024,P07,True,True,False,False
S00114368,2024,P07,True,True,False,False
S00118317,2024,P07,True,False,True,False
S00078709,2024,P07,True,True,False,False
S00075515,2024,P07,True,True,False,False
S00061934,2024,P07,True,True,False,False
S00109747,2024,P07,True,True,False,False
S00071376,2024,P08,True,False,True,False
S00012603,2024,P08,True,True,False,False
S00063238,2024,P08,True,False,True,False
S00123204,2024,P08,True,True,False,False
S00020133,2024,P08,True,False,True,False
S00069166,2024,P08,True,True,False,False
S00119206,2024,P08,True,False,True,False
S00036220,2024,P08,True,True,False,False
S00008511,2024,P08,True,True,False,False
S00082758,2024,P08,True,True,False,False
S00107650,2024,P08,True,True,False,False
S00071545,2024,P08,True,True,False,False
S00051897,2024,P08,True,True,False,False
S00090067,2024,P08,True,True,False,False
S00028843,2024,P08,True,True,False,False
S00105787,2024,P08,True,False,True,False
S00086368,2024,P08,True,True,False,False
S00074350,2024,P08,True,False,True,False
S00116734,2024,P08,True,True,False,False
S00050559,2024,P08,True,True,False,False
S00020632,2024,P08,True,True,False,False
S00040156,2024,P08,True,True,False,False
S00074294,2024,P08,True,True,False,False
S00086550,2024,P08,True,True,False,False
S00035768,2024,P08,True,True,False,False
S00104272,2024,P08,True,False,True,False
S00074749,2024,P08,True,True,False,False
S00099394,2024,P08,True,True,False,False
S00078682,2024,P08,True,True,False,False
S00018746,2024,P08,True,True,False,False
S00023698,2024,P08,True,True,False,False
S00121767,2024,P08,True,True,False,False
S00111161,2024,P08,True,True,False,False
S00095449,2024,P08,True,False,True,False
S00103780,2024,P08,True,True,False,False
S00018759,2024,P08,True,True,False,False
S00048259,2024,P08,True,True,False,False
S00124625,2024,P08,True,True,False,False
S00124503,2024,P08,True,True,False,False
S00068656,2024,P08,True,True,False,False
S00106496,2024,P08,True,True,False,False
S00126223,2024,P08,True,False,True,False
S00054628,2024,P08,True,True,False,False
S00024616,2024,P08,True,True,False,False
S00045321,2024,P08,True,False,True,False
S00065167,2024,P08,True,False,True,False
S00064557,2024,P08,True,True,False,False
S00088106,2024,P08,True,True,False,False
S00039641,2024,P08,True,False,True,False
S00087584,2024,P08,True,True,False,False
S00042439,2024,P08,True,True,False,False
S00070945,2024,P08,True,True,False,False
S00061150,2024,P08,True,True,False,False
S00066244,2024,P08,True,True,False,False
S00120957,2024,P08,True,False,True,False
S00073112,2024,P08,True,True,False,False
S00045502,2024,P08,True,True,False,False
S00026650,2024,P08,True,True,False,False
S00129249,2024,P08,True,False,True,False
S00085627,2024,P08,True,True,False,False
S00103425,2024,P08,True,True,False,False
S00110374,2024,P08,True,True,False,False
S00102808,2024,P08,True,True,False,False
S00059621,2024,P08,True,False,True,False
S00099879,2024,P08,True,True,False,False
S00018496,2024,P08,True,True,False,False
S00066272,2024,P08,True,True,False,False
S00111169,2024,P08,True,True,False,False
S00020681,2024,P08,True,True,False,False
S00051870,2024,P08,True,True,False,False
S00127926,2024,P08,True,True,False,False
S00070257,2024,P08,True,True,False,False
S00085721,2024,P08,True,True,False,False
S00040517,2024,P08,True,True,False,False
S00017543,2024,P08,True,True,False,False
S00063925,2024,P08,True,True,False,False
S00000195,2024,P08,True,False,True,False
S00118068,2024,P08,True,True,False,False
S00118140,2024,P08,True,True,False,False
S00027548,2024,P08,True,False,True,False
S00059878,2024,P08,True,False,True,False
S00109091,2024,P08,True,True,False,False
S00092384,2024,P08,True,True,False,False
S00109042,2024,P08,True,True,False,False
S00084306,2024,P08,True,False,True,False
S00115843,2024,P08,True,False,True,False
S00007161,2024,P08,True,False,True,False
S00119567,2024,P08,True,True,False,False
S00087257,2024,P08,True,True,False,False
S00058572,2024,P08,True,True,False,False
S00035404,2024,P08,True,True,False,False
S00061647,2024,P08,True,True,False,False
S00061226,2024,P08,True,True,False,False
S00010203,2024,P08,True,False,True,False
S00107830,2024,P08,True,True,False,False
S00124562,2024,P08,True,True,False,False
S00002252,2024,P08,True,True,False,False
S00117696,2024,P08,True,False,True,False
S00055396,2024,P08,True,True,False,False
S00047511,2024,P08,True,True,False,False
S00060841,2024,P08,True,False,True,False
S00128369,2024,P08,True,True,False,False
S00032352,2024,P08,True,False,True,False
S00101952,2024,P08,True,False,True,False
S00129050,2024,P08,True,True,False,False
S00110368,2024,P08,True,True,False,False
S00078116,2024,P08,True,True,False,False
S00124709,2024,P08,True,True,False,False
S00122221,2024,P08,True,False,True,False
S00007643,2024,P08,True,True,False,False
S00106233,2024,P08,True,False,True,False
S00127463,2024,P08,True,False,True,False
S00115401,2024,P08,True,False,True,False
S00003552,2024,P08,True,True,False,False
S00045078,2024,P08,True,True,False,False
S00024971,2024,P08,True,True,False,False
S00075104,2024,P08,True,False,True,False
S00088434,2024,P08,True,True,False,False
S00123268,2024,P08,True,True,False,False
S00067925,2024,P08,True,True,False,False
S00016009,2024,P08,True,True,False,False
S00057997,2024,P08,True,True,False,False
S00098165,2024,P08,True,True,False,False
S00063598,2024,P08,True,True,False,False
S00106056,2024,P08,True,True,False,False
S00110513,2025,P01,True,True,False,True
S00008221,2025,P01,True,True,False,True
S00112706,2025,P01,True,False,True,True
S00078686,2025,P01,True,False,True,True
S00044249,2025,P01,True,False,True,True
S00009251,2025,P01,True,False,True,True
S00006665,2025,P01,True,True,False,True
S00076256,2025,P01,True,True,False,True
S00112109,2025,P01,True,True,False,True
S00097357,2025,P01,True,True,False,True
S00070644,2025,P01,True,True,False,True
S00104381,2025,P01,True,True,False,True
S00049680,2025,P01,True,False,True,True
S00060181,2025,P01,True,True,False,True
S00043723,2025,P01,True,True,False,True
S00120119,2025,P01,True,True,False,True
S00042908,2025,P01,True,True,False,True
S00010991,2025,P01,True,True,False,True
S00101653,2025,P01,True,True,False,True
S00032728,2025,P01,True,True,False,True
S00032261,2025,P01,True,True,False,True
S00072813,2025,P01,True,True,False,True
S00075984,2025,P01,True,True,False,True
S00023890,2025,P01,True,True,False,True
S00009830,2025,P01,True,False,True,True
S00094803,2025,P01,True,True,False,True
S00102264,2025,P01,True,True,False,True
S00001605,2025,P01,True,True,False,True
S00104209,2025,P01,True,True,False,True
S00026385,2025,P01,True,False,True,True
S00043744,2025,P01,True,True,False,True
S00117707,2025,P01,True,False,True,True
S00013177,2025,P01,True,True,False,True
S00105060,2025,P01,True,True,False,True
S00067804,2025,P01,True,True,False,True
S00069944,2025,P01,True,True,False,True
S00072135,2025,P01,True,False,True,True
S00085186,2025,P01,True,True,False,True
S00119759,2025,P01,True,True,False,True
S00053776,2025,P01,True,True,False,True
S00011998,2025,P01,True,True,False,True
S00034862,2025,P01,True,True,False,True
S00024271,2025,P01,True,True,False,True
S00014324,2025,P01,True,False,True,True
S00021886,2025,P01,True,True,False,True
S00042836,2025,P01,True,False,True,True
S00008643,2025,P01,True,True,False,True
S00124832,2025,P01,True,False,True,True
S00037007,2025,P01,True,False,True,True
S00004130,2025,P01,True,True,False,True
S00063276,2025,P01,True,True,False,True
S00109544,2025,P01,True,False,True,True
S00036660,2025,P01,True,False,True,True
S00119259,2025,P01,True,True,False,True
S00117889,2025,P01,True,True,False,True
S00102681,2025,P01,True,True,False,True
S00036729,2025,P01,True,False,True,True
S00048185,2025,P01,True,False,True,True
S00013279,2025,P01,True,True,False,True
S00029590,2025,P01,True,True,False,True
S00014984,2025,P01,True,True,False,True
S00117003,2025,P01,True,True,False,True
S00075487,2025,P01,True,True,False,True
S00087261,2025,P01,True,True,False,True
S00065414,2025,P01,True,True,False,True
S00117620,2025,P01,True,True,False,True
S00014161,2025,P01,True,True,False,True
S00124826,2025,P01,True,True,False,True
S00126958,2025,P01,True,True,False,True
S00083320,2025,P01,True,True,False,True
S00047994,2025,P01,True,True,False,True
S00102695,2025,P01,True,False,True,True
S00076262,2025,P01,True,False,True,True
S00017739,2025,P01,True,False,True,True
S00081195,2025,P01,True,True,False,True
S00046433,2025,P01,True,True,False,True
S00089509,2025,P01,True,True,False,True
S00023956,2025,P01,True,False,True,True
S00090996,2025,P01,True,True,False,True
S00083707,2025,P01,True,True,False,True
S00116540,2025,P01,True,True,False,True
S00103818,2025,P01,True,True,False,True
S00049792,2025,P01,True,False,True,True
S00031667,2025,P01,True,False,True,True
S00034032,2025,P01,True,True,False,True
S00105237,2025,P01,True,True,False,True
S00088390,2025,P01,True,True,False,True
S00094264,2025,P01,True,True,False,True
S00092683,2025,P01,True,True,False,True
S00072187,2025,P01,True,True,False,True
S00090447,2025,P01,True,True,False,True
S00118586,2025,P01,True,True,False,True
S00050611,2025,P01,True,False,True,True
S00120949,2025,P01,True,False,True,True
S00127232,2025,P01,True,True,False,True
S00084518,2025,P01,True,True,False,True
S00000013,2025,P01,True,True,False,True
S00069128,2025,P01,True,True,False,True
S00110020,2025,P01,True,True,False,True
S00122310,2025,P01,True,True,False,True
S00014661,2025,P01,True,False,True,True
S00112168,2025,P01,True,True,False,True
S00071863,2025,P01,True,False,True,True
S00110868,2025,P01,True,False,True,True
S00082502,2025,P01,True,False,True,True
S00013572,2025,P01,True,True,False,True
S00034209,2025,P01,True,True,False,True
S00103178,2025,P01,True,True,False,True
S00112910,2025,P01,True,True,False,True
S00010098,2025,P01,True,True,False,True
S00077448,2025,P01,True,True,False,True
S00117495,2025,P01,True,True,False,True
S00098630,2025,P01,True,True,False,True
S00107667,2025,P01,True,False,True,True
S00107632,2025,P01,True,True,False,True
S00068076,2025,P01,True,True,False,True
S00092075,2025,P01,True,True,False,True
S00107086,2025,P01,True,True,False,True
S00083750,2025,P01,True,True,False,True
S00049852,2025,P01,True,False,True,True
S00120419,2025,P01,True,True,False,True
S00053483,2025,P01,True,True,False,True
S00066195,2025,P01,True,True,False,True
S00041118,2025,P01,True,True,False,True
S00072765,2025,P01,True,True,False,True
S00075369,2025,P02,True,True,False,True
S00093516,2025,P02,True,False,True,True
S00103158,2025,P02,True,True,False,True
S00058084,2025,P02,True,True,False,True
S00045654,2025,P02,True,False,True,True
S00017166,2025,P02,True,True,False,True
S00020572,2025,P02,True,True,False,True
S00098643,2025,P02,True,False,True,True
S00103395,2025,P02,True,True,False,True
S00109000,2025,P02,True,True,False,True
S00052516,2025,P02,True,False,True,True
S00043113,2025,P02,True,True,False,True
S00070125,2025,P02,True,True,False,True
S00086664,2025,P02,True,True,False,True
S00016464,2025,P02,True,False,True,True
S00035522,2025,P02,True,True,False,True
S00110665,2025,P02,True,True,False,True
S00040430,2025,P02,True,True,False,True
S00005842,2025,P02,True,True,False,True
S00089898,2025,P02,True,False,True,True
S00030559,2025,P02,True,True,False,True
S00130008,2025,P02,True,False,True,True
S00022160,2025,P02,True,False,True,True
S00087994,2025,P02,True,True,False,True
S00025769,2025,P02,True,True,False,True
S00104394,2025,P02,True,True,False,True
S00040964,2025,P02,True,False,True,True
S00064043,2025,P02,True,True,False,True
S00110219,2025,P02,True,True,False,True
S00015479,2025,P02,True,False,True,True
S00019227,2025,P02,True,True,False,True
S00031139,2025,P02,True,True,False,True
S00034153,2025,P02,True,True,False,True
S00119108,2025,P02,True,True,False,True
S00086365,2025,P02,True,True,False,True
S00050356,2025,P02,True,True,False,True
S00078535,2025,P02,True,True,False,True
S00117931,2025,P02,True,True,False,True
S00047338,2025,P02,True,True,False,True
S00033593,2025,P02,True,True,False,True
S00048133,2025,P02,True,True,False,True
S00119320,2025,P02,True,True,False,True
S00106263,2025,P02,True,True,False,True
S00036122,2025,P02,True,True,False,True
S00121206,2025,P02,True,True,False,True
S00066420,2025,P02,True,False,True,True
S00004138,2025,P02,True,True,False,True
S00107350,2025,P02,True,False,True,True
S00021007,2025,P02,True,True,False,True
S00032375,2025,P02,True,True,False,True
S00095650,2025,P02,True,True,False,True
S00069815,2025,P02,True,True,False,True
S00065107,2025,P02,True,False,True,True
S00072022,2025,P02,True,True,False,True
S00009314,2025,P02,True,False,True,True
S00106942,2025,P02,True,True,False,True
S00119325,2025,P02,True,True,False,True
S00065798,2025,P02,True,True,False,True
S00124904,2025,P02,True,False,True,True
S00115336,2025,P02,True,True,False,True
S00075215,2025,P02,True,True,False,True
S00094851,2025,P02,True,True,False,True
S00105618,2025,P02,True,True,False,True
S00021907,2025,P02,True,False,True,True
S00031825,2025,P02,True,True,False,True
S00113126,2025,P02,True,True,False,True
S00127509,2025,P02,True,True,False,True
S00026358,2025,P02,True,True,False,True
S00048926,2025,P02,True,True,False,True
S00101195,2025,P02,True,True,False,True
S00071235,2025,P02,True,True,False,True
S00070231,2025,P02,True,True,False,True
S00023747,2025,P02,True,True,False,True
S00007638,2025,P02,True,True,False,True
S00034423,2025,P02,True,True,False,True
S00108335,2025,P02,True,True,False,True
S00033056,2025,P02,True,True,False,True
S00117610,2025,P02,True,True,False,True
S00116474,2025,P02,True,True,False,True
S00092867,2025,P02,True,True,False,True
S00130223,2025,P02,True,True,False,True
S00065283,2025,P02,True,True,False,True
S00013189,2025,P02,True,False,True,True
S00021408,2025,P02,True,False,True,True
S00001936,2025,P02,True,False,True,True
S00000914,2025,P02,True,True,False,True
S00117581,2025,P02,True,False,True,True
S00068072,2025,P02,True,False,True,True
S00093267,2025,P02,True,True,False,True
S00088545,2025,P02,True,True,False,True
S00070590,2025,P02,True,True,False,True
S00060419,2025,P02,True,True,False,True
S00078898,2025,P02,True,True,False,True
S00102547,2025,P02,True,True,False,True
S00119218,2025,P02,True,True,False,True
S00124115,2025,P02,True,False,True,True
S00104772,2025,P02,True,True,False,True
S00035051,2025,P02,True,True,False,True
S00106016,2025,P02,True,True,False,True
S00116838,2025,P02,True,False,True,True
S00036893,2025,P02,True,False,True,True
S00039891,2025,P02,True,True,False,True
S00082194,2025,P02,True,True,False,True
S00015208,2025,P02,True,False,True,True
S00106944,2025,P02,True,True,False,True
S00122996,2025,P02,True,True,False,True
S00076490,2025,P02,True,False,True,True
S00054716,2025,P02,True,True,False,True
S00069505,2025,P02,True,True,False,True
S00036605,2025,P02,True,True,False,True
S00116405,2025,P02,True,False,True,True
S00090356,2025,P02,True,False,True,True
S00105513,2025,P02,True,True,False,True
S00113352,2025,P02,True,False,True,True
S00069635,2025,P02,True,False,True,True
S00123764,2025,P02,True,True,False,True
S00012643,2025,P02,True,True,False,True
S00097923,2025,P02,True,True,False,True
S00120008,2025,P02,True,True,False,True
S00091673,2025,P02,True,True,False,True
S00042318,2025,P02,True,True,False,True
S00093463,2025,P02,True,True,False,True
S00017064,2025,P02,True,True,False,True
S00111522,2025,P02,True,True,False,True
S00081997,2025,P02,True,False,True,True
S00035252,2025,P03,True,True,False,True
S00099586,2025,P03,True,True,False,True
S00022260,2025,P03,True,True,False,True
S00088495,2025,P03,True,True,False,True
S00032921,2025,P03,True,True,False,True
S00072267,2025,P03,True,True,False,True
S00104185,2025,P03,True,True,False,True
S00052403,2025,P03,True,False,True,True
S00059207,2025,P03,True,False,True,True
S00103054,2025,P03,True,True,False,True
S00071659,2025,P03,True,True,False,True
S00119367,2025,P03,True,False,True,True
S00122291,2025,P03,True,True,False,True
S00119441,2025,P03,True,True,False,True
S00057300,2025,P03,True,False,True,True
S00104606,2025,P03,True,True,False,True
S00109736,2025,P03,True,True,False,True
S00099193,2025,P03,True,False,True,True
S00085201,2025,P03,True,True,False,True
S00110797,2025,P03,True,True,False,True
S00029667,2025,P03,True,True,False,True
S00106426,2025,P03,True,True,False,True
S00102199,2025,P03,True,True,False,True
S00043460,2025,P03,True,True,False,True
S00049843,2025,P03,True,True,False,True
S00083893,2025,P03,True,True,False,True
S00111347,2025,P03,True,True,False,True
S00075661,2025,P03,True,True,False,True
S00070733,2025,P03,True,False,True,True
S00071532,2025,P03,True,True,False,True
S00105445,2025,P03,True,True,False,True
S00103975,2025,P03,True,True,False,True
S00019487,2025,P03,True,True,False,True
S00050494,2025,P03,True,True,False,True
S00117760,2025,P03,True,True,False,True
S00041001,2025,P03,True,False,True,True
S00120430,2025,P03,True,True,False,True
S00010510,2025,P03,True,True,False,True
S00013942,2025,P03,True,True,False,True
S00075493,2025,P03,True,True,False,True
S00074327,2025,P03,True,False,True,True
S00065477,2025,P03,True,True,False,True
S00092275,2025,P03,True,True,False,True
S00109998,2025,P03,True,False,True,True
S00104539,2025,P03,True,True,False,True
S00005995,2025,P03,True,True,False,True
S00037573,2025,P03,True,True,False,True
S00108296,2025,P03,True,True,False,True
S00107290,2025,P03,True,True,False,True
S00002886,2025,P03,True,True,False,True
S00013105,2025,P03,True,False,True,True
S00013145,2025,P03,True,True,False,True
S00082864,2025,P03,True,True,False,True
S00111609,2025,P03,True,False,True,True
S00000864,2025,P03,True,True,False,True
S00120474,2025,P03,True,True,False,True
S00132151,2025,P03,True,False,True,True
S00102729,2025,P03,True,True,False,True
S00034253,2025,P03,True,True,False,True
S00113826,2025,P03,True,False,True,True
S00036585,2025,P03,True,False,True,True
S00112305,2025,P03,True,False,True,True
S00034020,2025,P03,True,True,False,True
S00106320,2025,P03,True,True,False,True
S00032620,2025,P03,True,True,False,True
S00057994,2025,P03,True,True,False,True
S00092782,2025,P03,True,True,False,True
S00060289,2025,P03,True,True,False,True
S00060333,2025,P03,True,True,False,True
S00061971,2025,P03,True,True,False,True
S00090833,2025,P03,True,True,False,True
S00124310,2025,P03,True,True,False,True
S00035151,2025,P03,True,True,False,True
S00003534,2025,P03,True,True,False,True
S00007706,2025,P03,True,True,False,True
S00024085,2025,P03,True,True,False,True
S00089403,2025,P03,True,False,True,True
S00049230,2025,P03,True,True,False,True
S00091928,2025,P03,True,True,False,True
S00108833,2025,P03,True,True,False,True
S00006709,2025,P03,True,True,False,True
S00107622,2025,P03,True,True,False,True
S00051867,2025,P03,True,True,False,True
S00125836,2025,P03,True,True,False,True
S00083259,2025,P03,True,False,True,True
S00075547,2025,P03,True,True,False,True
S00068622,2025,P03,True,False,True,True
S00125414,2025,P03,True,True,False,True
S00100005,2025,P03,True,True,False,True
S00104532,2025,P03,True,True,False,True
S00078117,2025,P03,True,False,True,True
S00060992,2025,P03,True,False,True,True
S00059135,2025,P03,True,False,True,True
S00018616,2025,P03,True,False,True,True
S00089397,2025,P03,True,True,False,True
S00000023,2025,P03,True,True,False,True
S00099631,2025,P03,True,False,True,True
S00071608,2025,P03,True,True,False,True
S00125880,2025,P03,True,False,True,True
S00032668,2025,P03,True,True,False,True
S00081628,2025,P03,True,False,True,True
S00106481,2025,P03,True,True,False,True
S00068104,2025,P03,True,True,False,True
S00022061,2025,P03,True,True,False,True
S00119826,2025,P03,True,True,False,True
S00047503,2025,P03,True,True,False,True
S00112076,2025,P03,True,True,False,True
S00071540,2025,P03,True,True,False,True
S00053565,2025,P03,True,True,False,True
S00073949,2025,P03,True,True,False,True
S00019304,2025,P03,True,False,True,True
S00097104,2025,P03,True,False,True,True
S00126923,2025,P03,True,True,False,True
S00111490,2025,P03,True,True,False,True
S00119239,2025,P03,True,True,False,True
S00049196,2025,P03,True,True,False,True
S00121140,2025,P03,True,False,True,True
S00107309,2025,P03,True,True,False,True
S00122693,2025,P03,True,True,False,True
S00118540,2025,P03,True,False,True,True
S00012682,2025,P03,True,True,False,True
S00098956,2025,P03,True,False,True,True
S00017923,2025,P03,True,True,False,True
S00113798,2025,P03,True,True,False,True
S00038129,2025,P03,True,False,True,True
S00079177,2025,P04,True,True,False,True
S00064377,2025,P04,True,True,False,True
S00110880,2025,P04,True,True,False,True
S00026827,2025,P04,True,True,False,True
S00009196,2025,P04,True,False,True,True
S00025937,2025,P04,True,True,False,True
S00115471,2025,P04,True,True,False,True
S00120942,2025,P04,True,False,True,True
S00114392,2025,P04,True,True,False,True
S00055476,2025,P04,True,True,False,True
S00043895,2025,P04,True,True,False,True
S00113658,2025,P04,True,False,True,True
S00023847,2025,P04,True,True,False,True
S00066712,2025,P04,True,True,False,True
S00062777,2025,P04,True,True,False,True
S00073911,2025,P04,True,False,True,True
S00025673,2025,P04,True,True,False,True
S00083977,2025,P04,True,False,True,True
S00055184,2025,P04,True,True,False,True
S00130366,2025,P04,True,True,False,True
S00011532,2025,P04,True,False,True,True
S00134476,2025,P04,True,True,False,True
S00123108,2025,P04,True,True,False,True
S00109487,2025,P04,True,True,False,True
S00050954,2025,P04,True,False,True,True
S00081343,2025,P04,True,True,False,True
S00058312,2025,P04,True,False,True,True
S00079093,2025,P04,True,True,False,True
S00017979,2025,P04,True,True,False,True
S00083179,2025,P04,True,True,False,True
S00112642,2025,P04,True,True,False,True
S00103012,2025,P04,True,True,False,True
S00124921,2025,P04,True,True,False,True
S00120974,2025,P04,True,True,False,True
S00025491,2025,P04,True,True,False,True
S00111070,2025,P04,True,True,False,True
S00091172,2025,P04,True,True,False,True
S00012243,2025,P04,True,False,True,True
S00117573,2025,P04,True,True,False,True
S00059602,2025,P04,True,True,False,True
S00100865,2025,P04,True,True,False,True
S00048520,2025,P04,True,True,False,True
S00110774,2025,P04,True,True,False,True
S00029320,2025,P04,True,True,False,True
S00014914,2025,P04,True,True,False,True
S00049274,2025,P04,True,True,False,True
S00117659,2025,P04,True,True,False,True
S00110394,2025,P04,True,True,False,True
S00092966,2025,P04,True,True,False,True
S00021939,2025,P04,True,True,False,True
S00093480,2025,P04,True,False,True,True
S00067166,2025,P04,True,True,False,True
S00090586,2025,P04,True,True,False,True
S00031745,2025,P04,True,True,False,True
S00049726,2025,P04,True,False,True,True
S00072987,2025,P04,True,False,True,True
S00111864,2025,P04,True,True,False,True
S00086267,2025,P04,True,True,False,True
S00122100,2025,P04,True,False,True,True
S00086601,2025,P04,True,False,True,True
S00045091,2025,P04,True,False,True,True
S00111661,2025,P04,True,True,False,True
S00114765,2025,P04,True,False,True,True
S00010593,2025,P04,True,True,False,True
S00113666,2025,P04,True,False,True,True
S00070305,2025,P04,True,True,False,True
S00016904,2025,P04,True,True,False,True
S00126604,2025,P04,True,True,False,True
S00107814,2025,P04,True,True,False,True
S00043566,2025,P04,True,True,False,True
S00114826,2025,P04,True,True,False,True
S00112136,2025,P04,True,True,False,True
S00079491,2025,P04,True,True,False,True
S00013301,2025,P04,True,True,False,True
S00018803,2025,P04,True,True,False,True
S00104335,2025,P04,True,False,True,True
S00041007,2025,P04,True,True,False,True
S00041091,2025,P04,True,True,False,True
S00059803,2025,P04,True,False,True,True
S00126121,2025,P04,True,True,False,True
S00061550,2025,P04,True,True,False,True
S00115157,2025,P04,True,True,False,True
S00088216,2025,P04,True,True,False,True
S00112056,2025,P04,True,True,False,True
S00048767,2025,P04,True,False,True,True
S00068954,2025,P04,True,True,False,True
S00048663,2025,P04,True,False,True,True
S00050155,2025,P04,True,False,True,True
S00038175,2025,P04,True,True,False,True
S00062416,2025,P04,True,False,True,True
S00079633,2025,P04,True,True,False,True
S00044411,2025,P04,True,True,False,True
S00066400,2025,P04,True,False,True,True
S00068074,2025,P04,True,False,True,True
S00002706,2025,P04,True,True,False,True
S00124932,2025,P04,True,True,False,True
S00133895,2025,P04,True,True,False,True
S00120538,2025,P04,True,True,False,True
S00111069,2025,P04,True,False,True,True
S00024254,2025,P04,True,True,False,True
S00118559,2025,P04,True,True,False,True
S00058320,2025,P04,True,False,True,True
S00032295,2025,P04,True,True,False,True
S00104369,2025,P04,True,True,False,True
S00066781,2025,P04,True,True,False,True
S00113395,2025,P04,True,True,False,True
S00118880,2025,P04,True,True,False,True
S00115425,2025,P04,True,True,False,True
S00112639,2025,P04,True,True,False,True
S00122621,2025,P04,True,True,False,True
S00125426,2025,P04,True,True,False,True
S00041318,2025,P04,True,False,True,True
S00007695,2025,P04,True,False,True,True
S00116455,2025,P04,True,True,False,True
S00134702,2025,P04,True,True,False,True
S00125912,2025,P04,True,True,False,True
S00060989,2025,P04,True,True,False,True
S00106880,2025,P04,True,True,False,True
S00097419,2025,P04,True,True,False,True
S00123033,2025,P04,True,False,True,True
S00131892,2025,P04,True,True,False,True
S00066162,2025,P04,True,True,False,True
S00019710,2025,P04,True,True,False,True
S00105433,2025,P04,True,False,True,True
S00097253,2025,P04,True,True,False,True
S00084695,2025,P05,True,False,True,True
S00036423,2025,P05,True,False,True,True
S00092293,2025,P05,True,True,False,True
S00022357,2025,P05,True,True,False,True
S00005340,2025,P05,True,False,True,True
S00123607,2025,P05,True,False,True,True
S00011120,2025,P05,True,True,False,True
S00048267,2025,P05,True,True,False,True
S00000407,2025,P05,True,True,False,True
S00064874,2025,P05,True,True,False,True
S00045997,2025,P05,True,True,False,True
S00099955,2025,P05,True,True,False,True
S00041570,2025,P05,True,True,False,True
S00079795,2025,P05,True,True,False,True
S00022332,2025,P05,True,True,False,True
S00015477,2025,P05,True,True,False,True
S00036486,2025,P05,True,True,False,True
S00040970,2025,P05,True,True,False,True
S00110934,2025,P05,True,True,False,True
S00091821,2025,P05,True,False,True,True
S00108292,2025,P05,True,False,True,True
S00074698,2025,P05,True,True,False,True
S00013032,2025,P05,True,True,False,True
S00024050,2025,P05,True,True,False,True
S00039706,2025,P05,True,True,False,True
S00014257,2025,P05,True,True,False,True
S00113929,2025,P05,True,False,True,True
S00017544,2025,P05,True,True,False,True
S00005262,2025,P05,True,True,False,True
S00026009,2025,P05,True,False,True,True
S00127825,2025,P05,True,True,False,True
S00105373,2025,P05,True,True,False,True
S00042837,2025,P05,True,False,True,True
S00013731,2025,P05,True,True,False,True
S00046074,2025,P05,True,True,False,True
S00030489,2025,P05,True,False,True,True
S00043665,2025,P05,True,False,True,True
S00037039,2025,P05,True,True,False,True
S00033938,2025,P05,True,True,False,True
S00095203,2025,P05,True,True,False,True
S00053236,2025,P05,True,True,False,True
S00103047,2025,P05,True,True,False,True
S00000834,2025,P05,True,False,True,True
S00110633,2025,P05,True,True,False,True
S00006013,2025,P05,True,False,True,True
S00112127,2025,P05,True,True,False,True
S00120383,2025,P05,True,False,True,True
S00119626,2025,P05,True,True,False,True
S00000935,2025,P05,True,True,False,True
S00069383,2025,P05,True,True,False,True
S00115891,2025,P05,True,True,False,True
S00030757,2025,P05,True,True,False,True
S00031885,2025,P05,True,False,True,True
S00037183,2025,P05,True,False,True,True
S00089214,2025,P05,True,False,True,True
S00091431,2025,P05,True,True,False,True
S00107188,2025,P05,True,True,False,True
S00102637,2025,P05,True,True,False,True
S00059565,2025,P05,True,True,False,True
S00077985,2025,P05,True,True,False,True
S00121656,2025,P05,True,True,False,True
S00050914,2025,P05,True,True,False,True
S00013038,2025,P05,True,True,False,True
S00103607,2025,P05,True,False,True,True
S00118131,2025,P05,True,True,False,True
S00077539,2025,P05,True,True,False,True
S00109548,2025,P05,True,False,True,True
S00049381,2025,P05,True,False,True,True
S00108981,2025,P05,True,True,False,True
S00093160,2025,P05,True,False,True,True
S00128712,2025,P05,True,True,False,True
S00028643,2025,P05,True,True,False,True
S00114958,2025,P05,True,True,False,True
S00080151,2025,P05,True,True,False,True
S00057273,2025,P05,True,True,False,True
S00119033,2025,P05,True,True,False,True
S00102834,2025,P05,True,False,True,True
S00089695,2025,P05,True,False,True,True
S00081973,2025,P05,True,True,False,True
S00033154,2025,P05,True,True,False,True
S00096150,2025,P05,True,True,False,True
S00082566,2025,P05,True,True,False,True
S00113893,2025,P05,True,True,False,True
S00126948,2025,P05,True,True,False,True
S00117146,2025,P05,True,True,False,True
S00126745,2025,P05,True,True,False,True
S00118499,2025,P05,True,False,True,True
S00113915,2025,P05,True,True,False,True
S00018273,2025,P05,True,True,False,True
S00121893,2025,P05,True,True,False,True
S00012744,2025,P05,True,True,False,True
S00109899,2025,P05,True,False,True,True
S00080076,2025,P05,True,True,False,True
S00090628,2025,P05,True,True,False,True
S00047710,2025,P05,True,True,False,True
S00113784,2025,P05,True,True,False,True
S00108250,2025,P05,True,True,False,True
S00109068,2025,P05,True,True,False,True
S00105937,2025,P05,True,True,False,True
S00022781,2025,P05,True,True,False,True
S00120571,2025,P05,True,True,False,True
S00025775,2025,P05,True,True,False,True
S00089706,2025,P05,True,True,False,True
S00130570,2025,P05,True,True,False,True
S00117037,2025,P05,True,True,False,True
S00102518,2025,P05,True,True,False,True
S00055048,2025,P05,True,True,False,True
S00110851,2025,P05,True,True,False,True
S00099489,2025,P05,True,True,False,True
S00035949,2025,P05,True,False,True,True
S00067245,2025,P05,True,False,True,True
S00125098,2025,P05,True,True,False,True
S00108825,2025,P05,True,True,False,True
S00099418,2025,P05,True,True,False,True
S00083253,2025,P05,True,True,False,True
S00101865,2025,P05,True,False,True,True
S00101709,2025,P05,True,False,True,True
S00080089,2025,P05,True,True,False,True
S00121024,2025,P05,True,True,False,True
S00104560,2025,P05,True,False,True,True
S00085985,2025,P05,True,True,False,True
S00087729,2025,P05,True,True,False,True
S00029489,2025,P05,True,True,False,True
S00071586,2025,P05,True,False,True,True
S00060529,2025,P05,True,True,False,True
S00046511,2025,P06,True,False,True,True
S00070707,2025,P06,True,True,False,True
S00061718,2025,P06,True,True,False,True
S00014722,2025,P06,True,True,False,True
S00011566,2025,P06,True,True,False,True
S00082359,2025,P06,True,True,False,True
S00102235,2025,P06,True,True,False,True
S00022433,2025,P06,True,False,True,True
S00029059,2025,P06,True,True,False,True
S00016777,2025,P06,True,True,False,True
S00116680,2025,P06,True,True,False,True
S00000096,2025,P06,True,True,False,True
S00009042,2025,P06,True,False,True,True
S00112664,2025,P06,True,True,False,True
S00114013,2025,P06,True,False,True,True
S00079681,2025,P06,True,False,True,True
S00062012,2025,P06,True,True,False,True
S00080499,2025,P06,True,True,False,True
S00087259,2025,P06,True,True,False,True
S00026539,2025,P06,True,True,False,True
S00063839,2025,P06,True,True,False,True
S00115359,2025,P06,True,True,False,True
S00076756,2025,P06,True,True,False,True
S00129806,2025,P06,True,True,False,True
S00056374,2025,P06,True,True,False,True
S00107521,2025,P06,True,True,False,True
S00106240,2025,P06,True,True,False,True
S00064071,2025,P06,True,True,False,True
S00068706,2025,P06,True,True,False,True
S00040274,2025,P06,True,True,False,True
S00067462,2025,P06,True,True,False,True
S00104410,2025,P06,True,True,False,True
S00073233,2025,P06,True,True,False,True
S00131611,2025,P06,True,True,False,True
S00062430,2025,P06,True,True,False,True
S00115242,2025,P06,True,True,False,True
S00116327,2025,P06,True,True,False,True
S00090413,2025,P06,True,True,False,True
S00109941,2025,P06,True,False,True,True
S00057911,2025,P06,True,False,True,True
S00009403,2025,P06,True,False,True,True
S00124327,2025,P06,True,True,False,True
S00083413,2025,P06,True,True,False,True
S00114546,2025,P06,True,False,True,True
S00122718,2025,P06,True,False,True,True
S00104530,2025,P06,True,True,False,True
S00030084,2025,P06,True,False,True,True
S00042579,2025,P06,True,True,False,True
S00112683,2025,P06,True,True,False,True
S00112051,2025,P06,True,False,True,True
S00101856,2025,P06,True,True,False,True
S00112877,2025,P06,True,False,True,True
S00027824,2025,P06,True,False,True,True
S00096123,2025,P06,True,True,False,True
S00030875,2025,P06,True,True,False,True
S00118230,2025,P06,True,True,False,True
S00117419,2025,P06,True,True,False,True
S00012629,2025,P06,True,True,False,True
S00000036,2025,P06,True,True,False,True
S00003045,2025,P06,True,True,False,True
S00111730,2025,P06,True,False,True,True
S00058470,2025,P06,True,True,False,True
S00072266,2025,P06,True,True,False,True
S00123969,2025,P06,True,False,True,True
S00072675,2025,P06,True,True,False,True
S00084520,2025,P06,True,False,True,True
S00128015,2025,P06,True,False,True,True
S00111127,2025,P06,True,True,False,True
S00031928,2025,P06,True,True,False,True
S00034002,2025,P06,True,True,False,True
S00044418,2025,P06,True,True,False,True
S00083640,2025,P06,True,True,False,True
S00070364,2025,P06,True,True,False,True
S00053769,2025,P06,True,True,False,True
S00112665,2025,P06,True,True,False,True
S00023543,2025,P06,True,False,True,True
S00006969,2025,P06,True,False,True,True
S00121468,2025,P06,True,False,True,True
S00029703,2025,P06,True,True,False,True
S00106875,2025,P06,True,False,True,True
S00019081,2025,P06,True,True,False,True
S00044610,2025,P06,True,False,True,True
S00091634,2025,P06,True,True,False,True
S00100564,2025,P06,True,True,False,True
S00084922,2025,P06,True,True,False,True
S00114882,2025,P06,True,False,True,True
S00126163,2025,P06,True,False,True,True
S00133924,2025,P06,True,False,True,True
S00063340,2025,P06,True,True,False,True
S00004761,2025,P06,True,True,False,True
S00079084,2025,P06,True,True,False,True
S00115864,2025,P06,True,True,False,True
S00057806,2025,P06,True,True,False,True
S00002361,2025,P06,True,False,True,True
S00112504,2025,P06,True,True,False,True
S00007893,2025,P06,True,False,True,True
S00119748,2025,P06,True,True,False,True
S00108583,2025,P06,True,True,False,True
S00117921,2025,P06,True,True,False,True
S00118997,2025,P06,True,True,False,True
S00091835,2025,P06,True,True,False,True
S00107971,2025,P06,True,True,False,True
S00041255,2025,P06,True,True,False,True
S00115406,2025,P06,True,False,True,True
S00057567,2025,P06,True,True,False,True
S00109526,2025,P06,True,True,False,True
S00121156,2025,P06,True,True,False,True
S00048513,2025,P06,True,True,False,True
S00112851,2025,P06,True,True,False,True
S00056979,2025,P06,True,True,False,True
S00106273,2025,P06,True,True,False,True
S00037350,2025,P06,True,False,True,True
S00040946,2025,P06,True,False,True,True
S00102592,2025,P06,True,True,False,True
S00048851,2025,P06,True,True,False,True
S00081633,2025,P06,True,True,False,True
S00115421,2025,P06,True,True,False,True
S00076785,2025,P06,True,True,False,True
S00130425,2025,P06,True,True,False,True
S00020542,2025,P06,True,True,False,True
S00017707,2025,P06,True,True,False,True
S00029401,2025,P06,True,True,False,True
S00112994,2025,P06,True,True,False,True
S00107970,2025,P06,True,True,False,True
S00122140,2025,P06,True,True,False,True
S00063867,2025,P07,True,False,True,False
S00001555,2025,P07,True,True,False,False
S00115959,2025,P07,True,True,False,False
S00085121,2025,P07,True,True,False,False
S00115249,2025,P07,True,True,False,False
S00067103,2025,P07,True,False,True,False
S00101763,2025,P07,True,False,True,False
S00115709,2025,P07,True,True,False,False
S00078334,2025,P07,True,False,True,False
S00116130,2025,P07,True,True,False,False
S00124881,2025,P07,True,True,False,False
S00000993,2025,P07,True,True,False,False
S00041562,2025,P07,True,True,False,False
S00103042,2025,P07,True,True,False,False
S00112219,2025,P07,True,True,False,False
S00105943,2025,P07,True,True,False,False
S00066729,2025,P07,True,True,False,False
S00124395,2025,P07,True,False,True,False
S00045120,2025,P07,True,False,True,False
S00113831,2025,P07,True,True,False,False
S00104243,2025,P07,True,True,False,False
S00041770,2025,P07,True,True,False,False
S00112794,2025,P07,True,True,False,False
S00044003,2025,P07,True,True,False,False
S00120943,2025,P07,True,False,True,False
S00113861,2025,P07,True,True,False,False
S00094409,2025,P07,True,True,False,False
S00102379,2025,P07,True,True,False,False
S00064160,2025,P07,True,True,False,False
S00125899,2025,P07,True,True,False,False
S00126764,2025,P07,True,False,True,False
S00108571,2025,P07,True,True,False,False
S00024045,2025,P07,True,True,False,False
S00002694,2025,P07,True,True,False,False
S00126443,2025,P07,True,True,False,False
S00079515,2025,P07,True,True,False,False
S00059315,2025,P07,True,True,False,False
S00069328,2025,P07,True,True,False,False
S00051464,2025,P07,True,True,False,False
S00001300,2025,P07,True,True,False,False
S00103839,2025,P07,True,False,True,False
S00114955,2025,P07,True,True,False,False
S00120549,2025,P07,True,False,True,False
S00083946,2025,P07,True,False,True,False
S00019356,2025,P07,True,True,False,False
S00109265,2025,P07,True,True,False,False
S00010301,2025,P07,True,True,False,False
S00044948,2025,P07,True,True,False,False
S00107990,2025,P07,True,True,False,False
S00116046,2025,P07,True,True,False,False
S00047079,2025,P07,True,True,False,False
S00091718,2025,P07,True,True,False,False
S00119309,2025,P07,True,True,False,False
S00018245,2025,P07,True,True,False,False
S00088559,2025,P07,True,True,False,False
S00120763,2025,P07,True,False,True,False
S00042614,2025,P07,True,True,False,False
S00101362,2025,P07,True,True,False,False
S00130014,2025,P07,True,True,False,False
S00113609,2025,P07,True,False,True,False
S00034899,2025,P07,True,True,False,False
S00082482,2025,P07,True,False,True,False
S00118658,2025,P07,True,True,False,False
S00018478,2025,P07,True,False,True,False
S00014197,2025,P07,True,True,False,False
S00069442,2025,P07,True,True,False,False
S00125024,2025,P07,True,True,False,False
S00046749,2025,P07,True,False,True,False
S00113073,2025,P07,True,True,False,False
S00117945,2025,P07,True,True,False,False
S00121718,2025,P07,True,True,False,False
S00055010,2025,P07,True,True,False,False
S00003389,2025,P07,True,True,False,False
S00130310,2025,P07,True,False,True,False
S00112302,2025,P07,True,True,False,False
S00004415,2025,P07,True,True,False,False
S00022301,2025,P07,True,True,False,False
S00127329,2025,P07,True,True,False,False
S00035245,2025,P07,True,True,False,False
S00086963,2025,P07,True,True,False,False
S00029887,2025,P07,True,True,False,False
S00114439,2025,P07,True,True,False,False
S00109606,2025,P07,True,True,False,False
S00109262,2025,P07,True,True,False,False
S00116932,2025,P07,True,True,False,False
S00059003,2025,P07,True,True,False,False
S00104738,2025,P07,True,True,False,False
S00026602,2025,P07,True,True,False,False
S00114521,2025,P07,True,True,False,False
S00060125,2025,P07,True,True,False,False
S00057857,2025,P07,True,True,False,False
S00052023,2025,P07,True,False,True,False
S00128098,2025,P07,True,True,False,False
S00114789,2025,P07,True,True,False,False
S00035744,2025,P07,True,True,False,False
S00013024,2025,P07,True,True,False,False
S00078380,2025,P07,True,True,False,False
S00063394,2025,P07,True,True,False,False
S00122724,2025,P07,True,False,True,False
S00125433,2025,P07,True,False,True,False
S00118475,2025,P07,True,True,False,False
S00041593,2025,P07,True,True,False,False
S00037190,2025,P07,True,False,True,False
S00113217,2025,P07,True,True,False,False
S00016015,2025,P07,True,True,False,False
S00124536,2025,P07,True,False,True,False
S00079956,2025,P07,True,False,True,False
S00034307,2025,P07,True,True,False,False
S00036943,2025,P07,True,True,False,False
S00130670,2025,P07,True,True,False,False
S00096780,2025,P07,True,True,False,False
S00110734,2025,P07,True,False,True,False
S00003337,2025,P07,True,False,True,False
S00068689,2025,P07,True,False,True,False
S00064735,2025,P07,True,False,True,False
S00134517,2025,P07,True,True,False,False
S00081386,2025,P07,True,True,False,False
S00103048,2025,P07,True,True,False,False
S00095924,2025,P07,True,False,True,False
S00032510,2025,P07,True,False,True,False
S00126208,2025,P07,True,True,False,False
S00059500,2025,P07,True,True,False,False
S00115173,2025,P07,True,True,False,False
S00118317,2025,P07,True,False,True,False
S00099190,2025,P07,True,False,True,False
S00012603,2025,P08,True,True,False,False
S00020133,2025,P08,True,True,False,False
S00074294,2025,P08,True,True,False,False
S00063160,2025,P08,True,False,True,False
S00014451,2025,P08,True,True,False,False
S00071545,2025,P08,True,True,False,False
S00028843,2025,P08,True,True,False,False
S00106496,2025,P08,True,True,False,False
S00007643,2025,P08,True,True,False,False
S00071376,2025,P08,True,True,False,False
S00077230,2025,P08,True,True,False,False
S00040517,2025,P08,True,True,False,False
S00059621,2025,P08,True,True,False,False
S00105787,2025,P08,True,False,True,False
S00054628,2025,P08,True,True,False,False
S00078915,2025,P08,True,True,False,False
S00119206,2025,P08,True,True,False,False
S00057164,2025,P08,True,True,False,False
S00097894,2025,P08,True,True,False,False
S00106962,2025,P08,True,False,True,False
S00134788,2025,P08,True,True,False,False
S00064557,2025,P08,True,False,True,False
S00068770,2025,P08,True,False,True,False
S00036220,2025,P08,True,False,True,False
S00104272,2025,P08,True,True,False,False
S00007569,2025,P08,True,False,True,False
S00003989,2025,P08,True,True,False,False
S00058556,2025,P08,True,False,True,False
S00086550,2025,P08,True,False,True,False
S00017543,2025,P08,True,True,False,False
S00008948,2025,P08,True,False,True,False
S00078682,2025,P08,True,True,False,False
S00080023,2025,P08,True,True,False,False
S00113494,2025,P08,True,True,False,False
S00120957,2025,P08,True,True,False,False
S00055396,2025,P08,True,True,False,False
S00116734,2025,P08,True,False,True,False
S00045321,2025,P08,True,True,False,False
S00058247,2025,P08,True,False,True,False
S00027503,2025,P08,True,True,False,False
S00131610,2025,P08,True,True,False,False
S00132409,2025,P08,True,True,False,False
S00020632,2025,P08,True,True,False,False
S00012015,2025,P08,True,True,False,False
S00121901,2025,P08,True,False,True,False
S00076109,2025,P08,True,True,False,False
S00094545,2025,P08,True,True,False,False
S00074350,2025,P08,True,True,False,False
S00110374,2025,P08,True,False,True,False
S00108268,2025,P08,True,True,False,False
S00121767,2025,P08,True,True,False,False
S00047511,2025,P08,True,True,False,False
S00114984,2025,P08,True,False,True,False
S00070257,2025,P08,True,True,False,False
S00080105,2025,P08,True,True,False,False
S00110047,2025,P08,True,True,False,False
S00014360,2025,P08,True,True,False,False
S00113359,2025,P08,True,True,False,False
S00039641,2025,P08,True,True,False,False
S00124457,2025,P08,True,True,False,False
S00009613,2025,P08,True,True,False,False
S00084306,2025,P08,True,True,False,False
S00004857,2025,P08,True,False,True,False
S00119948,2025,P08,True,True,False,False
S00035768,2025,P08,True,True,False,False
S00092384,2025,P08,True,True,False,False
S00070945,2025,P08,True,True,False,False
S00127463,2025,P08,True,True,False,False
S00123204,2025,P08,True,True,False,False
S00000195,2025,P08,True,True,False,False
S00117207,2025,P08,True,True,False,False
S00133399,2025,P08,True,False,True,False
S00111678,2025,P08,True,True,False,False
S00055163,2025,P08,True,True,False,False
S00127926,2025,P08,True,True,False,False
S00045100,2025,P08,True,True,False,False
S00003552,2025,P08,True,True,False,False
S00077870,2025,P08,True,True,False,False
S00111726,2025,P08,True,True,False,False
S00045146,2025,P08,True,True,False,False
S00091860,2025,P08,True,True,False,False
S00009527,2025,P08,True,True,False,False
S00085627,2025,P08,True,True,False,False
S00082087,2025,P08,True,True,False,False
S00048836,2025,P08,True,True,False,False
S00125539,2025,P08,True,False,True,False
S00109221,2025,P08,True,False,True,False
S00083907,2025,P08,True,True,False,False
S00109321,2025,P08,True,True,False,False
S00021356,2025,P08,True,True,False,False
S00007214,2025,P08,True,False,True,False
S00058396,2025,P08,True,True,False,False
S00113022,2025,P08,True,False,True,False
S00052138,2025,P08,True,True,False,False
S00110658,2025,P08,True,True,False,False
S00065764,2025,P08,True,True,False,False
S00080540,2025,P08,True,False,True,False
S00010203,2025,P08,True,True,False,False
S00129050,2025,P08,True,False,True,False
S00118068,2025,P08,True,False,True,False
S00112721,2025,P08,True,True,False,False
S00088485,2025,P08,True,False,True,False
S00065910,2025,P08,True,True,False,False
S00049226,2025,P08,True,True,False,False
S00095198,2025,P08,True,False,True,False
S00106548,2025,P08,True,True,False,False
S00066533,2025,P08,True,True,False,False
S00021729,2025,P08,True,True,False,False
S00063925,2025,P08,True,False,True,False
S00119248,2025,P08,True,True,False,False
S00087584,2025,P08,True,True,False,False
S00086368,2025,P08,True,True,False,False
S00085721,2025,P08,True,True,False,False
S00058094,2025,P08,True,True,False,False
S00109042,2025,P08,True,False,True,False
S00124709,2025,P08,True,False,True,False
S00109845,2025,P08,True,False,True,False
S00040864,2025,P08,True,True,False,False
S00066272,2025,P08,True,True,False,False
S00127261,2025,P08,True,True,False,False
S00043939,2025,P08,True,True,False,False
S00046219,2025,P08,True,True,False,False
S00018746,2025,P08,True,True,False,False
S00013337,2025,P08,True,False,True,False
S00125656,2025,P08,True,True,False,False
