Credit ID,Designation Detail ID,Soft Credit Constituent ID,Hard Credit Org ID,Hard Credit Org Type,Credit Gift Type,Credit Amount,Credit Date,Credit Type
SYN-SC-000000029,Designation 1,S00000023,SYN-ORG-SOFT,Other Sponsor,Payment,420,2020-08-11,Soft
SYN-SC-000000058,Designation 8215,S00000033,SYN-ORG-SOFT,Other Sponsor,Payment,252,2021-05-08,Soft
SYN-SC-000000061,Other,S00000036,SYN-ORG-SOFT,Other Sponsor,Payment,775,2020-12-27,Soft
SYN-SC-000000144,Designation 1,S00000108,SYN-ORG-SOFT,Other Sponsor,Payment,1140,2021-04-03,Soft
SYN-SC-000000277,Designation 1,S00000199,SYN-ORG-SOFT,Other Sponsor,Payment,12,2021-05-01,Soft
SYN-SC-000000589,Designation 11,S00000407,SYN-ORG-SOFT,Other Sponsor,Payment,1128,2021-02-28,Soft
SYN-SC-000000653,Other,S00000444,SYN-ORG-SOFT,Other Sponsor,Payment,466,2020-12-02,Soft
SYN-SC-000001152,Designation 1,S00000832,SYN-ORG-SOFT,Other Sponsor,Payment,273,2020-08-19,Soft
SYN-SC-000001204,Other,S00000864,SYN-ORG-SOFT,Other Sponsor,Payment,6366,2021-06-01,Soft
SYN-SC-000001359,Designation 4,S00000993,SYN-ORG-SOFT,Other Sponsor,Payment,30058,2020-07-07,Soft
SYN-SC-000001708,Designation 1,S00001300,SYN-ORG-DAF,DAF Sponsor,Payment,250,2020-09-15,Soft
SYN-SC-000002095,Designation 6,S00001555,SYN-ORG-SOFT,Other Sponsor,Payment,1200,2021-04-25,Soft
SYN-SC-000002098,Designation 23,S00001564,SYN-ORG-SOFT,Other Sponsor,Payment,678,2021-02-27,Soft
SYN-SC-000002771,Designation 1,S00002162,SYN-ORG-SOFT,Other Sponsor,Payment,60,2020-11-12,Soft
SYN-SC-000003372,Designation 16156,S00002543,SYN-ORG-SOFT,Other Sponsor,Payment,504,2020-10-09,Soft
SYN-SC-000003920,Designation 8405,S00002970,SYN-ORG-SOFT,Other Sponsor,Payment,420,2021-04-04,Soft
SYN-SC-000004255,Designation 31751,S00003160,SYN-ORG-SOFT,Other Sponsor,Payment,373,2021-03-24,Soft
SYN-SC-000004280,Designation 25245,S00003180,SYN-ORG-SOFT,Other Sponsor,Payment,5,2021-06-05,Soft
SYN-SC-000004501,Designation 14158,S00003350,SYN-ORG-SOFT,Other Sponsor,Payment,7,2021-05-09,Soft
SYN-SC-000004568,Designation 1,S00003394,SYN-ORG-SOFT,Other Sponsor,Payment,190,2020-10-27,Soft
SYN-SC-000004657,Designation 9004,S00003447,SYN-ORG-SOFT,Other Sponsor,Payment,540,2020-10-11,Soft
SYN-SC-000005234,Other,S00003864,SYN-ORG-SOFT,Other Sponsor,Payment,600,2020-10-21,Soft
SYN-SC-000005376,Designation 18253,S00003948,SYN-ORG-SOFT,Other Sponsor,Payment,540,2021-02-15,Soft
SYN-SC-000005407,Designation 9,S00003989,SYN-ORG-SOFT,Other Sponsor,Payment,1501,2021-04-19,Soft
SYN-SC-000005420,Designation 47,S00004028,SYN-ORG-SOFT,Other Sponsor,Payment,2276,2020-12-08,Soft
SYN-SC-000006300,Designation 13743,S00004694,SYN-ORG-SOFT,Other Sponsor,Payment,20,2020-10-20,Soft
SYN-SC-000007498,Designation 13120,S00005633,SYN-ORG-SOFT,Other Sponsor,Payment,176,2021-02-11,Soft
SYN-SC-000007775,Designation 1,S00005842,SYN-ORG-SOFT,Other Sponsor,Payment,1242,2021-05-02,Soft
SYN-SC-000008370,Other,S00006288,SYN-ORG-SOFT,Other Sponsor,Payment,220,2020-09-14,Soft
SYN-SC-000008472,Designation 1,S00006383,SYN-ORG-SOFT,Other Sponsor,Payment,21,2021-06-02,Soft
SYN-SC-000008828,Designation 1,S00006665,SYN-ORG-DAF,DAF Sponsor,Payment,1200,2020-09-20,Soft
SYN-SC-000008855,Designation 29,S00006690,SYN-ORG-SOFT,Other Sponsor,Payment,250,2020-10-01,Soft
SYN-SC-000009302,Other,S00007040,SYN-ORG-SOFT,Other Sponsor,Payment,1900,2020-11-01,Soft
SYN-SC-000009372,Designation 1,S00007144,SYN-ORG-SOFT,Other Sponsor,Payment,250,2021-02-08,Soft
SYN-SC-000009745,Other,S00007426,SYN-ORG-SOFT,Other Sponsor,Payment,1760,2021-06-27,Soft
SYN-SC-000009758,Designation 1,S00007442,SYN-ORG-SOFT,Other Sponsor,Payment,2000,2020-12-12,Soft
SYN-SC-000009807,Designation 1,S00007488,SYN-ORG-SOFT,Other Sponsor,Payment,111,2020-10-24,Soft
SYN-SC-000009853,Designation 1,S00007538,SYN-ORG-SOFT,Other Sponsor,Payment,5,2020-12-29,Soft
SYN-SC-000009991,Designation 1,S00007682,SYN-ORG-SOFT,Other Sponsor,Payment,238,2020-12-03,Soft
SYN-SC-000010030,Designation 1614,S00007697,SYN-ORG-SOFT,Other Sponsor,Payment,600,2021-02-18,Soft
SYN-SC-000010314,Designation 1,S00007879,SYN-ORG-DAF,DAF Sponsor,Payment,1474,2021-01-02,Soft
SYN-SC-000010785,Designation 1,S00008221,SYN-ORG-SOFT,Other Sponsor,Payment,600,2020-12-17,Soft
SYN-SC-000011297,Designation 18,S00008649,SYN-ORG-SOFT,Other Sponsor,Payment,178,2021-02-06,Soft
SYN-SC-000011350,Other,S00008684,SYN-ORG-SOFT,Other Sponsor,Payment,130,2021-03-20,Soft
SYN-SC-000011417,Other,S00008734,SYN-ORG-DAF,DAF Sponsor,Payment,1858,2020-10-01,Soft
SYN-SC-000011445,Other,S00008759,SYN-ORG-SOFT,Other Sponsor,Payment,3570,2020-08-10,Soft
SYN-SC-000011461,Designation 8,S00008802,SYN-ORG-SOFT,Other Sponsor,Payment,1940,2021-03-27,Soft
SYN-SC-000011765,Designation 1,S00009042,SYN-ORG-SOFT,Other Sponsor,Payment,1166,2020-11-22,Soft
SYN-SC-000011948,Other,S00009196,SYN-ORG-SOFT,Other Sponsor,Payment,1820,2020-11-15,Soft
SYN-SC-000013313,Designation 25589,S00010263,SYN-ORG-DAF,DAF Sponsor,Payment,14,2020-08-13,Soft
SYN-SC-000013842,Designation 11,S00010643,SYN-ORG-SOFT,Other Sponsor,Payment,566,2021-01-20,Soft
SYN-SC-000015165,Designation 1,S00011703,SYN-ORG-SOFT,Other Sponsor,Payment,1044,2021-03-31,Soft
SYN-SC-000015680,Designation 1,S00012069,SYN-ORG-DAF,DAF Sponsor,Payment,150,2021-05-11,Soft
SYN-SC-000015964,Designation 1,S00012320,SYN-ORG-DAF,DAF Sponsor,Payment,145,2021-01-17,Soft
SYN-SC-000016162,Designation 1,S00012424,SYN-ORG-SOFT,Other Sponsor,Payment,190,2021-06-04,Soft
SYN-SC-000016427,Designation 12,S00012629,SYN-ORG-DAF,DAF Sponsor,Payment,1200,2020-09-02,Soft
SYN-SC-000016609,Designation 3947,S00012744,SYN-ORG-SOFT,Other Sponsor,Payment,300,2020-11-25,Soft
SYN-SC-000016651,Designation 1,S00012775,SYN-ORG-SOFT,Other Sponsor,Payment,2380,2021-01-29,Soft
SYN-SC-000016825,Designation 4,S00012929,SYN-ORG-SOFT,Other Sponsor,Payment,1340,2021-03-15,Soft
SYN-SC-000017733,Designation 53,S00013650,SYN-ORG-SOFT,Other Sponsor,Payment,394,2021-06-05,Soft
SYN-SC-000017783,Designation 9,S00013679,SYN-ORG-DAF,DAF Sponsor,Payment,9760,2021-02-10,Soft
SYN-SC-000018021,Designation 1,S00013906,SYN-ORG-SOFT,Other Sponsor,Payment,52,2021-02-02,Soft
SYN-SC-000018125,Designation 14,S00013995,SYN-ORG-SOFT,Other Sponsor,Payment,1200,2021-02-08,Soft
SYN-SC-000018685,Other,S00014385,SYN-ORG-DAF,DAF Sponsor,Payment,1200,2021-05-17,Soft
SYN-SC-000018714,Designation 11,S00014403,SYN-ORG-SOFT,Other Sponsor,Payment,832,2020-09-20,Soft
SYN-SC-000018756,Other,S00014451,SYN-ORG-SOFT,Other Sponsor,Payment,2000,2021-03-15,Soft
SYN-SC-000018855,Designation 1,S00014528,SYN-ORG-SOFT,Other Sponsor,Payment,250,2021-02-02,Soft
SYN-SC-000019333,Designation 14170,S00014906,SYN-ORG-SOFT,Other Sponsor,Payment,100,2021-03-06,Soft
SYN-SC-000019510,Designation 1,S00014984,SYN-ORG-SOFT,Other Sponsor,Payment,688,2020-12-23,Soft
SYN-SC-000020802,Designation 1,S00016164,SYN-ORG-SOFT,Other Sponsor,Payment,219,2021-06-05,Soft
SYN-SC-000022163,Other,S00017166,SYN-ORG-SOFT,Other Sponsor,Payment,600,2021-02-28,Soft
SYN-SC-000022730,Designation 7238,S00017649,SYN-ORG-SOFT,Other Sponsor,Payment,1200,2021-04-03,Soft
SYN-SC-000023091,Designation 19752,S00017979,SYN-ORG-DAF,DAF Sponsor,Payment,1200,2021-01-09,Soft
SYN-SC-000023314,Designation 1,S00018085,SYN-ORG-SOFT,Other Sponsor,Payment,420,2020-12-02,Soft
SYN-SC-000024008,Designation 1,S00018602,SYN-ORG-SOFT,Other Sponsor,Payment,760,2021-04-04,Soft
SYN-SC-000024048,Designation 1,S00018627,SYN-ORG-SOFT,Other Sponsor,Payment,70,2020-12-29,Soft
SYN-SC-000024135,Other,S00018759,SYN-ORG-SOFT,Other Sponsor,Payment,632,2020-12-14,Soft
SYN-SC-000024282,Designation 7919,S00018860,SYN-ORG-DAF,DAF Sponsor,Payment,1200,2020-11-07,Soft
SYN-SC-000024688,Designation 10458,S00019241,SYN-ORG-SOFT,Other Sponsor,Payment,5,2020-08-01,Soft
SYN-SC-000024739,Designation 31048,S00019285,SYN-ORG-SOFT,Other Sponsor,Payment,6,2020-10-01,Soft
SYN-SC-000025184,Designation 1,S00019697,SYN-ORG-SOFT,Other Sponsor,Payment,7,2020-07-02,Soft
SYN-SC-000025459,Designation 11148,S00019854,SYN-ORG-DAF,DAF Sponsor,Payment,5,2021-02-17,Soft
SYN-SC-000025522,Designation 1,S00019888,SYN-ORG-SOFT,Other Sponsor,Payment,250,2020-11-08,Soft
SYN-SC-000026038,Designation 3991,S00020257,SYN-ORG-SOFT,Other Sponsor,Payment,8,2020-10-20,Soft
SYN-SC-000026078,Designation 22,S00020327,SYN-ORG-DAF,DAF Sponsor,Payment,1000,2021-05-11,Soft
SYN-SC-000026998,Designation 1,S00021137,SYN-ORG-SOFT,Other Sponsor,Payment,1928,2021-01-02,Soft
SYN-SC-000027178,Other,S00021253,SYN-ORG-DAF,DAF Sponsor,Payment,12736,2021-03-20,Soft
SYN-SC-000027321,Designation 1112,S00021393,SYN-ORG-SOFT,Other Sponsor,Payment,18,2020-08-03,Soft
SYN-SC-000027642,Designation 5409,S00021660,SYN-ORG-DAF,DAF Sponsor,Payment,500,2021-05-08,Soft
SYN-SC-000027674,Designation 23,S00021693,SYN-ORG-SOFT,Other Sponsor,Payment,742,2021-03-23,Soft
SYN-SC-000027779,Designation 1,S00021886,SYN-ORG-SOFT,Other Sponsor,Payment,130,2021-01-10,Soft
SYN-SC-000027887,Designation 33798,S00021948,SYN-ORG-SOFT,Other Sponsor,Payment,13,2021-02-09,Soft
SYN-SC-000028190,Designation 1,S00022153,SYN-ORG-DAF,DAF Sponsor,Payment,190,2021-02-28,Soft
SYN-SC-000028455,Designation 1,S00022332,SYN-ORG-SOFT,Other Sponsor,Payment,1200,2020-08-21,Soft
SYN-SC-000028457,Designation 11582,S00022357,SYN-ORG-DAF,DAF Sponsor,Payment,1200,2020-12-27,Soft
SYN-SC-000029330,Designation 3,S00022879,SYN-ORG-SOFT,Other Sponsor,Payment,529,2021-04-06,Soft
SYN-SC-000030360,Designation 1,S00023698,SYN-ORG-DAF,DAF Sponsor,Payment,1128,2020-10-05,Soft
SYN-SC-000030518,Designation 1,S00023847,SYN-ORG-SOFT,Other Sponsor,Payment,190,2021-03-01,Soft
SYN-SC-000031133,Designation 30981,S00024225,SYN-ORG-SOFT,Other Sponsor,Payment,141,2020-07-15,Soft
SYN-SC-000031366,Designation 286,S00024417,SYN-ORG-DAF,DAF Sponsor,Payment,5,2021-05-02,Soft
SYN-SC-000031708,Designation 17,S00024728,SYN-ORG-DAF,DAF Sponsor,Payment,1200,2021-04-19,Soft
SYN-SC-000033059,Designation 1,S00025779,SYN-ORG-SOFT,Other Sponsor,Payment,1596,2021-05-27,Soft
SYN-SC-000033257,Designation 1,S00025931,SYN-ORG-SOFT,Other Sponsor,Payment,2000,2020-12-13,Soft
SYN-SC-000033567,Designation 1,S00026134,SYN-ORG-SOFT,Other Sponsor,Payment,70,2021-03-21,Soft
SYN-SC-000034119,Designation 1,S00026456,SYN-ORG-SOFT,Other Sponsor,Payment,190,2020-07-04,Soft
SYN-SC-000034216,Designation 1,S00026526,SYN-ORG-DAF,DAF Sponsor,Payment,600,2020-12-08,Soft
SYN-SC-000034355,Designation 1,S00026602,SYN-ORG-SOFT,Other Sponsor,Payment,25,2021-05-23,Soft
SYN-SC-000035321,Designation 7,S00027416,SYN-ORG-SOFT,Other Sponsor,Payment,749,2020-07-19,Soft
SYN-SC-000035570,Designation 1,S00027639,SYN-ORG-SOFT,Other Sponsor,Payment,12,2021-04-11,Soft
SYN-SC-000036466,Designation 1,S00028269,SYN-ORG-SOFT,Other Sponsor,Payment,500,2021-01-06,Soft
SYN-SC-000037028,Designation 1,S00028643,SYN-ORG-DAF,DAF Sponsor,Payment,1483,2021-01-12,Soft
SYN-SC-000037188,Designation 4415,S00028810,SYN-ORG-SOFT,Other Sponsor,Payment,247,2020-07-04,Soft
SYN-SC-000037799,Designation 11249,S00029183,SYN-ORG-SOFT,Other Sponsor,Payment,20,2020-12-20,Soft
SYN-SC-000038656,Designation 12376,S00029818,SYN-ORG-SOFT,Other Sponsor,Payment,1104,2021-05-01,Soft
SYN-SC-000039135,Designation 307,S00030191,SYN-ORG-DAF,DAF Sponsor,Payment,748,2020-08-03,Soft
SYN-SC-000039264,Designation 4492,S00030281,SYN-ORG-SOFT,Other Sponsor,Payment,130,2021-05-02,Soft
SYN-SC-000039301,Other,S00030355,SYN-ORG-DAF,DAF Sponsor,Payment,5759,2021-05-30,Soft
SYN-SC-000039637,Designation 1,S00030520,SYN-ORG-SOFT,Other Sponsor,Payment,10,2020-08-19,Soft
SYN-SC-000040715,Other,S00031230,SYN-ORG-SOFT,Other Sponsor,Payment,540,2020-08-22,Soft
SYN-SC-000041022,Designation 23855,S00031402,SYN-ORG-SOFT,Other Sponsor,Payment,6,2021-02-19,Soft
SYN-SC-000041192,Designation 1,S00031567,SYN-ORG-DAF,DAF Sponsor,Payment,250,2021-03-14,Soft
SYN-SC-000041291,Designation 35,S00031667,SYN-ORG-SOFT,Other Sponsor,Payment,874,2020-10-13,Soft
SYN-SC-000041379,Other,S00031750,SYN-ORG-SOFT,Other Sponsor,Payment,295,2020-07-05,Soft
SYN-SC-000041380,Other,S00031757,SYN-ORG-SOFT,Other Sponsor,Payment,250,2020-07-01,Soft
SYN-SC-000041503,Designation 4099,S00032005,SYN-ORG-SOFT,Other Sponsor,Payment,600,2020-10-09,Soft
SYN-SC-000041684,Designation 22,S00032097,SYN-ORG-SOFT,Other Sponsor,Payment,1116,2021-01-04,Soft
SYN-SC-000041735,Designation 1,S00032132,SYN-ORG-DAF,DAF Sponsor,Payment,516,2020-08-07,Soft
SYN-SC-000042076,Designation 1731,S00032392,SYN-ORG-SOFT,Other Sponsor,Payment,250,2020-08-17,Soft
SYN-SC-000042630,Designation 1,S00032758,SYN-ORG-DAF,DAF Sponsor,Payment,12,2021-06-01,Soft
SYN-SC-000042709,Designation 26,S00032812,SYN-ORG-SOFT,Other Sponsor,Payment,600,2020-11-06,Soft
SYN-SC-000042943,Designation 1,S00033044,SYN-ORG-SOFT,Other Sponsor,Payment,5,2020-07-09,Soft
SYN-SC-000042968,Designation 22893,S00033056,SYN-ORG-SOFT,Other Sponsor,Payment,540,2021-05-01,Soft
SYN-SC-000043255,Designation 23863,S00033266,SYN-ORG-SOFT,Other Sponsor,Payment,130,2020-10-15,Soft
SYN-SC-000044053,Designation 1,S00033931,SYN-ORG-DAF,DAF Sponsor,Payment,190,2021-03-05,Soft
SYN-SC-000044647,Designation 8,S00034286,SYN-ORG-SOFT,Other Sponsor,Payment,500,2021-06-28,Soft
SYN-SC-000044697,Designation 1,S00034298,SYN-ORG-SOFT,Other Sponsor,Payment,17,2020-10-14,Soft
SYN-SC-000044855,Designation 5561,S00034398,SYN-ORG-SOFT,Other Sponsor,Payment,4,2020-10-31,Soft
SYN-SC-000044884,Designation 1,S00034429,SYN-ORG-SOFT,Other Sponsor,Payment,342,2020-11-16,Soft
SYN-SC-000044978,Designation 1,S00034486,SYN-ORG-SOFT,Other Sponsor,Payment,385,2021-05-02,Soft
SYN-SC-000045170,Designation 1,S00034591,SYN-ORG-DAF,DAF Sponsor,Payment,1140,2021-02-02,Soft
SYN-SC-000045262,Designation 1,S00034678,SYN-ORG-SOFT,Other Sponsor,Payment,190,2021-02-20,Soft
SYN-SC-000045517,Designation 1,S00034899,SYN-ORG-SOFT,Other Sponsor,Payment,178,2021-02-06,Soft
SYN-SC-000045619,Designation 1,S00034995,SYN-ORG-SOFT,Other Sponsor,Payment,250,2021-04-03,Soft
SYN-SC-000045797,Designation 1,S00035090,SYN-ORG-SOFT,Other Sponsor,Payment,2826,2021-01-20,Soft
SYN-SC-000046049,Designation 1,S00035252,SYN-ORG-SOFT,Other Sponsor,Payment,1359,2020-08-09,Soft
SYN-SC-000047181,Designation 1,S00036122,SYN-ORG-SOFT,Other Sponsor,Payment,294,2021-06-02,Soft
SYN-SC-000047585,Designation 1,S00036396,SYN-ORG-SOFT,Other Sponsor,Payment,1140,2020-09-16,Soft
SYN-SC-000047909,Designation 1,S00036646,SYN-ORG-SOFT,Other Sponsor,Payment,360,2021-04-01,Soft
SYN-SC-000048209,Designation 1091,S00036903,SYN-ORG-SOFT,Other Sponsor,Payment,12,2021-02-24,Soft
SYN-SC-000049665,Designation 1,S00037969,SYN-ORG-DAF,DAF Sponsor,Payment,190,2021-02-28,Soft
SYN-SC-000049901,Designation 2514,S00038149,SYN-ORG-SOFT,Other Sponsor,Payment,4,2021-03-10,Soft
SYN-SC-000050096,Designation 1,S00038271,SYN-ORG-SOFT,Other Sponsor,Payment,80,2021-02-16,Soft
SYN-SC-000050109,Other,S00038276,SYN-ORG-DAF,DAF Sponsor,Payment,1200,2021-02-02,Soft
SYN-SC-000051665,Designation 20834,S00039436,SYN-ORG-SOFT,Other Sponsor,Payment,5,2020-09-27,Soft
SYN-SC-000051876,Designation 11202,S00039625,SYN-ORG-SOFT,Other Sponsor,Payment,186,2021-04-14,Soft
SYN-SC-000052020,Designation 1,S00039706,SYN-ORG-SOFT,Other Sponsor,Payment,528,2020-11-27,Soft
SYN-SC-000052127,Designation 1,S00039802,SYN-ORG-SOFT,Other Sponsor,Payment,74,2021-03-08,Soft
SYN-SC-000052190,Designation 30552,S00039891,SYN-ORG-SOFT,Other Sponsor,Payment,6,2020-12-24,Soft
SYN-SC-000052641,Other,S00040203,SYN-ORG-SOFT,Other Sponsor,Payment,1191,2020-12-02,Soft
SYN-SC-000053171,Other,S00040517,SYN-ORG-SOFT,Other Sponsor,Payment,1601,2020-08-26,Soft
SYN-SC-000053824,Designation 4189,S00041008,SYN-ORG-DAF,DAF Sponsor,Payment,6,2020-09-26,Soft
SYN-SC-000053984,Designation 1,S00041144,SYN-ORG-SOFT,Other Sponsor,Payment,1200,2021-03-22,Soft
SYN-SC-000054081,Designation 1,S00041205,SYN-ORG-SOFT,Other Sponsor,Payment,540,2021-01-11,Soft
SYN-SC-000054166,Designation 13348,S00041270,SYN-ORG-SOFT,Other Sponsor,Payment,1128,2020-07-24,Soft
SYN-SC-000054958,Designation 1,S00041874,SYN-ORG-SOFT,Other Sponsor,Payment,424,2020-09-26,Soft
SYN-SC-000055134,Designation 1,S00042034,SYN-ORG-SOFT,Other Sponsor,Payment,175,2021-01-17,Soft
SYN-SC-000055789,Designation 1,S00042545,SYN-ORG-DAF,DAF Sponsor,Payment,600,2020-08-12,Soft
SYN-SC-000055907,Designation 1,S00042623,SYN-ORG-SOFT,Other Sponsor,Payment,11,2020-07-08,Soft
SYN-SC-000056176,Designation 1,S00042837,SYN-ORG-SOFT,Other Sponsor,Payment,250,2020-08-23,Soft
SYN-SC-000056900,Designation 8,S00043347,SYN-ORG-DAF,DAF Sponsor,Payment,1857,2020-09-15,Soft
SYN-SC-000056967,Designation 31,S00043391,SYN-ORG-SOFT,Other Sponsor,Payment,250,2021-03-05,Soft
SYN-SC-000057275,Designation 27747,S00043555,SYN-ORG-SOFT,Other Sponsor,Payment,5,2021-03-13,Soft
SYN-SC-000057505,Designation 1,S00043741,SYN-ORG-SOFT,Other Sponsor,Payment,187,2021-06-28,Soft
SYN-SC-000058358,Designation 1,S00044355,SYN-ORG-SOFT,Other Sponsor,Payment,5,2021-06-06,Soft
SYN-SC-000058990,Designation 1,S00044852,SYN-ORG-SOFT,Other Sponsor,Payment,7,2021-02-12,Soft
SYN-SC-000059096,Designation 10,S00044948,SYN-ORG-DAF,DAF Sponsor,Payment,1140,2020-12-08,Soft
SYN-SC-000059562,Designation 1,S00045308,SYN-ORG-SOFT,Other Sponsor,Payment,408,2021-04-15,Soft
SYN-SC-000060087,Designation 1,S00045654,SYN-ORG-SOFT,Other Sponsor,Payment,600,2021-04-28,Soft
SYN-SC-000060329,Designation 2531,S00045834,SYN-ORG-SOFT,Other Sponsor,Payment,6,2020-09-19,Soft
SYN-SC-000060806,Other,S00046143,SYN-ORG-DAF,DAF Sponsor,Payment,430,2020-09-19,Soft
SYN-SC-000060972,Other,S00046266,SYN-ORG-SOFT,Other Sponsor,Payment,1491,2021-02-01,Soft
SYN-SC-000061059,Designation 21289,S00046331,SYN-ORG-SOFT,Other Sponsor,Payment,9,2020-10-08,Soft
SYN-SC-000061349,Designation 29462,S00046576,SYN-ORG-SOFT,Other Sponsor,Payment,259,2021-06-25,Soft
SYN-SC-000061837,Designation 5363,S00046915,SYN-ORG-SOFT,Other Sponsor,Payment,6,2021-04-08,Soft
SYN-SC-000061838,Designation 4,S00046929,SYN-ORG-DAF,DAF Sponsor,Payment,1200,2020-08-05,Soft
SYN-SC-000062425,Designation 22,S00047316,SYN-ORG-SOFT,Other Sponsor,Payment,778,2020-08-28,Soft
SYN-SC-000062467,Designation 1,S00047407,SYN-ORG-SOFT,Other Sponsor,Payment,43,2020-12-12,Soft
SYN-SC-000062952,Designation 23,S00047748,SYN-ORG-SOFT,Other Sponsor,Payment,500,2020-12-10,Soft
SYN-SC-000063072,Designation 5412,S00047845,SYN-ORG-SOFT,Other Sponsor,Payment,540,2020-08-08,Soft
SYN-SC-000063161,Designation 1,S00047909,SYN-ORG-SOFT,Other Sponsor,Payment,540,2021-04-07,Soft
SYN-SC-000063429,Designation 1,S00048149,SYN-ORG-SOFT,Other Sponsor,Payment,500,2020-11-11,Soft
SYN-SC-000064049,Other,S00048571,SYN-ORG-SOFT,Other Sponsor,Payment,1200,2020-12-27,Soft
SYN-SC-000064179,Designation 1,S00048677,SYN-ORG-DAF,DAF Sponsor,Payment,480,2020-10-23,Soft
SYN-SC-000064665,Designation 1,S00049042,SYN-ORG-SOFT,Other Sponsor,Payment,5,2020-08-27,Soft
SYN-SC-000065290,Other,S00049509,SYN-ORG-SOFT,Other Sponsor,Payment,1080,2021-03-14,Soft
SYN-SC-000065291,Designation 1,S00049527,SYN-ORG-SOFT,Other Sponsor,Payment,250,2021-06-07,Soft
SYN-SC-000065943,Other,S00050036,SYN-ORG-SOFT,Other Sponsor,Payment,421,2020-08-01,Soft
SYN-SC-000067037,Designation 1,S00050826,SYN-ORG-DAF,DAF Sponsor,Payment,190,2021-03-11,Soft
SYN-SC-000067095,Other,S00050860,SYN-ORG-SOFT,Other Sponsor,Payment,515,2020-10-08,Soft
SYN-SC-000067773,Designation 35546,S00051429,SYN-ORG-SOFT,Other Sponsor,Payment,509,2020-10-15,Soft
SYN-SC-000067943,Designation 1,S00051515,SYN-ORG-SOFT,Other Sponsor,Payment,12,2021-03-11,Soft
SYN-SC-000068407,Designation 1,S00051849,SYN-ORG-SOFT,Other Sponsor,Payment,10,2021-05-28,Soft
SYN-SC-000068559,Designation 14,S00051927,SYN-ORG-SOFT,Other Sponsor,Payment,1757,2021-05-11,Soft
SYN-SC-000068636,Designation 1,S00051958,SYN-ORG-SOFT,Other Sponsor,Payment,6,2021-03-12,Soft
SYN-SC-000068897,Designation 1,S00052224,SYN-ORG-SOFT,Other Sponsor,Payment,600,2021-06-05,Soft
SYN-SC-000068988,Designation 1,S00052277,SYN-ORG-SOFT,Other Sponsor,Payment,26,2020-08-28,Soft
SYN-SC-000069155,Designation 74,S00052350,SYN-ORG-DAF,DAF Sponsor,Payment,153,2021-03-29,Soft
SYN-SC-000069378,Designation 33135,S00052518,SYN-ORG-SOFT,Other Sponsor,Payment,166,2021-03-21,Soft
SYN-SC-000070922,Designation 1,S00053776,SYN-ORG-SOFT,Other Sponsor,Payment,583,2020-09-23,Soft
SYN-SC-000071924,Designation 1196,S00054362,SYN-ORG-SOFT,Other Sponsor,Payment,190,2021-01-23,Soft
SYN-SC-000071936,Designation 1,S00054363,SYN-ORG-SOFT,Other Sponsor,Payment,10,2020-11-22,Soft
SYN-SC-000072380,Designation 1,S00054659,SYN-ORG-SOFT,Other Sponsor,Payment,14,2020-11-24,Soft
SYN-SC-000073650,Designation 1,S00055581,SYN-ORG-SOFT,Other Sponsor,Payment,165,2021-06-30,Soft
SYN-SC-000075117,Designation 14571,S00056612,SYN-ORG-SOFT,Other Sponsor,Payment,11,2020-07-05,Soft
SYN-SC-000075749,Designation 249,S00057044,SYN-ORG-SOFT,Other Sponsor,Payment,130,2021-04-12,Soft
SYN-SC-000075885,Designation 26964,S00057125,SYN-ORG-SOFT,Other Sponsor,Payment,11,2021-04-26,Soft
SYN-SC-000076046,Designation 1,S00057223,SYN-ORG-SOFT,Other Sponsor,Payment,178,2021-05-23,Soft
SYN-SC-000076125,Designation 15321,S00057281,SYN-ORG-SOFT,Other Sponsor,Payment,74,2021-06-05,Soft
SYN-SC-000076281,Designation 1935,S00057407,SYN-ORG-DAF,DAF Sponsor,Payment,5,2020-11-01,Soft
SYN-SC-000076698,Designation 1,S00057696,SYN-ORG-SOFT,Other Sponsor,Payment,238,2021-02-28,Soft
SYN-SC-000077194,Designation 4,S00058084,SYN-ORG-SOFT,Other Sponsor,Payment,2961,2021-02-20,Soft
SYN-SC-000077418,Designation 1,S00058233,SYN-ORG-SOFT,Other Sponsor,Payment,5,2020-07-19,Soft
SYN-SC-000077485,Designation 26015,S00058279,SYN-ORG-SOFT,Other Sponsor,Payment,130,2020-11-04,Soft
SYN-SC-000077568,Designation 76,S00058339,SYN-ORG-SOFT,Other Sponsor,Payment,729,2021-03-08,Soft
SYN-SC-000077843,Designation 14,S00058556,SYN-ORG-SOFT,Other Sponsor,Payment,1200,2020-11-04,Soft
SYN-SC-000078078,Designation 6889,S00058677,SYN-ORG-SOFT,Other Sponsor,Payment,118,2020-12-07,Soft
SYN-SC-000078235,Designation 4451,S00058771,SYN-ORG-SOFT,Other Sponsor,Payment,250,2020-12-13,Soft
SYN-SC-000078794,Designation 1,S00059135,SYN-ORG-SOFT,Other Sponsor,Payment,7,2021-05-09,Soft
SYN-SC-000079081,Designation 5706,S00059323,SYN-ORG-SOFT,Other Sponsor,Payment,273,2021-01-20,Soft
SYN-SC-000079271,Designation 11,S00059469,SYN-ORG-SOFT,Other Sponsor,Payment,556,2021-04-03,Soft
SYN-SC-000079496,Designation 9,S00059602,SYN-ORG-DAF,DAF Sponsor,Payment,239,2020-11-28,Soft
SYN-SC-000079626,Designation 1,S00059682,SYN-ORG-DAF,DAF Sponsor,Payment,11,2021-04-02,Soft
SYN-SC-000079668,Other,S00059725,SYN-ORG-SOFT,Other Sponsor,Payment,1882,2021-03-20,Soft
SYN-SC-000080361,Designation 1,S00060191,SYN-ORG-DAF,DAF Sponsor,Payment,702,2020-11-03,Soft
SYN-SC-000080363,Designation 24974,S00060196,SYN-ORG-SOFT,Other Sponsor,Payment,195,2021-02-22,Soft
SYN-SC-000080645,Other,S00060394,SYN-ORG-SOFT,Other Sponsor,Payment,6,2020-08-31,Soft
SYN-SC-000080799,Other,S00060529,SYN-ORG-SOFT,Other Sponsor,Payment,4571,2020-09-22,Soft
SYN-SC-000081125,Designation 7850,S00060788,SYN-ORG-SOFT,Other Sponsor,Payment,32,2020-08-10,Soft
SYN-SC-000081717,Designation 3662,S00061214,SYN-ORG-SOFT,Other Sponsor,Payment,18,2020-09-01,Soft
SYN-SC-000082185,Designation 1,S00061457,SYN-ORG-DAF,DAF Sponsor,Payment,1054,2020-09-04,Soft
SYN-SC-000082882,Designation 22716,S00061887,SYN-ORG-SOFT,Other Sponsor,Payment,10,2021-06-30,Soft
SYN-SC-000084008,Designation 24410,S00062642,SYN-ORG-DAF,DAF Sponsor,Payment,5,2020-11-04,Soft
SYN-SC-000084507,Designation 1,S00062975,SYN-ORG-SOFT,Other Sponsor,Payment,528,2021-06-18,Soft
SYN-SC-000084830,Other,S00063160,SYN-ORG-SOFT,Other Sponsor,Payment,1541,2021-02-04,Soft
SYN-SC-000085705,Designation 1,S00063867,SYN-ORG-SOFT,Other Sponsor,Payment,1200,2021-01-19,Soft
SYN-SC-000086092,Designation 5242,S00064120,SYN-ORG-SOFT,Other Sponsor,Payment,600,2020-10-01,Soft
SYN-SC-000086146,Other,S00064182,SYN-ORG-SOFT,Other Sponsor,Payment,2215,2021-02-05,Soft
SYN-SC-000086198,Designation 1,S00064212,SYN-ORG-SOFT,Other Sponsor,Payment,10,2021-06-03,Soft
SYN-SC-000087087,Designation 18532,S00064802,SYN-ORG-SOFT,Other Sponsor,Payment,500,2020-12-10,Soft
SYN-SC-000087428,Designation 8472,S00064980,SYN-ORG-SOFT,Other Sponsor,Payment,47,2020-07-20,Soft
SYN-SC-000088101,Designation 9352,S00065477,SYN-ORG-DAF,DAF Sponsor,Payment,865,2021-03-02,Soft
SYN-SC-000088166,Designation 11537,S00065521,SYN-ORG-SOFT,Other Sponsor,Payment,5,2020-10-13,Soft
SYN-SC-000088765,Designation 9,S00065893,SYN-ORG-SOFT,Other Sponsor,Payment,1508,2020-07-03,Soft
SYN-SC-000089338,Designation 14518,S00066199,SYN-ORG-SOFT,Other Sponsor,Payment,52,2021-04-02,Soft
SYN-SC-000089621,Designation 1,S00066417,SYN-ORG-SOFT,Other Sponsor,Payment,5,2021-03-23,Soft
SYN-SC-000089943,Designation 34,S00066691,SYN-ORG-SOFT,Other Sponsor,Payment,9396,2020-11-01,Soft
SYN-SC-000090011,Other,S00066729,SYN-ORG-DAF,DAF Sponsor,Payment,1510,2021-06-19,Soft
SYN-SC-000090665,Designation 1,S00067120,SYN-ORG-SOFT,Other Sponsor,Payment,118,2020-10-21,Soft
SYN-SC-000090848,Designation 1546,S00067227,SYN-ORG-SOFT,Other Sponsor,Payment,54,2021-04-02,Soft
SYN-SC-000090915,Other,S00067265,SYN-ORG-SOFT,Other Sponsor,Payment,2819,2020-10-12,Soft
SYN-SC-000091537,Designation 1,S00067622,SYN-ORG-SOFT,Other Sponsor,Payment,502,2021-05-13,Soft
SYN-SC-000091822,Designation 1,S00067871,SYN-ORG-SOFT,Other Sponsor,Payment,7,2020-07-11,Soft
SYN-SC-000091926,Designation 4645,S00068007,SYN-ORG-SOFT,Other Sponsor,Payment,430,2020-08-02,Soft
SYN-SC-000092250,Designation 1,S00068185,SYN-ORG-SOFT,Other Sponsor,Payment,127,2020-08-18,Soft
SYN-SC-000092651,Other,S00068483,SYN-ORG-SOFT,Other Sponsor,Payment,6406,2021-01-20,Soft
SYN-SC-000092954,Designation 5291,S00068682,SYN-ORG-SOFT,Other Sponsor,Payment,128,2020-11-08,Soft
SYN-SC-000093482,Designation 10234,S00069035,SYN-ORG-DAF,DAF Sponsor,Payment,11,2021-01-07,Soft
SYN-SC-000093703,Designation 10960,S00069166,SYN-ORG-DAF,DAF Sponsor,Payment,540,2021-01-05,Soft
SYN-SC-000094483,Designation 1,S00069614,SYN-ORG-SOFT,Other Sponsor,Payment,328,2021-04-04,Soft
SYN-SC-000094632,Designation 7166,S00069742,SYN-ORG-SOFT,Other Sponsor,Payment,79,2020-10-04,Soft
SYN-SC-000095223,Designation 2683,S00070162,SYN-ORG-DAF,DAF Sponsor,Payment,5,2020-10-06,Soft
SYN-SC-000096438,Designation 24809,S00070897,SYN-ORG-SOFT,Other Sponsor,Payment,13,2021-02-27,Soft
SYN-SC-000096792,Other,S00071095,SYN-ORG-SOFT,Other Sponsor,Payment,424,2021-05-09,Soft
SYN-SC-000097057,Designation 7376,S00071234,SYN-ORG-DAF,DAF Sponsor,Payment,540,2020-08-25,Soft
SYN-SC-000097152,Designation 11988,S00071330,SYN-ORG-SOFT,Other Sponsor,Payment,2000,2021-06-21,Soft
SYN-SC-000097154,Designation 9923,S00071341,SYN-ORG-SOFT,Other Sponsor,Payment,592,2020-11-20,Soft
SYN-SC-000098183,Other,S00072044,SYN-ORG-SOFT,Other Sponsor,Payment,51,2021-01-21,Soft
SYN-SC-000099456,Designation 14835,S00072930,SYN-ORG-SOFT,Other Sponsor,Payment,540,2021-03-08,Soft
SYN-SC-000099782,Other,S00073117,SYN-ORG-SOFT,Other Sponsor,Payment,1139,2021-06-01,Soft
SYN-SC-000100451,Designation 1,S00073580,SYN-ORG-SOFT,Other Sponsor,Payment,540,2021-05-03,Soft
SYN-SC-000101022,Designation 19933,S00073939,SYN-ORG-SOFT,Other Sponsor,Payment,5,2021-02-13,Soft
SYN-SC-000101024,Other,S00073941,SYN-ORG-SOFT,Other Sponsor,Payment,600,2021-03-11,Soft
SYN-SC-000101418,Designation 1,S00074203,SYN-ORG-SOFT,Other Sponsor,Payment,120,2021-05-07,Soft
SYN-SC-000101627,Other,S00074294,SYN-ORG-SOFT,Other Sponsor,Payment,540,2021-03-28,Soft
SYN-SC-000102322,Designation 1,S00074779,SYN-ORG-SOFT,Other Sponsor,Payment,350,2020-09-02,Soft
SYN-SC-000102371,Designation 1,S00074796,SYN-ORG-SOFT,Other Sponsor,Payment,238,2020-07-25,Soft
SYN-SC-000102548,Designation 1,S00074957,SYN-ORG-SOFT,Other Sponsor,Payment,8,2021-01-17,Soft
SYN-SC-000102869,Other,S00075179,SYN-ORG-SOFT,Other Sponsor,Payment,360,2021-03-20,Soft
SYN-SC-000103063,Designation 1,S00075254,SYN-ORG-SOFT,Other Sponsor,Payment,1940,2021-04-11,Soft
SYN-SC-000103497,Designation 67,S00075493,SYN-ORG-SOFT,Other Sponsor,Payment,210,2021-06-12,Soft
SYN-SC-000103742,Designation 1,S00075630,SYN-ORG-DAF,DAF Sponsor,Payment,540,2021-01-05,Soft
SYN-SC-000104271,Designation 35454,S00075898,SYN-ORG-DAF,DAF Sponsor,Payment,5,2021-05-29,Soft
SYN-SC-000104580,Designation 28550,S00076112,SYN-ORG-SOFT,Other Sponsor,Payment,34,2021-03-07,Soft
SYN-SC-000104905,Designation 1,S00076306,SYN-ORG-SOFT,Other Sponsor,Payment,6,2020-09-28,Soft
SYN-SC-000105431,Designation 1,S00076641,SYN-ORG-SOFT,Other Sponsor,Payment,368,2020-07-18,Soft
SYN-SC-000105512,Designation 1291,S00076715,SYN-ORG-SOFT,Other Sponsor,Payment,468,2020-11-08,Soft
SYN-SC-000106831,Designation 1,S00077478,SYN-ORG-SOFT,Other Sponsor,Payment,540,2020-11-01,Soft
SYN-SC-000106905,Designation 18954,S00077517,SYN-ORG-SOFT,Other Sponsor,Payment,142,2020-12-01,Soft
SYN-SC-000107540,Designation 1,S00077884,SYN-ORG-DAF,DAF Sponsor,Payment,298,2021-03-04,Soft
SYN-SC-000107663,Designation 1,S00077979,SYN-ORG-SOFT,Other Sponsor,Payment,1450,2021-06-07,Soft
SYN-SC-000107841,Designation 1,S00078107,SYN-ORG-SOFT,Other Sponsor,Payment,120,2021-06-30,Soft
SYN-SC-000107870,Designation 1,S00078116,SYN-ORG-DAF,DAF Sponsor,Payment,600,2021-02-28,Soft
SYN-SC-000107884,Designation 1,S00078117,SYN-ORG-DAF,DAF Sponsor,Payment,7421,2020-07-14,Soft
SYN-SC-000109139,Designation 17981,S00078877,SYN-ORG-SOFT,Other Sponsor,Payment,477,2021-05-23,Soft
SYN-SC-000109733,Designation 1,S00079177,SYN-ORG-SOFT,Other Sponsor,Payment,600,2020-07-20,Soft
SYN-SC-000109962,Designation 9098,S00079304,SYN-ORG-SOFT,Other Sponsor,Payment,250,2020-10-20,Soft
SYN-SC-000110711,Designation 3198,S00079759,SYN-ORG-DAF,DAF Sponsor,Payment,300,2020-11-19,Soft
SYN-SC-000111359,Designation 1,S00080070,SYN-ORG-SOFT,Other Sponsor,Payment,204,2020-11-03,Soft
SYN-SC-000112117,Designation 1,S00080499,SYN-ORG-SOFT,Other Sponsor,Payment,131,2021-06-10,Soft
SYN-SC-000112761,Designation 31455,S00080914,SYN-ORG-SOFT,Other Sponsor,Payment,25,2020-10-21,Soft
SYN-SC-000113137,Other,S00081162,SYN-ORG-SOFT,Other Sponsor,Payment,10,2021-01-07,Soft
SYN-SC-000113556,Other,S00081472,SYN-ORG-SOFT,Other Sponsor,Payment,1191,2021-01-22,Soft
SYN-SC-000114337,Other,S00081955,SYN-ORG-SOFT,Other Sponsor,Payment,1904,2020-07-01,Soft
SYN-SC-000115075,Designation 1,S00082368,SYN-ORG-SOFT,Other Sponsor,Payment,10,2020-11-11,Soft
SYN-SC-000115872,Designation 1,S00082761,SYN-ORG-SOFT,Other Sponsor,Payment,269,2020-12-20,Soft
SYN-SC-000116495,Designation 78,S00083099,SYN-ORG-SOFT,Other Sponsor,Payment,1092,2020-10-02,Soft
SYN-SC-000118398,Other,S00084183,SYN-ORG-SOFT,Other Sponsor,Payment,6,2021-05-02,Soft
SYN-SC-000118606,Designation 2050,S00084303,SYN-ORG-SOFT,Other Sponsor,Payment,10,2021-02-01,Soft
SYN-SC-000118792,Designation 18227,S00084441,SYN-ORG-SOFT,Other Sponsor,Payment,6,2021-03-11,Soft
SYN-SC-000118968,Designation 1,S00084518,SYN-ORG-SOFT,Other Sponsor,Payment,120,2020-10-08,Soft
SYN-SC-000119782,Other,S00085038,SYN-ORG-SOFT,Other Sponsor,Payment,100,2020-10-02,Soft
SYN-SC-000120856,Designation 25607,S00085716,SYN-ORG-SOFT,Other Sponsor,Payment,7,2021-01-28,Soft
SYN-SC-000121395,Designation 16,S00086097,SYN-ORG-SOFT,Other Sponsor,Payment,600,2020-12-25,Soft
SYN-SC-000121871,Designation 25705,S00086434,SYN-ORG-SOFT,Other Sponsor,Payment,10,2021-06-28,Soft
SYN-SC-000122307,Other,S00086697,SYN-ORG-SOFT,Other Sponsor,Payment,2512,2020-10-20,Soft
SYN-SC-000122322,Designation 11494,S00086700,SYN-ORG-SOFT,Other Sponsor,Payment,380,2020-11-08,Soft
SYN-SC-000122725,Designation 1,S00086937,SYN-ORG-SOFT,Other Sponsor,Payment,140,2021-04-28,Soft
SYN-SC-000122880,Designation 13691,S00087001,SYN-ORG-SOFT,Other Sponsor,Payment,8,2021-02-23,Soft
SYN-SC-000124106,Designation 1,S00087942,SYN-ORG-SOFT,Other Sponsor,Payment,15,2020-11-14,Soft
SYN-SC-000124746,Designation 1,S00088338,SYN-ORG-SOFT,Other Sponsor,Payment,8,2021-06-21,Soft
SYN-SC-000125242,Designation 1,S00088664,SYN-ORG-DAF,DAF Sponsor,Payment,250,2021-01-31,Soft
SYN-SC-000125877,Designation 19153,S00089022,SYN-ORG-SOFT,Other Sponsor,Payment,5,2021-03-19,Soft
SYN-SC-000126162,Designation 1,S00089185,SYN-ORG-SOFT,Other Sponsor,Payment,128,2021-03-24,Soft
SYN-SC-000126343,Designation 1,S00089347,SYN-ORG-SOFT,Other Sponsor,Payment,161,2020-10-13,Soft
SYN-SC-000127322,Designation 27802,S00089910,SYN-ORG-SOFT,Other Sponsor,Payment,14,2020-10-04,Soft
SYN-SC-000127747,Other,S00090250,SYN-ORG-SOFT,Other Sponsor,Payment,250,2020-07-04,Soft
SYN-SC-000127854,Designation 1,S00090311,SYN-ORG-SOFT,Other Sponsor,Payment,188,2021-06-26,Soft
SYN-SC-000128521,Other,S00090800,SYN-ORG-SOFT,Other Sponsor,Payment,520,2021-05-19,Soft
SYN-SC-000129133,Designation 1,S00091217,SYN-ORG-SOFT,Other Sponsor,Payment,127,2021-02-19,Soft
SYN-SC-000129869,Designation 1,S00091718,SYN-ORG-SOFT,Other Sponsor,Payment,5,2020-10-05,Soft
SYN-SC-000129952,Designation 47,S00091781,SYN-ORG-SOFT,Other Sponsor,Payment,1938,2020-08-14,Soft
SYN-SC-000130280,Designation 2013,S00091943,SYN-ORG-SOFT,Other Sponsor,Payment,100,2021-05-20,Soft
SYN-SC-000131705,Designation 17808,S00092798,SYN-ORG-DAF,DAF Sponsor,Payment,600,2020-09-03,Soft
SYN-SC-000131806,Designation 25171,S00092900,SYN-ORG-SOFT,Other Sponsor,Payment,19,2020-12-02,Soft
SYN-SC-000133259,Designation 6933,S00093856,SYN-ORG-SOFT,Other Sponsor,Payment,7,2021-03-11,Soft
SYN-SC-000133360,Designation 1,S00093938,SYN-ORG-SOFT,Other Sponsor,Payment,480,2020-07-12,Soft
SYN-SC-000134054,Designation 6055,S00094376,SYN-ORG-SOFT,Other Sponsor,Payment,74,2020-12-30,Soft
SYN-SC-000134490,Designation 3260,S00094723,SYN-ORG-DAF,DAF Sponsor,Payment,15,2020-11-29,Soft
SYN-SC-000134755,Designation 33542,S00094915,SYN-ORG-SOFT,Other Sponsor,Payment,482,2021-05-22,Soft
SYN-SC-000134817,Other,S00094972,SYN-ORG-SOFT,Other Sponsor,Payment,889,2021-03-14,Soft
SYN-SC-000135014,Designation 4048,S00095081,SYN-ORG-SOFT,Other Sponsor,Payment,7,2020-12-08,Soft
SYN-SC-000135778,Designation 1,S00095548,SYN-ORG-SOFT,Other Sponsor,Payment,176,2021-04-02,Soft
SYN-SC-000136426,Designation 5,S00095924,SYN-ORG-SOFT,Other Sponsor,Payment,399,2020-07-13,Soft
SYN-SC-000136879,Designation 1,S00096130,SYN-ORG-SOFT,Other Sponsor,Payment,190,2020-09-27,Soft
SYN-SC-000136910,Other,S00096137,SYN-ORG-DAF,DAF Sponsor,Payment,20,2021-04-10,Soft
SYN-SC-000137213,Designation 9232,S00096304,SYN-ORG-DAF,DAF Sponsor,Payment,250,2021-01-04,Soft
SYN-SC-000137420,Designation 1,S00096434,SYN-ORG-SOFT,Other Sponsor,Payment,561,2020-07-05,Soft
SYN-SC-000137465,Designation 1653,S00096465,SYN-ORG-SOFT,Other Sponsor,Payment,8,2020-08-07,Soft
SYN-SC-000137864,Designation 1,S00096709,SYN-ORG-SOFT,Other Sponsor,Payment,283,2020-11-02,Soft
SYN-SC-000138433,Designation 1,S00097078,SYN-ORG-SOFT,Other Sponsor,Payment,250,2021-01-19,Soft
SYN-SC-000138814,Designation 29757,S00097321,SYN-ORG-DAF,DAF Sponsor,Payment,350,2021-04-29,Soft
SYN-SC-000138816,Designation 11322,S00097326,SYN-ORG-SOFT,Other Sponsor,Payment,5,2020-11-26,Soft
SYN-SC-000138958,Designation 4093,S00097388,SYN-ORG-SOFT,Other Sponsor,Payment,39,2021-03-19,Soft
SYN-SC-000138980,Designation 2625,S00097419,SYN-ORG-SOFT,Other Sponsor,Payment,7,2021-01-05,Soft
SYN-SC-000139641,Designation 25774,S00097826,SYN-ORG-SOFT,Other Sponsor,Payment,9,2021-06-23,Soft
SYN-SC-000140270,Designation 4547,S00098146,SYN-ORG-SOFT,Other Sponsor,Payment,5,2020-07-02,Soft
SYN-SC-000140327,Designation 1,S00098178,SYN-ORG-DAF,DAF Sponsor,Payment,10,2021-03-21,Soft
SYN-SC-000141912,Designation 1,S00099274,SYN-ORG-DAF,DAF Sponsor,Payment,5,2020-10-22,Soft
SYN-SC-000141917,Designation 4975,S00099282,SYN-ORG-SOFT,Other Sponsor,Payment,250,2020-07-26,Soft
SYN-SC-000142045,Designation 1,S00099375,SYN-ORG-SOFT,Other Sponsor,Payment,5,2020-10-14,Soft
SYN-SC-000142625,Designation 1,S00099760,SYN-ORG-DAF,DAF Sponsor,Payment,6,2021-04-05,Soft
SYN-SC-000143185,Designation 15845,S00100145,SYN-ORG-DAF,DAF Sponsor,Payment,11,2021-04-03,Soft
SYN-SC-000143431,Designation 5403,S00100304,SYN-ORG-SOFT,Other Sponsor,Payment,6,2021-05-23,Soft
SYN-SC-000144571,Designation 1,S00100921,SYN-ORG-SOFT,Other Sponsor,Payment,238,2021-05-28,Soft
SYN-SC-000145404,Designation 2069,S00101451,SYN-ORG-DAF,DAF Sponsor,Payment,190,2020-12-28,Soft
SYN-SC-000146392,Designation 9731,S00101807,SYN-ORG-SOFT,Other Sponsor,Payment,5,2021-01-02,Soft
SYN-SC-000146608,Designation 9570,S00101859,SYN-ORG-SOFT,Other Sponsor,Payment,14,2021-06-17,Soft
SYN-SC-000147111,Other,S00101965,SYN-ORG-SOFT,Other Sponsor,Payment,10,2021-04-06,Soft
SYN-SC-000147727,Designation 1,S00102096,SYN-ORG-SOFT,Other Sponsor,Payment,250,2020-09-21,Soft
SYN-SC-000148892,Designation 3613,S00102313,SYN-ORG-SOFT,Other Sponsor,Payment,5,2020-08-20,Soft
SYN-SC-000150151,Designation 9050,S00102564,SYN-ORG-DAF,DAF Sponsor,Payment,8,2020-12-10,Soft
SYN-SC-000150655,Designation 3357,S00102658,SYN-ORG-SOFT,Other Sponsor,Payment,5,2020-09-15,Soft
SYN-SC-000150847,Designation 5262,S00102705,SYN-ORG-SOFT,Other Sponsor,Payment,58,2021-06-25,Soft
SYN-SC-000151810,Designation 1,S00102864,SYN-ORG-SOFT,Other Sponsor,Payment,190,2021-02-09,Soft
SYN-SC-000153206,Designation 6762,S00103126,SYN-ORG-DAF,DAF Sponsor,Payment,5,2020-08-25,Soft
SYN-SC-000154118,Designation 1,S00103279,SYN-ORG-SOFT,Other Sponsor,Payment,8,2021-02-01,Soft
SYN-SC-000155276,Designation 31878,S00103513,SYN-ORG-SOFT,Other Sponsor,Payment,250,2021-03-11,Soft
SYN-SC-000155733,Designation 1,S00103590,SYN-ORG-SOFT,Other Sponsor,Payment,250,2020-09-13,Soft
SYN-SC-000155939,Designation 2563,S00103630,SYN-ORG-SOFT,Other Sponsor,Payment,250,2020-12-07,Soft
SYN-SC-000155996,Designation 1,S00103639,SYN-ORG-SOFT,Other Sponsor,Payment,9,2021-05-30,Soft
SYN-SC-000156551,Other,S00103744,SYN-ORG-SOFT,Other Sponsor,Payment,163,2021-02-13,Soft
SYN-SC-000158063,Designation 410,S00104007,SYN-ORG-SOFT,Other Sponsor,Payment,15,2020-12-26,Soft
SYN-SC-000159411,Designation 1,S00104288,SYN-ORG-SOFT,Other Sponsor,Payment,10,2021-03-01,Soft
SYN-SC-000159437,Designation 1,S00104292,SYN-ORG-DAF,DAF Sponsor,Payment,5,2021-03-19,Soft
SYN-SC-000162224,Designation 7604,S00104752,SYN-ORG-SOFT,Other Sponsor,Payment,190,2020-12-22,Soft
SYN-SC-000163667,Designation 1,S00105053,SYN-ORG-SOFT,Other Sponsor,Payment,74,2020-10-19,Soft
SYN-SC-000163722,Designation 1,S00105062,SYN-ORG-SOFT,Other Sponsor,Payment,10,2021-03-01,Soft
SYN-SC-000165036,Designation 1,S00105307,SYN-ORG-SOFT,Other Sponsor,Payment,7,2020-12-15,Soft
SYN-SC-000165365,Designation 1,S00105367,SYN-ORG-SOFT,Other Sponsor,Payment,600,2020-10-04,Soft
SYN-SC-000165942,Designation 1,S00105462,SYN-ORG-SOFT,Other Sponsor,Payment,12,2021-06-04,Soft
SYN-SC-000166730,Other,S00105615,SYN-ORG-SOFT,Other Sponsor,Payment,5,2020-09-26,Soft
SYN-SC-000167187,Designation 1,S00105702,SYN-ORG-SOFT,Other Sponsor,Payment,54,2021-03-22,Soft
SYN-SC-000168717,Designation 1,S00106005,SYN-ORG-SOFT,Other Sponsor,Payment,80,2021-03-13,Soft
SYN-SC-000169590,Designation 5801,S00106180,SYN-ORG-DAF,DAF Sponsor,Payment,7,2021-06-22,Soft
SYN-SC-000169708,Other,S00106213,SYN-ORG-DAF,DAF Sponsor,Payment,74,2021-01-11,Soft
SYN-SC-000170027,Designation 21451,S00106263,SYN-ORG-DAF,DAF Sponsor,Payment,250,2020-11-10,Soft
SYN-SC-000170819,Designation 38,S00106409,SYN-ORG-SOFT,Other Sponsor,Payment,7,2021-06-08,Soft
SYN-SC-000174175,Designation 12558,S00107037,SYN-ORG-SOFT,Other Sponsor,Payment,178,2021-02-20,Soft
SYN-SC-000175265,Designation 5001,S00107237,SYN-ORG-DAF,DAF Sponsor,Payment,15,2021-01-02,Soft
SYN-SC-000175581,Other,S00107288,SYN-ORG-SOFT,Other Sponsor,Payment,258,2020-12-06,Soft
SYN-SC-000176766,Designation 1,S00107530,SYN-ORG-SOFT,Other Sponsor,Payment,6,2021-03-10,Soft
SYN-SC-000176964,Designation 1,S00107567,SYN-ORG-SOFT,Other Sponsor,Payment,130,2021-01-01,Soft
SYN-SC-000176981,Designation 18961,S00107575,SYN-ORG-SOFT,Other Sponsor,Payment,100,2021-01-07,Soft
SYN-SC-000177045,Designation 1,S00107585,SYN-ORG-DAF,DAF Sponsor,Payment,70,2020-10-11,Soft
SYN-SC-000178561,Designation 9318,S00107875,SYN-ORG-SOFT,Other Sponsor,Payment,25,2021-03-10,Soft
SYN-SC-000178577,Designation 1,S00107879,SYN-ORG-SOFT,Other Sponsor,Payment,5,2020-08-18,Soft
SYN-SC-000179058,Other,S00107989,SYN-ORG-DAF,DAF Sponsor,Payment,14,2020-12-11,Soft
SYN-SC-000179982,Designation 1,S00108160,SYN-ORG-SOFT,Other Sponsor,Payment,15,2020-12-22,Soft
SYN-SC-000183054,Designation 1,S00108680,SYN-ORG-SOFT,Other Sponsor,Payment,5,2021-01-22,Soft
SYN-SC-000183315,Designation 17,S00108713,SYN-ORG-SOFT,Other Sponsor,Payment,625,2021-01-16,Soft
SYN-SC-000185561,Designation 25735,S00109028,SYN-ORG-SOFT,Other Sponsor,Payment,50,2020-07-03,Soft
SYN-SC-000186673,Other,S00109179,SYN-ORG-DAF,DAF Sponsor,Payment,233,2020-08-15,Soft
SYN-SC-000187124,Designation 1,S00109240,SYN-ORG-DAF,DAF Sponsor,Payment,250,2021-06-28,Soft
SYN-SC-000187681,Designation 1,S00109317,SYN-ORG-SOFT,Other Sponsor,Payment,5,2021-04-11,Soft
SYN-SC-000188432,Designation 1,S00109412,SYN-ORG-SOFT,Other Sponsor,Payment,20,2021-01-16,Soft
SYN-SC-000188628,Designation 14935,S00109447,SYN-ORG-SOFT,Other Sponsor,Payment,4,2020-08-28,Soft
SYN-SC-000189050,Designation 1,S00109514,SYN-ORG-SOFT,Other Sponsor,Payment,4,2021-04-24,Soft
SYN-SC-000189057,Designation 83,S00109518,SYN-ORG-SOFT,Other Sponsor,Payment,192,2020-10-01,Soft
SYN-SC-000189927,Designation 6051,S00109637,SYN-ORG-SOFT,Other Sponsor,Payment,7,2021-06-10,Soft
SYN-SC-000189991,Designation 13,S00109643,SYN-ORG-DAF,DAF Sponsor,Payment,360,2020-12-24,Soft
SYN-SC-000190230,Designation 1,S00109671,SYN-ORG-SOFT,Other Sponsor,Payment,200,2021-06-08,Soft
SYN-SC-000190548,Designation 30812,S00109713,SYN-ORG-SOFT,Other Sponsor,Payment,204,2021-04-05,Soft
SYN-SC-000190829,Other,S00109757,SYN-ORG-DAF,DAF Sponsor,Payment,600,2021-04-09,Soft
SYN-SC-000190883,Designation 1,S00109764,SYN-ORG-SOFT,Other Sponsor,Payment,130,2020-09-04,Soft
SYN-SC-000190884,Designation 17325,S00109765,SYN-ORG-SOFT,Other Sponsor,Payment,5,2021-04-04,Soft
SYN-SC-000191825,Designation 12838,S00109897,SYN-ORG-DAF,DAF Sponsor,Payment,250,2021-01-03,Soft
SYN-SC-000192947,Designation 663,S00110078,SYN-ORG-SOFT,Other Sponsor,Payment,35,2020-11-16,Soft
SYN-SC-000193039,Designation 684,S00110092,SYN-ORG-SOFT,Other Sponsor,Payment,100,2021-04-04,Soft
SYN-SC-000193303,Designation 1,S00110127,SYN-ORG-SOFT,Other Sponsor,Payment,57,2021-04-13,Soft
SYN-SC-000194141,Other,S00110248,SYN-ORG-SOFT,Other Sponsor,Payment,5,2021-05-12,Soft
SYN-SC-000194529,Designation 1,S00110303,SYN-ORG-SOFT,Other Sponsor,Payment,154,2020-09-04,Soft
SYN-SC-000194545,Other,S00110306,SYN-ORG-SOFT,Other Sponsor,Payment,7,2020-09-14,Soft
SYN-SC-000195941,Designation 1,S00110476,SYN-ORG-SOFT,Other Sponsor,Payment,10,2020-09-01,Soft
SYN-SC-000196996,Designation 3124,S00110615,SYN-ORG-SOFT,Other Sponsor,Payment,250,2021-04-15,Soft
SYN-SC-000197207,Designation 1,S00110640,SYN-ORG-SOFT,Other Sponsor,Payment,1200,2021-04-03,Soft
SYN-SC-000197678,Designation 2466,S00110703,SYN-ORG-SOFT,Other Sponsor,Payment,179,2021-04-13,Soft
SYN-SC-000197739,Designation 24104,S00110714,SYN-ORG-SOFT,Other Sponsor,Payment,238,2021-05-04,Soft
SYN-SC-000197880,Designation 9763,S00110734,SYN-ORG-SOFT,Other Sponsor,Payment,6,2020-12-22,Soft
SYN-SC-000198314,Designation 1102,S00110788,SYN-ORG-SOFT,Other Sponsor,Payment,43,2020-10-28,Soft
SYN-SC-000198519,Designation 591,S00110821,SYN-ORG-SOFT,Other Sponsor,Payment,5,2021-01-27,Soft
SYN-SC-000198561,Other,S00110827,SYN-ORG-SOFT,Other Sponsor,Payment,1940,2021-05-27,Soft
SYN-SC-000198992,Designation 5810,S00110888,SYN-ORG-SOFT,Other Sponsor,Payment,57,2020-10-06,Soft
SYN-SC-000200006,Designation 1,S00111028,SYN-ORG-SOFT,Other Sponsor,Payment,190,2021-04-20,Soft
SYN-SC-000200728,Designation 1,S00111117,SYN-ORG-SOFT,Other Sponsor,Payment,61,2020-12-19,Soft
SYN-SC-000201396,Designation 6777,S00111205,SYN-ORG-SOFT,Other Sponsor,Payment,5,2020-09-02,Soft
SYN-SC-000201491,Designation 1,S00111217,SYN-ORG-DAF,DAF Sponsor,Payment,20,2020-11-20,Soft
SYN-SC-000202240,Designation 1,S00111320,SYN-ORG-DAF,DAF Sponsor,Payment,200,2020-08-21,Soft
SYN-SC-000202241,Other,S00111321,SYN-ORG-DAF,DAF Sponsor,Payment,177,2020-07-02,Soft
SYN-SC-000203718,Designation 1,S00111535,SYN-ORG-SOFT,Other Sponsor,Payment,5,2021-05-10,Soft
SYN-SC-000203816,Designation 1,S00111552,SYN-ORG-SOFT,Other Sponsor,Payment,21,2020-12-03,Soft
SYN-SC-000204004,Designation 12950,S00111578,SYN-ORG-SOFT,Other Sponsor,Payment,432,2021-02-10,Soft
SYN-SC-000204782,Designation 1,S00111691,SYN-ORG-SOFT,Other Sponsor,Payment,10,2020-11-25,Soft
SYN-SC-000205032,Designation 2918,S00111730,SYN-ORG-SOFT,Other Sponsor,Payment,10,2021-05-09,Soft
SYN-SC-000205091,Designation 1,S00111739,SYN-ORG-DAF,DAF Sponsor,Payment,10,2021-03-04,Soft
SYN-SC-000205727,Designation 6752,S00111835,SYN-ORG-SOFT,Other Sponsor,Payment,117,2020-09-12,Soft
SYN-SC-000206260,Designation 1,S00111906,SYN-ORG-DAF,DAF Sponsor,Payment,250,2020-12-20,Soft
SYN-SC-000206946,Designation 24673,S00111997,SYN-ORG-DAF,DAF Sponsor,Payment,11,2021-06-13,Soft
SYN-SC-000206962,Designation 8385,S00112002,SYN-ORG-SOFT,Other Sponsor,Payment,7,2021-05-05,Soft
SYN-SC-000207246,Designation 1,S00112039,SYN-ORG-DAF,DAF Sponsor,Payment,190,2021-04-19,Soft
SYN-SC-000208020,Designation 1,S00112149,SYN-ORG-SOFT,Other Sponsor,Payment,14,2021-05-04,Soft
SYN-SC-000208145,Designation 1,S00112163,SYN-ORG-SOFT,Other Sponsor,Payment,386,2021-03-30,Soft
SYN-SC-000208211,Designation 1,S00112172,SYN-ORG-SOFT,Other Sponsor,Payment,250,2020-08-18,Soft
SYN-SC-000208445,Designation 1,S00112207,SYN-ORG-SOFT,Other Sponsor,Payment,8,2020-10-11,Soft
SYN-SC-000210042,Designation 1,S00112446,SYN-ORG-SOFT,Other Sponsor,Payment,7,2020-11-14,Soft
SYN-SC-000210400,Designation 65,S00112501,SYN-ORG-SOFT,Other Sponsor,Payment,122,2021-01-30,Soft
SYN-SC-000210550,Designation 1,S00112522,SYN-ORG-SOFT,Other Sponsor,Payment,250,2021-01-03,Soft
SYN-SC-000211093,Designation 31856,S00112598,SYN-ORG-DAF,DAF Sponsor,Payment,320,2021-03-02,Soft
SYN-SC-000211380,Designation 19789,S00112638,SYN-ORG-DAF,DAF Sponsor,Payment,268,2021-04-26,Soft
SYN-SC-000211860,Designation 1,S00112707,SYN-ORG-SOFT,Other Sponsor,Payment,10,2020-07-26,Soft
SYN-SC-000212570,Designation 11433,S00112800,SYN-ORG-SOFT,Other Sponsor,Payment,225,2020-09-11,Soft
SYN-SC-000212923,Designation 1,S00112846,SYN-ORG-SOFT,Other Sponsor,Payment,9,2020-09-29,Soft
SYN-SC-000213254,Designation 21035,S00112892,SYN-ORG-SOFT,Other Sponsor,Payment,5,2020-10-10,Soft
SYN-SC-000213267,Designation 1,S00112893,SYN-ORG-SOFT,Other Sponsor,Payment,130,2021-01-04,Soft
SYN-SC-000213377,Designation 26585,S00112910,SYN-ORG-DAF,DAF Sponsor,Payment,480,2021-01-01,Soft
SYN-SC-000213529,Designation 6,S00112923,SYN-ORG-DAF,DAF Sponsor,Payment,756,2020-11-11,Soft
SYN-SC-000213886,Other,S00112970,SYN-ORG-SOFT,Other Sponsor,Payment,6,2021-01-02,Soft
SYN-SC-000214001,Designation 82,S00112982,SYN-ORG-SOFT,Other Sponsor,Payment,130,2020-12-10,Soft
SYN-SC-000216181,Designation 1,S00113270,SYN-ORG-SOFT,Other Sponsor,Payment,250,2020-10-03,Soft
SYN-SC-000216999,Designation 1,S00113390,SYN-ORG-SOFT,Other Sponsor,Payment,15,2021-05-04,Soft
SYN-SC-000217216,Designation 1,S00113426,SYN-ORG-SOFT,Other Sponsor,Payment,120,2020-07-16,Soft
SYN-SC-000217964,Designation 1,S00113527,SYN-ORG-SOFT,Other Sponsor,Payment,24,2021-04-28,Soft
SYN-SC-000218970,Designation 1,S00113664,SYN-ORG-SOFT,Other Sponsor,Payment,132,2020-09-13,Soft
SYN-SC-000221091,Designation 1,S00113987,SYN-ORG-SOFT,Other Sponsor,Payment,74,2020-12-07,Soft
SYN-SC-000221553,Designation 23,S00114050,SYN-ORG-SOFT,Other Sponsor,Payment,600,2020-12-03,Soft
SYN-SC-000222006,Designation 11260,S00114102,SYN-ORG-SOFT,Other Sponsor,Payment,221,2021-03-27,Soft
SYN-SC-000223360,Designation 6853,S00114292,SYN-ORG-SOFT,Other Sponsor,Payment,2,2021-04-29,Soft
SYN-SC-000224109,Designation 15990,S00114413,SYN-ORG-SOFT,Other Sponsor,Payment,3,2021-04-10,Soft
SYN-SC-000224141,Designation 1,S00114420,SYN-ORG-SOFT,Other Sponsor,Payment,515,2020-12-17,Soft
SYN-SC-000224781,Other,S00114502,SYN-ORG-SOFT,Other Sponsor,Payment,7,2020-09-06,Soft
SYN-SC-000225399,Designation 1,S00114580,SYN-ORG-SOFT,Other Sponsor,Payment,154,2021-01-01,Soft
SYN-SC-000226710,Designation 6690,S00114784,SYN-ORG-SOFT,Other Sponsor,Payment,130,2020-10-15,Soft
SYN-SC-000227499,Designation 1,S00114888,SYN-ORG-SOFT,Other Sponsor,Payment,5,2021-06-19,Soft
SYN-SC-000227566,Other,S00114897,SYN-ORG-SOFT,Other Sponsor,Payment,228,2020-09-06,Soft
SYN-SC-000228340,Designation 31650,S00114995,SYN-ORG-SOFT,Other Sponsor,Payment,7,2021-02-15,Soft
SYN-SC-000228658,Designation 1,S00115033,SYN-ORG-SOFT,Other Sponsor,Payment,14,2021-02-02,Soft
SYN-SC-000230121,Designation 13528,S00115242,SYN-ORG-SOFT,Other Sponsor,Payment,8,2021-03-23,Soft
SYN-SC-000230256,Designation 5509,S00115263,SYN-ORG-SOFT,Other Sponsor,Payment,600,2021-03-13,Soft
SYN-SC-000231502,Designation 1,S00115436,SYN-ORG-DAF,DAF Sponsor,Payment,178,2020-11-05,Soft
SYN-SC-000231674,Other,S00115465,SYN-ORG-SOFT,Other Sponsor,Payment,3,2020-12-04,Soft
SYN-SC-000232060,Designation 6899,S00115517,SYN-ORG-SOFT,Other Sponsor,Payment,5,2020-11-05,Soft
SYN-SC-000232494,Designation 26635,S00115575,SYN-ORG-SOFT,Other Sponsor,Payment,5,2020-12-04,Soft
SYN-SC-000232930,Designation 17974,S00115633,SYN-ORG-SOFT,Other Sponsor,Payment,136,2021-02-18,Soft
SYN-SC-000233399,Designation 1,S00115720,SYN-ORG-SOFT,Other Sponsor,Payment,7,2021-03-28,Soft
SYN-SC-000233956,Designation 5890,S00115799,SYN-ORG-SOFT,Other Sponsor,Payment,9,2021-06-05,Soft
SYN-SC-000234394,Other,S00115869,SYN-ORG-DAF,DAF Sponsor,Payment,6,2020-08-01,Soft
SYN-SC-000234734,Other,S00115919,SYN-ORG-SOFT,Other Sponsor,Payment,126,2020-11-30,Soft
SYN-SC-000234938,Designation 14271,S00115949,SYN-ORG-SOFT,Other Sponsor,Payment,4,2021-06-12,Soft
SYN-SC-000235457,Designation 18417,S00116024,SYN-ORG-SOFT,Other Sponsor,Payment,5,2020-11-10,Soft
SYN-SC-000235511,Designation 17,S00000023,SYN-ORG-SOFT,Other Sponsor,Payment,420,2021-11-12,Soft
SYN-SC-000235525,Other,S00000032,SYN-ORG-SOFT,Other Sponsor,Payment,250,2022-05-06,Soft
SYN-SC-000235624,Designation 20698,S00000108,SYN-ORG-SOFT,Other Sponsor,Payment,282,2022-03-10,Soft
SYN-SC-000235753,Other,S00000195,SYN-ORG-SOFT,Other Sponsor,Payment,226,2021-09-25,Soft
SYN-SC-000235806,Designation 14425,S00000238,SYN-ORG-SOFT,Other Sponsor,Payment,6,2021-07-24,Soft
SYN-SC-000235962,Other,S00000368,SYN-ORG-SOFT,Other Sponsor,Payment,5,2022-01-01,Soft
SYN-SC-000235990,Designation 87,S00000407,SYN-ORG-SOFT,Other Sponsor,Payment,1128,2022-06-14,Soft
SYN-SC-000235991,Other,S00000411,SYN-ORG-SOFT,Other Sponsor,Payment,2000,2022-01-22,Soft
SYN-SC-000236046,Designation 1,S00000444,SYN-ORG-SOFT,Other Sponsor,Payment,480,2021-12-31,Soft
SYN-SC-000236495,Designation 1,S00000832,SYN-ORG-SOFT,Other Sponsor,Payment,250,2021-07-19,Soft
SYN-SC-000236535,Other,S00000864,SYN-ORG-DAF,DAF Sponsor,Payment,880,2021-12-01,Soft
SYN-SC-000236669,Designation 16,S00000993,SYN-ORG-DAF,DAF Sponsor,Payment,360,2022-03-12,Soft
SYN-SC-000237004,Other,S00001300,SYN-ORG-DAF,DAF Sponsor,Payment,250,2022-06-28,Soft
SYN-SC-000237341,Other,S00001555,SYN-ORG-SOFT,Other Sponsor,Payment,1200,2021-07-10,Soft
SYN-SC-000237830,Other,S00002121,SYN-ORG-SOFT,Other Sponsor,Payment,225,2021-10-20,Soft
SYN-SC-000238410,Designation 10297,S00002504,SYN-ORG-SOFT,Other Sponsor,Payment,7,2021-11-19,Soft
SYN-SC-000238424,Other,S00002516,SYN-ORG-SOFT,Other Sponsor,Payment,209,2021-12-04,Soft
SYN-SC-000238463,Other,S00002543,SYN-ORG-SOFT,Other Sponsor,Payment,504,2021-09-01,Soft
SYN-SC-000238670,Designation 11891,S00002737,SYN-ORG-SOFT,Other Sponsor,Payment,25,2022-05-29,Soft
SYN-SC-000238979,Designation 1,S00002970,SYN-ORG-SOFT,Other Sponsor,Payment,256,2022-03-26,Soft
SYN-SC-000239005,Designation 1,S00003007,SYN-ORG-SOFT,Other Sponsor,Payment,100,2021-11-08,Soft
SYN-SC-000239211,Designation 6390,S00003130,SYN-ORG-SOFT,Other Sponsor,Payment,7,2022-04-12,Soft
SYN-SC-000239276,Designation 45,S00003160,SYN-ORG-SOFT,Other Sponsor,Payment,600,2021-08-19,Soft
SYN-SC-000239578,Designation 1,S00003385,SYN-ORG-SOFT,Other Sponsor,Payment,190,2021-11-23,Soft
SYN-SC-000239708,Designation 37,S00003447,SYN-ORG-SOFT,Other Sponsor,Payment,286,2021-10-28,Soft
SYN-SC-000239824,Designation 1,S00003549,SYN-ORG-DAF,DAF Sponsor,Payment,25,2021-10-21,Soft
SYN-SC-000240449,Designation 12,S00004028,SYN-ORG-SOFT,Other Sponsor,Payment,532,2021-12-29,Soft
SYN-SC-000240968,Other,S00004481,SYN-ORG-SOFT,Other Sponsor,Payment,64,2021-10-18,Soft
SYN-SC-000241094,Designation 19,S00004555,SYN-ORG-SOFT,Other Sponsor,Payment,245,2022-02-01,Soft
SYN-SC-000241150,Designation 8,S00004592,SYN-ORG-SOFT,Other Sponsor,Payment,2000,2021-10-13,Soft
SYN-SC-000241589,Designation 27689,S00004927,SYN-ORG-SOFT,Other Sponsor,Payment,4,2021-09-01,Soft
SYN-SC-000241704,Designation 34814,S00005025,SYN-ORG-SOFT,Other Sponsor,Payment,3,2022-04-04,Soft
SYN-SC-000241823,Designation 9212,S00005090,SYN-ORG-SOFT,Other Sponsor,Payment,84,2021-07-14,Soft
SYN-SC-000241943,Designation 944,S00005187,SYN-ORG-SOFT,Other Sponsor,Payment,417,2021-08-22,Soft
SYN-SC-000242013,Designation 14851,S00005248,SYN-ORG-SOFT,Other Sponsor,Payment,250,2021-08-26,Soft
SYN-SC-000242092,Designation 9318,S00005312,SYN-ORG-SOFT,Other Sponsor,Payment,190,2021-08-11,Soft
SYN-SC-000242317,Other,S00005557,SYN-ORG-SOFT,Other Sponsor,Payment,15,2022-06-02,Soft
SYN-SC-000242572,Designation 8799,S00005773,SYN-ORG-DAF,DAF Sponsor,Payment,1200,2021-08-16,Soft
SYN-SC-000242673,Designation 6,S00005842,SYN-ORG-DAF,DAF Sponsor,Payment,819,2022-06-12,Soft
SYN-SC-000242788,Designation 8510,S00005972,SYN-ORG-SOFT,Other Sponsor,Payment,79,2021-09-30,Soft
SYN-SC-000243303,Other,S00006365,SYN-ORG-SOFT,Other Sponsor,Payment,8,2021-11-07,Soft
SYN-SC-000243393,Designation 1,S00006425,SYN-ORG-SOFT,Other Sponsor,Payment,142,2021-09-27,Soft
SYN-SC-000243632,Designation 13038,S00006598,SYN-ORG-SOFT,Other Sponsor,Payment,5,2022-05-04,Soft
SYN-SC-000243737,Designation 1,S00006665,SYN-ORG-DAF,DAF Sponsor,Payment,2595,2021-08-22,Soft
SYN-SC-000244062,Designation 1863,S00006911,SYN-ORG-SOFT,Other Sponsor,Payment,250,2021-11-18,Soft
SYN-SC-000244174,Designation 5301,S00006999,SYN-ORG-SOFT,Other Sponsor,Payment,250,2021-12-07,Soft
SYN-SC-000244198,Other,S00007040,SYN-ORG-SOFT,Other Sponsor,Payment,1347,2022-02-08,Soft
SYN-SC-000244314,Designation 1,S00007186,SYN-ORG-SOFT,Other Sponsor,Payment,10,2022-01-18,Soft
SYN-SC-000244686,Other,S00007426,SYN-ORG-SOFT,Other Sponsor,Payment,1022,2022-06-19,Soft
SYN-SC-000244939,Designation 1,S00007643,SYN-ORG-SOFT,Other Sponsor,Payment,19,2022-01-13,Soft
SYN-SC-000245103,Designation 28423,S00007722,SYN-ORG-SOFT,Other Sponsor,Payment,1200,2021-12-27,Soft
SYN-SC-000245190,Designation 4602,S00007773,SYN-ORG-SOFT,Other Sponsor,Payment,57,2022-04-02,Soft
SYN-SC-000245340,Designation 9,S00007879,SYN-ORG-SOFT,Other Sponsor,Payment,1940,2022-04-01,Soft
SYN-SC-000245353,Designation 34391,S00007902,SYN-ORG-SOFT,Other Sponsor,Payment,21,2022-02-11,Soft
SYN-SC-000246240,Designation 7994,S00008662,SYN-ORG-SOFT,Other Sponsor,Payment,10,2021-10-29,Soft
SYN-SC-000246318,Other,S00008734,SYN-ORG-SOFT,Other Sponsor,Payment,2000,2022-06-04,Soft
SYN-SC-000246372,Other,S00008802,SYN-ORG-SOFT,Other Sponsor,Payment,1358,2022-02-11,Soft
SYN-SC-000246680,Designation 9,S00009042,SYN-ORG-SOFT,Other Sponsor,Payment,1870,2022-06-07,Soft
SYN-SC-000246717,Other,S00009068,SYN-ORG-DAF,DAF Sponsor,Payment,190,2022-03-22,Soft
SYN-SC-000246868,Designation 9,S00009196,SYN-ORG-SOFT,Other Sponsor,Payment,213,2021-10-09,Soft
SYN-SC-000246894,Designation 1,S00009208,SYN-ORG-SOFT,Other Sponsor,Payment,249,2021-12-27,Soft
SYN-SC-000247098,Designation 1,S00009309,SYN-ORG-SOFT,Other Sponsor,Payment,6,2022-02-25,Soft
SYN-SC-000247332,Designation 15200,S00009556,SYN-ORG-SOFT,Other Sponsor,Payment,60,2022-04-07,Soft
SYN-SC-000248167,Designation 208,S00010263,SYN-ORG-DAF,DAF Sponsor,Payment,5,2022-05-11,Soft
SYN-SC-000248622,Other,S00010643,SYN-ORG-SOFT,Other Sponsor,Payment,190,2022-01-28,Soft
SYN-SC-000248737,Designation 1628,S00010769,SYN-ORG-SOFT,Other Sponsor,Payment,187,2021-12-12,Soft
SYN-SC-000248884,Designation 14014,S00010890,SYN-ORG-SOFT,Other Sponsor,Payment,7,2022-01-05,Soft
SYN-SC-000249001,Designation 12,S00010991,SYN-ORG-SOFT,Other Sponsor,Payment,600,2021-07-08,Soft
SYN-SC-000249259,Designation 1,S00011190,SYN-ORG-DAF,DAF Sponsor,Payment,150,2022-03-01,Soft
SYN-SC-000249851,Designation 1,S00011679,SYN-ORG-DAF,DAF Sponsor,Payment,250,2022-03-01,Soft
SYN-SC-000250056,Other,S00011907,SYN-ORG-SOFT,Other Sponsor,Payment,886,2021-07-16,Soft
SYN-SC-000250175,Designation 11,S00011995,SYN-ORG-SOFT,Other Sponsor,Payment,250,2022-02-10,Soft
SYN-SC-000250237,Other,S00012015,SYN-ORG-SOFT,Other Sponsor,Payment,290,2021-07-19,Soft
SYN-SC-000250315,Designation 3849,S00012069,SYN-ORG-DAF,DAF Sponsor,Payment,298,2022-06-16,Soft
SYN-SC-000250590,Designation 1,S00012320,SYN-ORG-DAF,DAF Sponsor,Payment,154,2021-11-13,Soft
SYN-SC-000250728,Other,S00012379,SYN-ORG-SOFT,Other Sponsor,Payment,600,2021-10-08,Soft
SYN-SC-000251044,Designation 1,S00012629,SYN-ORG-DAF,DAF Sponsor,Payment,600,2021-10-02,Soft
SYN-SC-000251246,Designation 10138,S00012775,SYN-ORG-DAF,DAF Sponsor,Payment,250,2021-11-04,Soft
SYN-SC-000251587,Other,S00013029,SYN-ORG-SOFT,Other Sponsor,Payment,2000,2022-04-20,Soft
SYN-SC-000251909,Designation 21547,S00013301,SYN-ORG-SOFT,Other Sponsor,Payment,480,2021-12-24,Soft
SYN-SC-000251960,Designation 6149,S00013337,SYN-ORG-SOFT,Other Sponsor,Payment,402,2022-03-21,Soft
SYN-SC-000252092,Designation 38,S00013450,SYN-ORG-SOFT,Other Sponsor,Payment,600,2021-09-30,Soft
SYN-SC-000252334,Designation 39,S00013679,SYN-ORG-DAF,DAF Sponsor,Payment,970,2022-02-04,Soft
SYN-SC-000252377,Designation 1,S00013731,SYN-ORG-SOFT,Other Sponsor,Payment,71,2022-03-12,Soft
SYN-SC-000252618,Designation 19,S00013995,SYN-ORG-SOFT,Other Sponsor,Payment,600,2022-06-29,Soft
SYN-SC-000252847,Designation 11552,S00014156,SYN-ORG-SOFT,Other Sponsor,Payment,6,2022-02-01,Soft
SYN-SC-000252961,Designation 1,S00014197,SYN-ORG-SOFT,Other Sponsor,Payment,985,2022-02-16,Soft
SYN-SC-000253234,Designation 9,S00014385,SYN-ORG-DAF,DAF Sponsor,Payment,687,2022-05-17,Soft
SYN-SC-000253669,Designation 1,S00014722,SYN-ORG-DAF,DAF Sponsor,Payment,250,2021-10-02,Soft
SYN-SC-000254069,Designation 21625,S00014984,SYN-ORG-SOFT,Other Sponsor,Payment,718,2022-05-08,Soft
SYN-SC-000254792,Designation 1,S00015696,SYN-ORG-SOFT,Other Sponsor,Payment,3,2021-09-11,Soft
SYN-SC-000254992,Designation 1,S00015859,SYN-ORG-SOFT,Other Sponsor,Payment,190,2022-03-16,Soft
SYN-SC-000255290,Designation 2,S00016129,SYN-ORG-SOFT,Other Sponsor,Payment,238,2021-11-05,Soft
SYN-SC-000256045,Designation 35089,S00016721,SYN-ORG-DAF,DAF Sponsor,Payment,178,2021-09-01,Soft
SYN-SC-000256247,Designation 1,S00016822,SYN-ORG-SOFT,Other Sponsor,Payment,5,2022-06-11,Soft
SYN-SC-000256584,Other,S00017166,SYN-ORG-DAF,DAF Sponsor,Payment,1200,2022-01-26,Soft
SYN-SC-000256679,Designation 1,S00017251,SYN-ORG-SOFT,Other Sponsor,Payment,284,2021-07-09,Soft
SYN-SC-000256990,Designation 3,S00017542,SYN-ORG-SOFT,Other Sponsor,Payment,600,2021-09-21,Soft
SYN-SC-000257391,Designation 1,S00017956,SYN-ORG-SOFT,Other Sponsor,Payment,6,2022-01-23,Soft
SYN-SC-000257394,Other,S00017979,SYN-ORG-DAF,DAF Sponsor,Payment,317,2022-06-06,Soft
SYN-SC-000257462,Designation 7725,S00018026,SYN-ORG-SOFT,Other Sponsor,Payment,120,2022-04-08,Soft
SYN-SC-000257765,Other,S00018216,SYN-ORG-SOFT,Other Sponsor,Payment,444,2022-02-23,Soft
SYN-SC-000257935,Designation 9272,S00018317,SYN-ORG-SOFT,Other Sponsor,Payment,3,2021-12-05,Soft
SYN-SC-000257964,Other,S00018352,SYN-ORG-SOFT,Other Sponsor,Payment,190,2022-02-05,Soft
SYN-SC-000258284,Designation 18980,S00018655,SYN-ORG-SOFT,Other Sponsor,Payment,3,2021-11-02,Soft
SYN-SC-000258386,Designation 1,S00018759,SYN-ORG-SOFT,Other Sponsor,Payment,2069,2022-03-24,Soft
SYN-SC-000258402,Designation 14851,S00018782,SYN-ORG-SOFT,Other Sponsor,Payment,250,2022-05-01,Soft
SYN-SC-000258534,Other,S00018860,SYN-ORG-DAF,DAF Sponsor,Payment,644,2022-06-13,Soft
SYN-SC-000258739,Designation 1,S00019017,SYN-ORG-DAF,DAF Sponsor,Payment,250,2021-11-15,Soft
SYN-SC-000258740,Designation 1,S00019023,SYN-ORG-SOFT,Other Sponsor,Payment,250,2021-07-27,Soft
SYN-SC-000258990,Designation 1,S00019285,SYN-ORG-SOFT,Other Sponsor,Payment,14,2022-06-13,Soft
SYN-SC-000259151,Designation 45,S00019424,SYN-ORG-SOFT,Other Sponsor,Payment,480,2022-04-24,Soft
SYN-SC-000259702,Designation 1,S00019854,SYN-ORG-DAF,DAF Sponsor,Payment,5,2021-09-21,Soft
SYN-SC-000259842,Designation 1,S00019985,SYN-ORG-SOFT,Other Sponsor,Payment,120,2022-02-14,Soft
SYN-SC-000260081,Other,S00020136,SYN-ORG-SOFT,Other Sponsor,Payment,118,2022-05-27,Soft
SYN-SC-000260280,Designation 11,S00020327,SYN-ORG-DAF,DAF Sponsor,Payment,459,2021-11-28,Soft
SYN-SC-000260347,Designation 204,S00020392,SYN-ORG-SOFT,Other Sponsor,Payment,9,2022-02-20,Soft
SYN-SC-000260626,Other,S00020663,SYN-ORG-SOFT,Other Sponsor,Payment,7,2021-10-24,Soft
SYN-SC-000260857,Other,S00020861,SYN-ORG-SOFT,Other Sponsor,Payment,600,2022-01-15,Soft
SYN-SC-000261168,Designation 9,S00021137,SYN-ORG-SOFT,Other Sponsor,Payment,2635,2021-07-27,Soft
SYN-SC-000261371,Designation 1,S00021253,SYN-ORG-SOFT,Other Sponsor,Payment,2000,2021-09-12,Soft
SYN-SC-000261475,Designation 19725,S00021356,SYN-ORG-DAF,DAF Sponsor,Payment,16,2021-11-04,Soft
SYN-SC-000261672,Designation 1,S00021450,SYN-ORG-SOFT,Other Sponsor,Payment,6,2021-10-04,Soft
SYN-SC-000261752,Designation 1,S00021522,SYN-ORG-SOFT,Other Sponsor,Payment,500,2022-03-01,Soft
SYN-SC-000261864,Designation 1,S00021660,SYN-ORG-DAF,DAF Sponsor,Payment,212,2022-02-19,Soft
SYN-SC-000261996,Designation 1,S00021738,SYN-ORG-SOFT,Other Sponsor,Payment,7,2022-04-04,Soft
SYN-SC-000262024,Designation 8201,S00021773,SYN-ORG-SOFT,Other Sponsor,Payment,10,2021-10-01,Soft
SYN-SC-000262360,Designation 1,S00022080,SYN-ORG-SOFT,Other Sponsor,Payment,9,2022-04-29,Soft
SYN-SC-000262463,Designation 10536,S00022153,SYN-ORG-DAF,DAF Sponsor,Payment,163,2021-11-12,Soft
SYN-SC-000262702,Designation 6782,S00022332,SYN-ORG-DAF,DAF Sponsor,Payment,1200,2021-11-06,Soft
SYN-SC-000262703,Designation 23,S00022357,SYN-ORG-DAF,DAF Sponsor,Payment,600,2022-06-16,Soft
SYN-SC-000263380,Designation 34083,S00022728,SYN-ORG-SOFT,Other Sponsor,Payment,227,2022-01-17,Soft
SYN-SC-000263593,Designation 2,S00022879,SYN-ORG-SOFT,Other Sponsor,Payment,449,2022-05-11,Soft
SYN-SC-000263669,Designation 1,S00022954,SYN-ORG-SOFT,Other Sponsor,Payment,188,2021-07-04,Soft
SYN-SC-000263789,Designation 9622,S00023003,SYN-ORG-SOFT,Other Sponsor,Payment,250,2021-09-23,Soft
SYN-SC-000264052,Designation 31829,S00023209,SYN-ORG-DAF,DAF Sponsor,Payment,468,2021-08-27,Soft
SYN-SC-000264241,Designation 1,S00023424,SYN-ORG-SOFT,Other Sponsor,Payment,1020,2021-10-12,Soft
SYN-SC-000264536,Designation 3,S00023698,SYN-ORG-DAF,DAF Sponsor,Payment,855,2021-12-18,Soft
SYN-SC-000264946,Designation 1,S00024004,SYN-ORG-SOFT,Other Sponsor,Payment,5,2021-07-24,Soft
SYN-SC-000264949,Designation 1663,S00024005,SYN-ORG-SOFT,Other Sponsor,Payment,198,2021-08-19,Soft
SYN-SC-000265273,Designation 1,S00024221,SYN-ORG-SOFT,Other Sponsor,Payment,250,2021-10-09,Soft
SYN-SC-000265478,Designation 1,S00024417,SYN-ORG-DAF,DAF Sponsor,Payment,15,2022-06-14,Soft
SYN-SC-000265829,Designation 38,S00024728,SYN-ORG-DAF,DAF Sponsor,Payment,533,2021-08-25,Soft
SYN-SC-000266093,Designation 1,S00024980,SYN-ORG-SOFT,Other Sponsor,Payment,600,2022-03-03,Soft
SYN-SC-000266149,Designation 6976,S00025050,SYN-ORG-SOFT,Other Sponsor,Payment,34,2021-07-20,Soft
SYN-SC-000267252,Designation 4,S00025931,SYN-ORG-SOFT,Other Sponsor,Payment,1440,2021-10-05,Soft
SYN-SC-000267256,Designation 9923,S00025937,SYN-ORG-SOFT,Other Sponsor,Payment,350,2022-03-14,Soft
SYN-SC-000267320,Designation 1,S00025970,SYN-ORG-SOFT,Other Sponsor,Payment,25,2022-01-19,Soft
SYN-SC-000267586,Designation 9972,S00026150,SYN-ORG-SOFT,Other Sponsor,Payment,1068,2021-09-07,Soft
SYN-SC-000268014,Designation 1,S00026456,SYN-ORG-SOFT,Other Sponsor,Payment,190,2021-09-11,Soft
SYN-SC-000268086,Other,S00026526,SYN-ORG-DAF,DAF Sponsor,Payment,58,2021-08-13,Soft
SYN-SC-000268316,Designation 1,S00026642,SYN-ORG-SOFT,Other Sponsor,Payment,1128,2022-01-16,Soft
SYN-SC-000269154,Designation 1,S00027372,SYN-ORG-SOFT,Other Sponsor,Payment,227,2021-08-08,Soft
SYN-SC-000269217,Designation 1,S00027402,SYN-ORG-SOFT,Other Sponsor,Payment,540,2021-07-11,Soft
SYN-SC-000269333,Designation 1,S00027503,SYN-ORG-SOFT,Other Sponsor,Payment,154,2022-06-01,Soft
SYN-SC-000269399,Other,S00027544,SYN-ORG-SOFT,Other Sponsor,Payment,6,2022-06-07,Soft
SYN-SC-000269478,Designation 951,S00027599,SYN-ORG-DAF,DAF Sponsor,Payment,40,2021-12-15,Soft
SYN-SC-000270338,Designation 17,S00028164,SYN-ORG-SOFT,Other Sponsor,Payment,1090,2022-01-24,Soft
SYN-SC-000270433,Designation 1,S00028269,SYN-ORG-SOFT,Other Sponsor,Payment,692,2022-05-12,Soft
SYN-SC-000270930,Designation 1015,S00028643,SYN-ORG-DAF,DAF Sponsor,Payment,28,2021-12-11,Soft
SYN-SC-000271119,Other,S00028843,SYN-ORG-SOFT,Other Sponsor,Payment,1200,2022-03-07,Soft
SYN-SC-000271932,Designation 1,S00029318,SYN-ORG-SOFT,Other Sponsor,Payment,21,2021-12-30,Soft
SYN-SC-000271995,Designation 3091,S00029351,SYN-ORG-DAF,DAF Sponsor,Payment,180,2021-09-21,Soft
SYN-SC-000271997,Designation 1,S00029353,SYN-ORG-SOFT,Other Sponsor,Payment,250,2021-07-27,Soft
SYN-SC-000272127,Other,S00029483,SYN-ORG-SOFT,Other Sponsor,Payment,19,2021-10-02,Soft
SYN-SC-000272139,Designation 1,S00029490,SYN-ORG-SOFT,Other Sponsor,Payment,5,2021-09-12,Soft
SYN-SC-000272154,Other,S00029516,SYN-ORG-SOFT,Other Sponsor,Payment,701,2022-04-28,Soft
SYN-SC-000272692,Designation 1,S00029893,SYN-ORG-SOFT,Other Sponsor,Payment,133,2022-05-27,Soft
SYN-SC-000272858,Designation 1,S00030015,SYN-ORG-SOFT,Other Sponsor,Payment,119,2021-07-02,Soft
SYN-SC-000272910,Designation 12487,S00030047,SYN-ORG-SOFT,Other Sponsor,Payment,5,2022-03-23,Soft
SYN-SC-000273149,Designation 1,S00030281,SYN-ORG-SOFT,Other Sponsor,Payment,106,2022-03-09,Soft
SYN-SC-000273169,Other,S00030355,SYN-ORG-SOFT,Other Sponsor,Payment,2000,2022-06-27,Soft
SYN-SC-000273567,Designation 17174,S00030625,SYN-ORG-SOFT,Other Sponsor,Payment,250,2021-09-15,Soft
SYN-SC-000273669,Designation 1,S00030699,SYN-ORG-SOFT,Other Sponsor,Payment,15,2021-08-22,Soft
SYN-SC-000273975,Designation 1948,S00030875,SYN-ORG-SOFT,Other Sponsor,Payment,651,2022-06-12,Soft
SYN-SC-000274000,Designation 20438,S00030905,SYN-ORG-SOFT,Other Sponsor,Payment,10,2022-03-02,Soft
SYN-SC-000274418,Other,S00031230,SYN-ORG-SOFT,Other Sponsor,Payment,540,2022-06-30,Soft
SYN-SC-000274610,Designation 1,S00031372,SYN-ORG-SOFT,Other Sponsor,Payment,198,2021-08-19,Soft
SYN-SC-000275001,Designation 1,S00031713,SYN-ORG-SOFT,Other Sponsor,Payment,600,2022-06-02,Soft
SYN-SC-000275010,Other,S00031757,SYN-ORG-SOFT,Other Sponsor,Payment,600,2022-02-27,Soft
SYN-SC-000275043,Designation 1,S00031885,SYN-ORG-SOFT,Other Sponsor,Payment,7,2021-07-03,Soft
SYN-SC-000275271,Designation 1,S00032097,SYN-ORG-SOFT,Other Sponsor,Payment,1116,2022-01-13,Soft
SYN-SC-000275323,Designation 16,S00032132,SYN-ORG-DAF,DAF Sponsor,Payment,404,2021-11-30,Soft
SYN-SC-000275658,Designation 1,S00032388,SYN-ORG-SOFT,Other Sponsor,Payment,190,2022-06-17,Soft
SYN-SC-000275806,Designation 1,S00032510,SYN-ORG-SOFT,Other Sponsor,Payment,250,2021-11-10,Soft
SYN-SC-000276095,Designation 19752,S00032728,SYN-ORG-SOFT,Other Sponsor,Payment,747,2022-04-03,Soft
SYN-SC-000276148,Designation 8169,S00032781,SYN-ORG-SOFT,Other Sponsor,Payment,3,2022-01-29,Soft
SYN-SC-000276176,Designation 1,S00032812,SYN-ORG-SOFT,Other Sponsor,Payment,332,2021-08-19,Soft
SYN-SC-000276391,Designation 1,S00033056,SYN-ORG-SOFT,Other Sponsor,Payment,1140,2022-06-16,Soft
SYN-SC-000277103,Designation 1,S00033603,SYN-ORG-SOFT,Other Sponsor,Payment,8,2021-11-22,Soft
SYN-SC-000277105,Designation 1,S00033609,SYN-ORG-SOFT,Other Sponsor,Payment,206,2021-07-06,Soft
SYN-SC-000277396,Designation 29243,S00033888,SYN-ORG-SOFT,Other Sponsor,Payment,500,2021-09-05,Soft
SYN-SC-000277509,Other,S00033931,SYN-ORG-DAF,DAF Sponsor,Payment,140,2022-05-26,Soft
SYN-SC-000277640,Other,S00034020,SYN-ORG-SOFT,Other Sponsor,Payment,540,2022-04-03,Soft
SYN-SC-000277808,Other,S00034107,SYN-ORG-SOFT,Other Sponsor,Payment,440,2021-09-19,Soft
SYN-SC-000277861,Designation 1,S00034160,SYN-ORG-SOFT,Other Sponsor,Payment,106,2022-06-02,Soft
SYN-SC-000277902,Designation 1,S00034183,SYN-ORG-DAF,DAF Sponsor,Payment,250,2021-10-26,Soft
SYN-SC-000278304,Other,S00034486,SYN-ORG-SOFT,Other Sponsor,Payment,315,2021-08-15,Soft
SYN-SC-000278432,Designation 739,S00034562,SYN-ORG-SOFT,Other Sponsor,Payment,50,2022-04-07,Soft
SYN-SC-000278486,Designation 1,S00034591,SYN-ORG-DAF,DAF Sponsor,Payment,540,2021-10-25,Soft
SYN-SC-000279091,Designation 20,S00035090,SYN-ORG-SOFT,Other Sponsor,Payment,338,2021-08-07,Soft
SYN-SC-000279332,Designation 1,S00035252,SYN-ORG-SOFT,Other Sponsor,Payment,2000,2022-02-22,Soft
SYN-SC-000279714,Designation 1,S00035556,SYN-ORG-SOFT,Other Sponsor,Payment,165,2022-05-04,Soft
SYN-SC-000280042,Designation 1,S00035794,SYN-ORG-SOFT,Other Sponsor,Payment,443,2022-03-02,Soft
SYN-SC-000280264,Designation 1,S00035991,SYN-ORG-SOFT,Other Sponsor,Payment,250,2022-05-11,Soft
SYN-SC-000280747,Designation 1,S00036396,SYN-ORG-SOFT,Other Sponsor,Payment,540,2021-07-09,Soft
SYN-SC-000280776,Designation 85,S00036423,SYN-ORG-SOFT,Other Sponsor,Payment,374,2022-06-26,Soft
SYN-SC-000281202,Designation 11913,S00036717,SYN-ORG-SOFT,Other Sponsor,Payment,25,2021-10-01,Soft
SYN-SC-000281843,Designation 1,S00037144,SYN-ORG-SOFT,Other Sponsor,Payment,130,2022-04-17,Soft
SYN-SC-000282556,Designation 745,S00037713,SYN-ORG-SOFT,Other Sponsor,Payment,5,2022-03-03,Soft
SYN-SC-000282612,Designation 1,S00037733,SYN-ORG-SOFT,Other Sponsor,Payment,600,2022-06-27,Soft
SYN-SC-000282840,Designation 1,S00037934,SYN-ORG-SOFT,Other Sponsor,Payment,250,2021-10-19,Soft
SYN-SC-000282933,Designation 8689,S00037969,SYN-ORG-DAF,DAF Sponsor,Payment,190,2022-01-10,Soft
SYN-SC-000283254,Designation 1,S00038177,SYN-ORG-SOFT,Other Sponsor,Payment,130,2022-05-06,Soft
SYN-SC-000283381,Designation 12849,S00038261,SYN-ORG-SOFT,Other Sponsor,Payment,190,2021-09-16,Soft
SYN-SC-000283420,Designation 29911,S00038276,SYN-ORG-DAF,DAF Sponsor,Payment,575,2021-07-27,Soft
SYN-SC-000284610,Designation 29524,S00039271,SYN-ORG-SOFT,Other Sponsor,Payment,250,2021-12-19,Soft
SYN-SC-000284857,Designation 21100,S00039404,SYN-ORG-DAF,DAF Sponsor,Payment,134,2021-10-14,Soft
SYN-SC-000285053,Designation 1,S00039579,SYN-ORG-SOFT,Other Sponsor,Payment,5,2022-02-21,Soft
SYN-SC-000285091,Designation 85,S00039595,SYN-ORG-SOFT,Other Sponsor,Payment,492,2022-06-10,Soft
SYN-SC-000285225,Designation 1,S00039648,SYN-ORG-SOFT,Other Sponsor,Payment,188,2022-06-03,Soft
SYN-SC-000285325,Designation 18415,S00039701,SYN-ORG-DAF,DAF Sponsor,Payment,14,2022-02-25,Soft
SYN-SC-000285418,Designation 1903,S00039782,SYN-ORG-SOFT,Other Sponsor,Payment,130,2022-02-28,Soft
SYN-SC-000285633,Designation 4327,S00040004,SYN-ORG-SOFT,Other Sponsor,Payment,6,2021-08-07,Soft
SYN-SC-000286059,Designation 9589,S00040274,SYN-ORG-DAF,DAF Sponsor,Payment,1200,2022-01-14,Soft
SYN-SC-000286100,Designation 1,S00040344,SYN-ORG-SOFT,Other Sponsor,Payment,238,2022-02-11,Soft
SYN-SC-000286232,Designation 32466,S00040430,SYN-ORG-SOFT,Other Sponsor,Payment,1140,2022-01-21,Soft
SYN-SC-000286645,Designation 15,S00040719,SYN-ORG-SOFT,Other Sponsor,Payment,305,2021-11-16,Soft
SYN-SC-000286882,Designation 964,S00040894,SYN-ORG-SOFT,Other Sponsor,Payment,250,2022-03-25,Soft
SYN-SC-000287051,Designation 1,S00041007,SYN-ORG-SOFT,Other Sponsor,Payment,600,2021-10-11,Soft
SYN-SC-000287187,Designation 54,S00041144,SYN-ORG-DAF,DAF Sponsor,Payment,1200,2022-05-15,Soft
SYN-SC-000287334,Designation 1,S00041233,SYN-ORG-SOFT,Other Sponsor,Payment,20,2022-01-05,Soft
SYN-SC-000287655,Other,S00041562,SYN-ORG-SOFT,Other Sponsor,Payment,420,2022-04-25,Soft
SYN-SC-000287778,Designation 1,S00041640,SYN-ORG-SOFT,Other Sponsor,Payment,211,2022-04-27,Soft
SYN-SC-000288024,Designation 10652,S00041776,SYN-ORG-SOFT,Other Sponsor,Payment,5,2021-09-10,Soft
SYN-SC-000288174,Designation 4901,S00041874,SYN-ORG-SOFT,Other Sponsor,Payment,250,2021-11-14,Soft
SYN-SC-000288253,Designation 39,S00041955,SYN-ORG-SOFT,Other Sponsor,Payment,500,2022-05-20,Soft
SYN-SC-000288967,Designation 1,S00042545,SYN-ORG-DAF,DAF Sponsor,Payment,213,2021-12-01,Soft
SYN-SC-000289017,Designation 11134,S00042571,SYN-ORG-DAF,DAF Sponsor,Payment,4,2021-09-02,Soft
SYN-SC-000289061,Designation 1,S00042640,SYN-ORG-SOFT,Other Sponsor,Payment,5,2022-01-29,Soft
SYN-SC-000289312,Designation 2,S00042826,SYN-ORG-SOFT,Other Sponsor,Payment,540,2022-05-18,Soft
SYN-SC-000289325,Designation 1,S00042836,SYN-ORG-SOFT,Other Sponsor,Payment,600,2021-08-07,Soft
SYN-SC-000289327,Designation 11,S00042837,SYN-ORG-SOFT,Other Sponsor,Payment,733,2022-02-06,Soft
SYN-SC-000289342,Designation 32176,S00042850,SYN-ORG-SOFT,Other Sponsor,Payment,190,2022-04-04,Soft
SYN-SC-000289713,Designation 1,S00043141,SYN-ORG-DAF,DAF Sponsor,Payment,100,2022-02-19,Soft
SYN-SC-000290007,Designation 1,S00043347,SYN-ORG-DAF,DAF Sponsor,Payment,3142,2022-06-18,Soft
SYN-SC-000290241,Designation 1,S00043466,SYN-ORG-SOFT,Other Sponsor,Payment,120,2021-07-12,Soft
SYN-SC-000290731,Designation 6885,S00043834,SYN-ORG-SOFT,Other Sponsor,Payment,14,2022-05-11,Soft
SYN-SC-000290857,Designation 1,S00043895,SYN-ORG-SOFT,Other Sponsor,Payment,1200,2021-10-01,Soft
SYN-SC-000291195,Designation 13691,S00044148,SYN-ORG-SOFT,Other Sponsor,Payment,12,2021-08-20,Soft
SYN-SC-000291343,Designation 9,S00044315,SYN-ORG-SOFT,Other Sponsor,Payment,1500,2022-06-04,Soft
SYN-SC-000291344,Designation 1,S00044317,SYN-ORG-SOFT,Other Sponsor,Payment,250,2021-10-02,Soft
SYN-SC-000292112,Designation 8662,S00044948,SYN-ORG-SOFT,Other Sponsor,Payment,1940,2022-06-15,Soft
SYN-SC-000292245,Designation 1,S00045063,SYN-ORG-SOFT,Other Sponsor,Payment,190,2021-11-02,Soft
SYN-SC-000292389,Designation 1,S00045217,SYN-ORG-SOFT,Other Sponsor,Payment,134,2021-12-30,Soft
SYN-SC-000292509,Designation 1,S00045308,SYN-ORG-DAF,DAF Sponsor,Payment,881,2021-07-03,Soft
SYN-SC-000292534,Designation 14,S00045321,SYN-ORG-SOFT,Other Sponsor,Payment,1464,2021-11-04,Soft
SYN-SC-000293049,Designation 13775,S00045654,SYN-ORG-DAF,DAF Sponsor,Payment,479,2021-10-27,Soft
SYN-SC-000293640,Designation 51,S00046074,SYN-ORG-SOFT,Other Sponsor,Payment,299,2021-07-28,Soft
SYN-SC-000293706,Designation 23066,S00046143,SYN-ORG-DAF,DAF Sponsor,Payment,528,2021-12-10,Soft
SYN-SC-000293871,Designation 9,S00046266,SYN-ORG-SOFT,Other Sponsor,Payment,891,2021-12-03,Soft
SYN-SC-000294157,Designation 1,S00046522,SYN-ORG-SOFT,Other Sponsor,Payment,5,2022-04-28,Soft
SYN-SC-000295052,Designation 1,S00047142,SYN-ORG-SOFT,Other Sponsor,Payment,600,2022-06-08,Soft
SYN-SC-000295330,Other,S00047316,SYN-ORG-SOFT,Other Sponsor,Payment,700,2022-04-26,Soft
SYN-SC-000295914,Designation 14535,S00047791,SYN-ORG-SOFT,Other Sponsor,Payment,250,2022-02-13,Soft
SYN-SC-000296128,Other,S00047994,SYN-ORG-SOFT,Other Sponsor,Payment,190,2022-01-19,Soft
SYN-SC-000296270,Designation 1,S00048133,SYN-ORG-DAF,DAF Sponsor,Payment,74,2021-07-23,Soft
SYN-SC-000296868,Designation 1,S00048571,SYN-ORG-SOFT,Other Sponsor,Payment,285,2022-03-09,Soft
SYN-SC-000296975,Other,S00048677,SYN-ORG-DAF,DAF Sponsor,Payment,236,2022-02-04,Soft
SYN-SC-000297376,Designation 1,S00048960,SYN-ORG-SOFT,Other Sponsor,Payment,165,2022-03-07,Soft
SYN-SC-000299290,Designation 1,S00050371,SYN-ORG-SOFT,Other Sponsor,Payment,6,2022-06-29,Soft
SYN-SC-000299580,Designation 1,S00050668,SYN-ORG-SOFT,Other Sponsor,Payment,331,2021-12-10,Soft
SYN-SC-000299608,Designation 1,S00050710,SYN-ORG-SOFT,Other Sponsor,Payment,178,2021-08-09,Soft
SYN-SC-000299778,Designation 16817,S00050826,SYN-ORG-DAF,DAF Sponsor,Payment,600,2021-08-22,Soft
SYN-SC-000299810,Designation 7122,S00050860,SYN-ORG-SOFT,Other Sponsor,Payment,440,2021-10-12,Soft
SYN-SC-000300065,Designation 11435,S00051065,SYN-ORG-SOFT,Other Sponsor,Payment,12,2021-09-22,Soft
SYN-SC-000300317,Designation 2506,S00051327,SYN-ORG-SOFT,Other Sponsor,Payment,5,2022-02-01,Soft
SYN-SC-000300508,Designation 5706,S00051452,SYN-ORG-SOFT,Other Sponsor,Payment,600,2021-09-10,Soft
SYN-SC-000301106,Designation 15923,S00051927,SYN-ORG-SOFT,Other Sponsor,Payment,2000,2021-12-14,Soft
SYN-SC-000301136,Designation 2334,S00051934,SYN-ORG-SOFT,Other Sponsor,Payment,10,2022-05-20,Soft
SYN-SC-000301336,Designation 6547,S00052053,SYN-ORG-SOFT,Other Sponsor,Payment,6,2022-04-14,Soft
SYN-SC-000301338,Designation 1,S00052058,SYN-ORG-SOFT,Other Sponsor,Payment,2000,2022-03-25,Soft
SYN-SC-000301696,Designation 1,S00052343,SYN-ORG-DAF,DAF Sponsor,Payment,106,2022-05-10,Soft
SYN-SC-000301709,Other,S00052350,SYN-ORG-DAF,DAF Sponsor,Payment,528,2022-04-29,Soft
SYN-SC-000301941,Designation 4444,S00052516,SYN-ORG-SOFT,Other Sponsor,Payment,600,2021-10-05,Soft
SYN-SC-000302330,Designation 32,S00052837,SYN-ORG-SOFT,Other Sponsor,Payment,540,2022-05-04,Soft
SYN-SC-000302623,Designation 2,S00053033,SYN-ORG-SOFT,Other Sponsor,Payment,480,2021-12-13,Soft
SYN-SC-000303024,Designation 2837,S00053383,SYN-ORG-SOFT,Other Sponsor,Payment,194,2021-08-21,Soft
SYN-SC-000303176,Designation 30796,S00053477,SYN-ORG-SOFT,Other Sponsor,Payment,357,2022-03-22,Soft
SYN-SC-000303340,Other,S00053598,SYN-ORG-DAF,DAF Sponsor,Payment,1818,2021-07-01,Soft
SYN-SC-000303522,Designation 1,S00053776,SYN-ORG-SOFT,Other Sponsor,Payment,1150,2022-02-16,Soft
SYN-SC-000303548,Designation 1,S00053784,SYN-ORG-SOFT,Other Sponsor,Payment,5,2021-07-09,Soft
SYN-SC-000303600,Designation 4311,S00053838,SYN-ORG-SOFT,Other Sponsor,Payment,68,2021-07-05,Soft
SYN-SC-000303769,Designation 1,S00053946,SYN-ORG-SOFT,Other Sponsor,Payment,1140,2022-02-20,Soft
SYN-SC-000303933,Designation 23251,S00054049,SYN-ORG-SOFT,Other Sponsor,Payment,5,2021-09-09,Soft
SYN-SC-000304053,Designation 25440,S00054184,SYN-ORG-SOFT,Other Sponsor,Payment,5,2022-02-02,Soft
SYN-SC-000304551,Designation 1,S00054529,SYN-ORG-SOFT,Other Sponsor,Payment,600,2021-10-11,Soft
SYN-SC-000304555,Designation 6963,S00054542,SYN-ORG-SOFT,Other Sponsor,Payment,600,2021-12-21,Soft
SYN-SC-000304606,Designation 6513,S00054590,SYN-ORG-SOFT,Other Sponsor,Payment,84,2021-10-20,Soft
SYN-SC-000304937,Designation 23,S00054798,SYN-ORG-SOFT,Other Sponsor,Payment,500,2022-03-06,Soft
SYN-SC-000305279,Designation 1,S00055046,SYN-ORG-SOFT,Other Sponsor,Payment,10,2021-11-30,Soft
SYN-SC-000305783,Other,S00055415,SYN-ORG-SOFT,Other Sponsor,Payment,540,2021-07-07,Soft
SYN-SC-000305994,Designation 1,S00055590,SYN-ORG-DAF,DAF Sponsor,Payment,468,2021-09-04,Soft
SYN-SC-000306007,Other,S00055601,SYN-ORG-SOFT,Other Sponsor,Payment,5,2021-09-18,Soft
SYN-SC-000306219,Designation 17839,S00055807,SYN-ORG-SOFT,Other Sponsor,Payment,37,2022-03-15,Soft
SYN-SC-000306326,Designation 11732,S00055890,SYN-ORG-DAF,DAF Sponsor,Payment,74,2022-01-30,Soft
SYN-SC-000306427,Designation 736,S00055961,SYN-ORG-SOFT,Other Sponsor,Payment,13,2022-06-16,Soft
SYN-SC-000306521,Designation 1,S00056057,SYN-ORG-SOFT,Other Sponsor,Payment,600,2021-10-17,Soft
SYN-SC-000306600,Other,S00056116,SYN-ORG-SOFT,Other Sponsor,Payment,600,2021-09-12,Soft
SYN-SC-000306753,Designation 17981,S00056234,SYN-ORG-DAF,DAF Sponsor,Payment,466,2021-08-27,Soft
SYN-SC-000307379,Designation 1,S00056671,SYN-ORG-SOFT,Other Sponsor,Payment,468,2021-11-27,Soft
SYN-SC-000308078,Other,S00057110,SYN-ORG-SOFT,Other Sponsor,Payment,178,2021-09-12,Soft
SYN-SC-000308527,Designation 1,S00057407,SYN-ORG-DAF,DAF Sponsor,Payment,55,2021-12-18,Soft
SYN-SC-000308542,Designation 28923,S00057421,SYN-ORG-SOFT,Other Sponsor,Payment,600,2021-08-04,Soft
SYN-SC-000308724,Designation 1,S00057553,SYN-ORG-SOFT,Other Sponsor,Payment,12,2021-10-31,Soft
SYN-SC-000309421,Other,S00058084,SYN-ORG-DAF,DAF Sponsor,Payment,1566,2021-09-21,Soft
SYN-SC-000310037,Designation 34,S00058556,SYN-ORG-SOFT,Other Sponsor,Payment,3051,2021-12-22,Soft
SYN-SC-000310704,Designation 1,S00058971,SYN-ORG-SOFT,Other Sponsor,Payment,3,2022-03-04,Soft
SYN-SC-000310859,Designation 1,S00059083,SYN-ORG-SOFT,Other Sponsor,Payment,3,2022-03-02,Soft
SYN-SC-000311042,Designation 17,S00059207,SYN-ORG-DAF,DAF Sponsor,Payment,1080,2021-08-29,Soft
SYN-SC-000311355,Designation 2710,S00059444,SYN-ORG-SOFT,Other Sponsor,Payment,219,2022-05-05,Soft
SYN-SC-000311640,Designation 1,S00059602,SYN-ORG-DAF,DAF Sponsor,Payment,540,2022-03-01,Soft
SYN-SC-000311808,Designation 1,S00059707,SYN-ORG-SOFT,Other Sponsor,Payment,17,2022-03-13,Soft
SYN-SC-000311833,Other,S00059725,SYN-ORG-DAF,DAF Sponsor,Payment,2395,2021-12-15,Soft
SYN-SC-000311982,Designation 1,S00059877,SYN-ORG-SOFT,Other Sponsor,Payment,7,2022-02-13,Soft
SYN-SC-000312687,Other,S00060368,SYN-ORG-SOFT,Other Sponsor,Payment,250,2022-04-15,Soft
SYN-SC-000312903,Designation 79,S00060529,SYN-ORG-SOFT,Other Sponsor,Payment,1116,2021-10-20,Soft
SYN-SC-000313748,Designation 1,S00061214,SYN-ORG-SOFT,Other Sponsor,Payment,23,2021-08-06,Soft
SYN-SC-000314220,Designation 1,S00061457,SYN-ORG-DAF,DAF Sponsor,Payment,457,2021-10-14,Soft
SYN-SC-000314329,Designation 6838,S00061517,SYN-ORG-SOFT,Other Sponsor,Payment,238,2021-12-01,Soft
SYN-SC-000314391,Designation 13996,S00061550,SYN-ORG-SOFT,Other Sponsor,Payment,528,2022-06-21,Soft
SYN-SC-000314484,Designation 1,S00061629,SYN-ORG-SOFT,Other Sponsor,Payment,1510,2021-10-20,Soft
SYN-SC-000315371,Designation 1,S00062229,SYN-ORG-SOFT,Other Sponsor,Payment,10,2021-12-16,Soft
SYN-SC-000316056,Designation 1,S00062642,SYN-ORG-DAF,DAF Sponsor,Payment,3,2021-07-19,Soft
SYN-SC-000316172,Designation 16373,S00062780,SYN-ORG-SOFT,Other Sponsor,Payment,178,2022-05-03,Soft
SYN-SC-000316444,Designation 1,S00062975,SYN-ORG-SOFT,Other Sponsor,Payment,344,2021-09-28,Soft
SYN-SC-000316725,Other,S00063160,SYN-ORG-DAF,DAF Sponsor,Payment,1975,2021-09-29,Soft
SYN-SC-000316767,Designation 36,S00063191,SYN-ORG-SOFT,Other Sponsor,Payment,130,2021-09-08,Soft
SYN-SC-000316907,Designation 1,S00063304,SYN-ORG-SOFT,Other Sponsor,Payment,298,2021-08-10,Soft
SYN-SC-000316993,Designation 1,S00063389,SYN-ORG-SOFT,Other Sponsor,Payment,797,2022-05-28,Soft
SYN-SC-000317267,Designation 15530,S00063667,SYN-ORG-SOFT,Other Sponsor,Payment,500,2022-01-30,Soft
SYN-SC-000317533,Designation 1,S00063867,SYN-ORG-SOFT,Other Sponsor,Payment,600,2021-11-03,Soft
SYN-SC-000317897,Designation 51,S00064120,SYN-ORG-SOFT,Other Sponsor,Payment,453,2022-05-04,Soft
SYN-SC-000317946,Designation 17,S00064182,SYN-ORG-SOFT,Other Sponsor,Payment,734,2022-02-07,Soft
SYN-SC-000318093,Designation 1,S00064266,SYN-ORG-SOFT,Other Sponsor,Payment,5,2022-02-01,Soft
SYN-SC-000319988,Designation 1,S00065534,SYN-ORG-SOFT,Other Sponsor,Payment,134,2021-12-06,Soft
SYN-SC-000320041,Designation 1,S00065601,SYN-ORG-SOFT,Other Sponsor,Payment,3,2021-11-28,Soft
SYN-SC-000320121,Designation 14888,S00065646,SYN-ORG-SOFT,Other Sponsor,Payment,5,2022-06-08,Soft
SYN-SC-000321050,Other,S00066245,SYN-ORG-DAF,DAF Sponsor,Payment,250,2021-12-18,Soft
SYN-SC-000321363,Designation 1,S00066504,SYN-ORG-SOFT,Other Sponsor,Payment,250,2021-12-19,Soft
SYN-SC-000321459,Designation 2943,S00066624,SYN-ORG-SOFT,Other Sponsor,Payment,15,2022-04-06,Soft
SYN-SC-000321553,Designation 1,S00066710,SYN-ORG-SOFT,Other Sponsor,Payment,600,2022-04-20,Soft
SYN-SC-000321940,Designation 1,S00066952,SYN-ORG-SOFT,Other Sponsor,Payment,5,2022-02-17,Soft
SYN-SC-000322544,Designation 1,S00067335,SYN-ORG-SOFT,Other Sponsor,Payment,5,2022-01-13,Soft
SYN-SC-000322807,Designation 3387,S00067537,SYN-ORG-SOFT,Other Sponsor,Payment,145,2022-04-25,Soft
SYN-SC-000323075,Designation 1,S00067690,SYN-ORG-SOFT,Other Sponsor,Payment,154,2021-07-12,Soft
SYN-SC-000323360,Designation 1,S00067925,SYN-ORG-DAF,DAF Sponsor,Payment,433,2021-10-01,Soft
SYN-SC-000323432,Designation 1,S00068007,SYN-ORG-SOFT,Other Sponsor,Payment,600,2021-12-15,Soft
SYN-SC-000323457,Designation 1,S00068015,SYN-ORG-SOFT,Other Sponsor,Payment,142,2022-03-01,Soft
SYN-SC-000324007,Designation 1,S00068393,SYN-ORG-SOFT,Other Sponsor,Payment,130,2022-03-01,Soft
SYN-SC-000324531,Designation 1,S00068736,SYN-ORG-SOFT,Other Sponsor,Payment,15,2022-03-01,Soft
SYN-SC-000324701,Designation 1,S00068867,SYN-ORG-SOFT,Other Sponsor,Payment,74,2021-08-06,Soft
SYN-SC-000324931,Designation 16490,S00069035,SYN-ORG-DAF,DAF Sponsor,Payment,74,2022-01-24,Soft
SYN-SC-000324991,Designation 1,S00069076,SYN-ORG-SOFT,Other Sponsor,Payment,456,2021-09-09,Soft
SYN-SC-000325029,Designation 1,S00069091,SYN-ORG-SOFT,Other Sponsor,Payment,3,2021-08-19,Soft
SYN-SC-000325158,Other,S00069166,SYN-ORG-SOFT,Other Sponsor,Payment,2161,2022-06-10,Soft
SYN-SC-000325187,Designation 6174,S00069217,SYN-ORG-SOFT,Other Sponsor,Payment,190,2021-07-03,Soft
SYN-SC-000325338,Designation 1,S00069306,SYN-ORG-DAF,DAF Sponsor,Payment,250,2022-04-29,Soft
SYN-SC-000325753,Designation 1,S00069505,SYN-ORG-SOFT,Other Sponsor,Payment,56,2021-10-04,Soft
SYN-SC-000325783,Designation 25580,S00069531,SYN-ORG-SOFT,Other Sponsor,Payment,1122,2021-11-11,Soft
SYN-SC-000325847,Designation 1,S00069572,SYN-ORG-SOFT,Other Sponsor,Payment,250,2021-11-15,Soft
SYN-SC-000326292,Designation 440,S00070011,SYN-ORG-SOFT,Other Sponsor,Payment,5,2022-04-02,Soft
SYN-SC-000326339,Designation 1,S00070052,SYN-ORG-SOFT,Other Sponsor,Payment,3,2022-02-11,Soft
SYN-SC-000326397,Designation 1,S00070088,SYN-ORG-DAF,DAF Sponsor,Payment,469,2021-09-04,Soft
SYN-SC-000326541,Designation 1,S00070162,SYN-ORG-DAF,DAF Sponsor,Payment,58,2022-03-04,Soft
SYN-SC-000326748,Designation 987,S00070269,SYN-ORG-SOFT,Other Sponsor,Payment,190,2022-01-07,Soft
SYN-SC-000327219,Other,S00070595,SYN-ORG-SOFT,Other Sponsor,Payment,12,2021-12-14,Soft
SYN-SC-000327500,Designation 5242,S00070733,SYN-ORG-DAF,DAF Sponsor,Payment,328,2022-03-11,Soft
SYN-SC-000327921,Designation 1,S00070949,SYN-ORG-SOFT,Other Sponsor,Payment,21,2021-10-28,Soft
SYN-SC-000328399,Designation 1,S00071234,SYN-ORG-DAF,DAF Sponsor,Payment,540,2021-10-07,Soft
SYN-SC-000328478,Designation 12,S00071330,SYN-ORG-SOFT,Other Sponsor,Payment,836,2021-08-11,Soft
SYN-SC-000328674,Designation 1,S00071532,SYN-ORG-SOFT,Other Sponsor,Payment,40,2022-03-10,Soft
SYN-SC-000328960,Designation 5,S00071659,SYN-ORG-DAF,DAF Sponsor,Payment,1200,2022-01-08,Soft
SYN-SC-000329464,Designation 1,S00072058,SYN-ORG-SOFT,Other Sponsor,Payment,250,2022-06-10,Soft
SYN-SC-000329662,Other,S00072201,SYN-ORG-DAF,DAF Sponsor,Payment,5,2021-07-08,Soft
SYN-SC-000330325,Designation 1,S00072777,SYN-ORG-SOFT,Other Sponsor,Payment,6,2022-03-01,Soft
SYN-SC-000330868,Other,S00073117,SYN-ORG-SOFT,Other Sponsor,Payment,846,2021-10-10,Soft
SYN-SC-000331391,Other,S00073501,SYN-ORG-SOFT,Other Sponsor,Payment,5,2022-04-16,Soft
SYN-SC-000331497,Designation 29692,S00073580,SYN-ORG-SOFT,Other Sponsor,Payment,540,2021-12-25,Soft
SYN-SC-000331601,Designation 1,S00073643,SYN-ORG-SOFT,Other Sponsor,Payment,15,2022-02-24,Soft
SYN-SC-000331865,Designation 29,S00073833,SYN-ORG-SOFT,Other Sponsor,Payment,600,2022-02-16,Soft
SYN-SC-000332061,Designation 1,S00073948,SYN-ORG-SOFT,Other Sponsor,Payment,190,2022-05-13,Soft
SYN-SC-000332147,Designation 1,S00074072,SYN-ORG-SOFT,Other Sponsor,Payment,5,2021-11-11,Soft
SYN-SC-000332224,Designation 2,S00074132,SYN-ORG-SOFT,Other Sponsor,Payment,600,2021-10-15,Soft
SYN-SC-000332402,Designation 1,S00074203,SYN-ORG-SOFT,Other Sponsor,Payment,124,2022-05-05,Soft
SYN-SC-000332693,Designation 19689,S00074350,SYN-ORG-SOFT,Other Sponsor,Payment,1128,2022-03-23,Soft
SYN-SC-000333014,Designation 17980,S00074651,SYN-ORG-SOFT,Other Sponsor,Payment,528,2021-10-13,Soft
SYN-SC-000333244,Designation 1,S00074778,SYN-ORG-SOFT,Other Sponsor,Payment,1200,2021-09-20,Soft
SYN-SC-000333246,Designation 8822,S00074779,SYN-ORG-SOFT,Other Sponsor,Payment,1200,2021-07-07,Soft
SYN-SC-000333428,Designation 1,S00074879,SYN-ORG-SOFT,Other Sponsor,Payment,213,2021-08-02,Soft
SYN-SC-000333889,Designation 7481,S00075210,SYN-ORG-SOFT,Other Sponsor,Payment,250,2022-03-28,Soft
SYN-SC-000333927,Designation 10,S00075231,SYN-ORG-SOFT,Other Sponsor,Payment,1080,2022-04-13,Soft
SYN-SC-000333980,Designation 1,S00075254,SYN-ORG-SOFT,Other Sponsor,Payment,540,2022-01-13,Soft
SYN-SC-000334400,Designation 11737,S00075515,SYN-ORG-SOFT,Other Sponsor,Payment,130,2022-03-20,Soft
SYN-SC-000334561,Designation 2652,S00075630,SYN-ORG-DAF,DAF Sponsor,Payment,286,2021-08-21,Soft
SYN-SC-000334657,Designation 3708,S00075670,SYN-ORG-SOFT,Other Sponsor,Payment,21,2022-03-31,Soft
SYN-SC-000334994,Designation 1,S00075898,SYN-ORG-DAF,DAF Sponsor,Payment,5,2022-01-02,Soft
SYN-SC-000336157,Designation 4041,S00076641,SYN-ORG-SOFT,Other Sponsor,Payment,1200,2022-05-22,Soft
SYN-SC-000336249,Designation 26574,S00076756,SYN-ORG-SOFT,Other Sponsor,Payment,508,2022-04-09,Soft
SYN-SC-000336297,Designation 1,S00076795,SYN-ORG-SOFT,Other Sponsor,Payment,600,2022-06-11,Soft
SYN-SC-000336926,Designation 35157,S00077181,SYN-ORG-SOFT,Other Sponsor,Payment,226,2022-01-27,Soft
SYN-SC-000337423,Designation 871,S00077478,SYN-ORG-DAF,DAF Sponsor,Payment,196,2021-09-22,Soft
SYN-SC-000338277,Designation 4326,S00078034,SYN-ORG-SOFT,Other Sponsor,Payment,20,2022-03-27,Soft
SYN-SC-000338405,Designation 1,S00078116,SYN-ORG-DAF,DAF Sponsor,Payment,600,2022-06-17,Soft
SYN-SC-000338418,Designation 4,S00078117,SYN-ORG-SOFT,Other Sponsor,Payment,1700,2022-03-08,Soft
SYN-SC-000339225,Designation 1,S00078682,SYN-ORG-DAF,DAF Sponsor,Payment,379,2022-02-11,Soft
SYN-SC-000339250,Designation 1,S00078686,SYN-ORG-SOFT,Other Sponsor,Payment,120,2021-10-30,Soft
SYN-SC-000339705,Designation 10,S00078944,SYN-ORG-SOFT,Other Sponsor,Payment,1128,2022-02-12,Soft
SYN-SC-000340100,Other,S00079177,SYN-ORG-DAF,DAF Sponsor,Payment,600,2021-10-18,Soft
SYN-SC-000340126,Other,S00079202,SYN-ORG-SOFT,Other Sponsor,Payment,205,2021-12-03,Soft
SYN-SC-000340993,Designation 1,S00079759,SYN-ORG-DAF,DAF Sponsor,Payment,704,2022-04-06,Soft
SYN-SC-000341060,Other,S00079795,SYN-ORG-DAF,DAF Sponsor,Payment,600,2022-04-29,Soft
SYN-SC-000341266,Designation 3456,S00079928,SYN-ORG-SOFT,Other Sponsor,Payment,178,2022-04-25,Soft
SYN-SC-000341469,Designation 5067,S00079998,SYN-ORG-DAF,DAF Sponsor,Payment,983,2021-07-20,Soft
SYN-SC-000341585,Designation 1,S00080063,SYN-ORG-SOFT,Other Sponsor,Payment,5,2022-06-19,Soft
SYN-SC-000342760,Designation 1,S00080835,SYN-ORG-SOFT,Other Sponsor,Payment,6,2022-02-09,Soft
SYN-SC-000342762,Designation 12482,S00080840,SYN-ORG-SOFT,Other Sponsor,Payment,992,2021-11-12,Soft
SYN-SC-000343011,Designation 22,S00081002,SYN-ORG-DAF,DAF Sponsor,Payment,1200,2021-09-19,Soft
SYN-SC-000343150,Designation 1,S00081121,SYN-ORG-SOFT,Other Sponsor,Payment,13,2022-02-28,Soft
SYN-SC-000343526,Designation 1,S00081386,SYN-ORG-SOFT,Other Sponsor,Payment,120,2022-01-03,Soft
SYN-SC-000343629,Designation 1576,S00081466,SYN-ORG-DAF,DAF Sponsor,Payment,250,2021-10-11,Soft
SYN-SC-000343642,Other,S00081472,SYN-ORG-SOFT,Other Sponsor,Payment,1940,2022-01-01,Soft
SYN-SC-000344064,Designation 7641,S00081716,SYN-ORG-SOFT,Other Sponsor,Payment,15,2022-01-02,Soft
SYN-SC-000344112,Designation 1,S00081749,SYN-ORG-SOFT,Other Sponsor,Payment,5,2021-10-26,Soft
SYN-SC-000344371,Designation 1,S00081966,SYN-ORG-SOFT,Other Sponsor,Payment,190,2021-08-29,Soft
SYN-SC-000344615,Designation 17,S00082099,SYN-ORG-SOFT,Other Sponsor,Payment,490,2021-11-26,Soft
SYN-SC-000344922,Designation 11374,S00082317,SYN-ORG-SOFT,Other Sponsor,Payment,5,2022-01-23,Soft
SYN-SC-000345043,Designation 75,S00082404,SYN-ORG-SOFT,Other Sponsor,Payment,70,2021-11-27,Soft
SYN-SC-000346011,Designation 1,S00082942,SYN-ORG-SOFT,Other Sponsor,Payment,10,2022-06-11,Soft
SYN-SC-000346703,Designation 14,S00083346,SYN-ORG-SOFT,Other Sponsor,Payment,1570,2022-02-16,Soft
SYN-SC-000346982,Designation 1,S00083567,SYN-ORG-SOFT,Other Sponsor,Payment,8,2021-11-27,Soft
SYN-SC-000347530,Designation 1,S00083875,SYN-ORG-SOFT,Other Sponsor,Payment,250,2022-05-18,Soft
SYN-SC-000347595,Designation 20877,S00083917,SYN-ORG-SOFT,Other Sponsor,Payment,26,2022-03-05,Soft
SYN-SC-000347646,Designation 17500,S00083960,SYN-ORG-SOFT,Other Sponsor,Payment,5,2022-06-17,Soft
SYN-SC-000348542,Designation 1,S00084460,SYN-ORG-SOFT,Other Sponsor,Payment,94,2021-09-11,Soft
SYN-SC-000348646,Designation 1,S00084518,SYN-ORG-SOFT,Other Sponsor,Payment,178,2022-05-03,Soft
SYN-SC-000348671,Designation 1,S00084537,SYN-ORG-SOFT,Other Sponsor,Payment,7,2022-01-02,Soft
SYN-SC-000348824,Designation 7194,S00084621,SYN-ORG-SOFT,Other Sponsor,Payment,14,2021-10-06,Soft
SYN-SC-000348940,Designation 6,S00084695,SYN-ORG-SOFT,Other Sponsor,Payment,1080,2021-07-20,Soft
SYN-SC-000349230,Other,S00084957,SYN-ORG-SOFT,Other Sponsor,Payment,600,2022-01-18,Soft
SYN-SC-000349606,Designation 1,S00085215,SYN-ORG-SOFT,Other Sponsor,Payment,238,2022-03-22,Soft
SYN-SC-000350746,Designation 13844,S00085923,SYN-ORG-SOFT,Other Sponsor,Payment,6,2021-09-10,Soft
SYN-SC-000351101,Designation 31751,S00086173,SYN-ORG-SOFT,Other Sponsor,Payment,500,2022-04-27,Soft
SYN-SC-000351443,Designation 1,S00086442,SYN-ORG-SOFT,Other Sponsor,Payment,5,2022-04-19,Soft
SYN-SC-000351637,Designation 19313,S00086566,SYN-ORG-DAF,DAF Sponsor,Payment,130,2021-12-10,Soft
SYN-SC-000351765,Designation 1,S00086664,SYN-ORG-SOFT,Other Sponsor,Payment,1712,2022-03-27,Soft
SYN-SC-000351817,Designation 1,S00086700,SYN-ORG-SOFT,Other Sponsor,Payment,1880,2022-04-09,Soft
SYN-SC-000352028,Other,S00086856,SYN-ORG-SOFT,Other Sponsor,Payment,178,2021-10-25,Soft
SYN-SC-000352470,Designation 1,S00087149,SYN-ORG-SOFT,Other Sponsor,Payment,1140,2022-06-16,Soft
SYN-SC-000352848,Other,S00087382,SYN-ORG-SOFT,Other Sponsor,Payment,22,2021-11-14,Soft
SYN-SC-000353012,Designation 1614,S00087505,SYN-ORG-DAF,DAF Sponsor,Payment,317,2021-07-01,Soft
SYN-SC-000353345,Designation 3367,S00087802,SYN-ORG-SOFT,Other Sponsor,Payment,6,2021-09-03,Soft
SYN-SC-000353549,Other,S00087983,SYN-ORG-SOFT,Other Sponsor,Payment,14,2021-09-20,Soft
SYN-SC-000354608,Designation 1,S00088664,SYN-ORG-DAF,DAF Sponsor,Payment,600,2022-02-09,Soft
SYN-SC-000354735,Other,S00088724,SYN-ORG-SOFT,Other Sponsor,Payment,134,2022-01-16,Soft
SYN-SC-000354888,Designation 1,S00088787,SYN-ORG-SOFT,Other Sponsor,Payment,528,2022-04-04,Soft
SYN-SC-000356279,Designation 15,S00089691,SYN-ORG-SOFT,Other Sponsor,Payment,528,2021-08-19,Soft
SYN-SC-000356873,Designation 1,S00090067,SYN-ORG-DAF,DAF Sponsor,Payment,250,2022-04-23,Soft
SYN-SC-000357029,Designation 1,S00090220,SYN-ORG-SOFT,Other Sponsor,Payment,5,2021-10-27,Soft
SYN-SC-000357113,Designation 1,S00090294,SYN-ORG-SOFT,Other Sponsor,Payment,98,2022-03-10,Soft
SYN-SC-000357263,Designation 6043,S00090413,SYN-ORG-SOFT,Other Sponsor,Payment,250,2021-08-04,Soft
SYN-SC-000358141,Designation 1,S00091059,SYN-ORG-DAF,DAF Sponsor,Payment,120,2022-01-06,Soft
SYN-SC-000358253,Designation 1,S00091136,SYN-ORG-SOFT,Other Sponsor,Payment,10,2021-08-10,Soft
SYN-SC-000358321,Designation 2,S00091192,SYN-ORG-SOFT,Other Sponsor,Payment,295,2022-05-20,Soft
SYN-SC-000358513,Designation 1,S00091332,SYN-ORG-SOFT,Other Sponsor,Payment,10,2021-10-22,Soft
SYN-SC-000358662,Designation 25404,S00091407,SYN-ORG-SOFT,Other Sponsor,Payment,600,2022-05-02,Soft
SYN-SC-000359115,Designation 4789,S00091761,SYN-ORG-SOFT,Other Sponsor,Payment,540,2022-03-03,Soft
SYN-SC-000359129,Designation 4,S00091781,SYN-ORG-SOFT,Other Sponsor,Payment,1660,2021-09-15,Soft
SYN-SC-000360681,Other,S00092798,SYN-ORG-DAF,DAF Sponsor,Payment,600,2022-04-09,Soft
SYN-SC-000360741,Designation 1,S00092872,SYN-ORG-SOFT,Other Sponsor,Payment,4,2022-02-17,Soft
SYN-SC-000361349,Designation 5293,S00093287,SYN-ORG-SOFT,Other Sponsor,Payment,10,2021-07-23,Soft
SYN-SC-000361630,Designation 8182,S00093502,SYN-ORG-SOFT,Other Sponsor,Payment,5,2022-01-04,Soft
SYN-SC-000361889,Designation 3198,S00093732,SYN-ORG-SOFT,Other Sponsor,Payment,526,2022-02-18,Soft
SYN-SC-000362620,Designation 1,S00094203,SYN-ORG-SOFT,Other Sponsor,Payment,130,2021-09-13,Soft
SYN-SC-000362698,Designation 1,S00094254,SYN-ORG-SOFT,Other Sponsor,Payment,9,2022-06-02,Soft
SYN-SC-000362967,Designation 1,S00094407,SYN-ORG-SOFT,Other Sponsor,Payment,190,2021-10-06,Soft
SYN-SC-000363353,Other,S00094723,SYN-ORG-DAF,DAF Sponsor,Payment,15,2022-05-15,Soft
SYN-SC-000363381,Designation 1,S00094785,SYN-ORG-SOFT,Other Sponsor,Payment,250,2022-03-10,Soft
SYN-SC-000363495,Designation 1,S00094851,SYN-ORG-SOFT,Other Sponsor,Payment,214,2021-11-14,Soft
SYN-SC-000363620,Designation 10,S00094972,SYN-ORG-SOFT,Other Sponsor,Payment,728,2022-05-25,Soft
SYN-SC-000363670,Other,S00095002,SYN-ORG-DAF,DAF Sponsor,Payment,158,2022-01-12,Soft
SYN-SC-000363713,Designation 1,S00095040,SYN-ORG-SOFT,Other Sponsor,Payment,11,2021-10-26,Soft
SYN-SC-000365457,Other,S00096130,SYN-ORG-SOFT,Other Sponsor,Payment,410,2021-10-05,Soft
SYN-SC-000365759,Designation 8,S00096304,SYN-ORG-DAF,DAF Sponsor,Payment,2000,2022-05-06,Soft
SYN-SC-000366158,Designation 1,S00096580,SYN-ORG-SOFT,Other Sponsor,Payment,10,2022-06-25,Soft
SYN-SC-000366352,Designation 2,S00096709,SYN-ORG-SOFT,Other Sponsor,Payment,528,2022-06-11,Soft
SYN-SC-000366454,Designation 22997,S00096791,SYN-ORG-SOFT,Other Sponsor,Payment,224,2021-08-02,Soft
SYN-SC-000366481,Designation 18366,S00096802,SYN-ORG-SOFT,Other Sponsor,Payment,528,2021-10-03,Soft
SYN-SC-000366724,Designation 1,S00096949,SYN-ORG-SOFT,Other Sponsor,Payment,540,2021-07-26,Soft
SYN-SC-000367272,Designation 1,S00097321,SYN-ORG-DAF,DAF Sponsor,Payment,250,2022-03-20,Soft
SYN-SC-000367274,Designation 2961,S00097326,SYN-ORG-SOFT,Other Sponsor,Payment,5,2021-11-17,Soft
SYN-SC-000367332,Designation 40,S00097357,SYN-ORG-SOFT,Other Sponsor,Payment,117,2022-03-29,Soft
SYN-SC-000367437,Designation 1,S00097442,SYN-ORG-SOFT,Other Sponsor,Payment,15,2021-08-11,Soft
SYN-SC-000367481,Designation 1,S00097506,SYN-ORG-SOFT,Other Sponsor,Payment,130,2022-03-21,Soft
SYN-SC-000367641,Designation 1,S00097638,SYN-ORG-SOFT,Other Sponsor,Payment,190,2021-11-03,Soft
SYN-SC-000368469,Designation 1,S00098120,SYN-ORG-SOFT,Other Sponsor,Payment,250,2021-07-11,Soft
SYN-SC-000368619,Designation 1,S00098178,SYN-ORG-DAF,DAF Sponsor,Payment,8,2022-05-01,Soft
SYN-SC-000368681,Designation 1,S00098237,SYN-ORG-SOFT,Other Sponsor,Payment,5,2022-01-24,Soft
SYN-SC-000368921,Designation 31519,S00098485,SYN-ORG-SOFT,Other Sponsor,Payment,206,2022-02-06,Soft
SYN-SC-000369829,Designation 1,S00099068,SYN-ORG-SOFT,Other Sponsor,Payment,43,2021-07-10,Soft
SYN-SC-000369973,Designation 4394,S00099178,SYN-ORG-SOFT,Other Sponsor,Payment,8,2022-01-14,Soft
SYN-SC-000370116,Designation 1,S00099274,SYN-ORG-DAF,DAF Sponsor,Payment,3,2021-07-24,Soft
SYN-SC-000370263,Other,S00099445,SYN-ORG-SOFT,Other Sponsor,Payment,148,2021-12-01,Soft
SYN-SC-000370339,Other,S00099471,SYN-ORG-SOFT,Other Sponsor,Payment,600,2022-04-11,Soft
SYN-SC-000370480,Designation 4882,S00099537,SYN-ORG-SOFT,Other Sponsor,Payment,5,2022-01-31,Soft
SYN-SC-000370497,Designation 1,S00099586,SYN-ORG-SOFT,Other Sponsor,Payment,600,2021-11-03,Soft
SYN-SC-000370637,Designation 29484,S00099654,SYN-ORG-SOFT,Other Sponsor,Payment,19,2021-08-11,Soft
SYN-SC-000370757,Designation 6782,S00099727,SYN-ORG-DAF,DAF Sponsor,Payment,1200,2022-01-10,Soft
SYN-SC-000371189,Designation 1,S00100105,SYN-ORG-SOFT,Other Sponsor,Payment,7,2022-03-13,Soft
SYN-SC-000371245,Designation 16881,S00100145,SYN-ORG-DAF,DAF Sponsor,Payment,5,2022-02-28,Soft
SYN-SC-000371294,Designation 1,S00100181,SYN-ORG-SOFT,Other Sponsor,Payment,20,2021-09-02,Soft
SYN-SC-000371590,Designation 21800,S00100393,SYN-ORG-SOFT,Other Sponsor,Payment,5,2021-09-04,Soft
SYN-SC-000371762,Designation 14518,S00100539,SYN-ORG-SOFT,Other Sponsor,Payment,5,2021-08-01,Soft
SYN-SC-000372330,Designation 26,S00100865,SYN-ORG-SOFT,Other Sponsor,Payment,600,2022-04-08,Soft
SYN-SC-000372369,Designation 1,S00100879,SYN-ORG-DAF,DAF Sponsor,Payment,540,2021-12-01,Soft
SYN-SC-000373216,Designation 23695,S00101451,SYN-ORG-DAF,DAF Sponsor,Payment,190,2021-10-01,Soft
SYN-SC-000373270,Designation 19557,S00101486,SYN-ORG-SOFT,Other Sponsor,Payment,6,2021-11-23,Soft
SYN-SC-000373330,Other,S00101541,SYN-ORG-SOFT,Other Sponsor,Payment,4,2021-09-21,Soft
SYN-SC-000373570,Designation 1,S00101708,SYN-ORG-SOFT,Other Sponsor,Payment,6,2022-03-01,Soft
SYN-SC-000377151,Designation 1738,S00102562,SYN-ORG-SOFT,Other Sponsor,Payment,70,2021-08-13,Soft
SYN-SC-000377917,Other,S00102740,SYN-ORG-SOFT,Other Sponsor,Payment,11,2022-05-09,Soft
SYN-SC-000378461,Designation 1,S00102858,SYN-ORG-SOFT,Other Sponsor,Payment,5,2021-08-29,Soft
SYN-SC-000378548,Designation 8706,S00102882,SYN-ORG-DAF,DAF Sponsor,Payment,250,2022-03-02,Soft
SYN-SC-000378771,Designation 7757,S00102944,SYN-ORG-SOFT,Other Sponsor,Payment,11,2021-11-29,Soft
SYN-SC-000379356,Designation 20487,S00103065,SYN-ORG-SOFT,Other Sponsor,Payment,38,2022-04-23,Soft
SYN-SC-000380175,Designation 6789,S00103218,SYN-ORG-SOFT,Other Sponsor,Payment,5,2022-01-23,Soft
SYN-SC-000380881,Designation 1,S00103390,SYN-ORG-SOFT,Other Sponsor,Payment,120,2022-01-01,Soft
SYN-SC-000381191,Designation 5156,S00103458,SYN-ORG-DAF,DAF Sponsor,Payment,360,2021-12-27,Soft
SYN-SC-000381657,Designation 1,S00103560,SYN-ORG-SOFT,Other Sponsor,Payment,434,2022-02-03,Soft
SYN-SC-000382246,Designation 1,S00103684,SYN-ORG-SOFT,Other Sponsor,Payment,264,2021-10-05,Soft
SYN-SC-000383358,Other,S00103906,SYN-ORG-SOFT,Other Sponsor,Payment,10,2021-07-04,Soft
SYN-SC-000383675,Designation 766,S00103971,SYN-ORG-SOFT,Other Sponsor,Payment,7,2022-03-26,Soft
SYN-SC-000384083,Designation 7122,S00104067,SYN-ORG-DAF,DAF Sponsor,Payment,353,2022-02-05,Soft
SYN-SC-000384340,Designation 1,S00104142,SYN-ORG-SOFT,Other Sponsor,Payment,45,2021-09-09,Soft
SYN-SC-000384437,Other,S00104161,SYN-ORG-DAF,DAF Sponsor,Payment,190,2021-07-22,Soft
SYN-SC-000384669,Designation 223,S00104213,SYN-ORG-DAF,DAF Sponsor,Payment,1140,2022-02-28,Soft
SYN-SC-000385288,Designation 1,S00104353,SYN-ORG-SOFT,Other Sponsor,Payment,10,2021-09-06,Soft
SYN-SC-000386590,Designation 1,S00104606,SYN-ORG-SOFT,Other Sponsor,Payment,250,2021-12-11,Soft
SYN-SC-000386642,Designation 20994,S00104618,SYN-ORG-SOFT,Other Sponsor,Payment,4,2021-11-17,Soft
SYN-SC-000386771,Designation 3570,S00104642,SYN-ORG-SOFT,Other Sponsor,Payment,100,2022-03-01,Soft
SYN-SC-000387016,Designation 1,S00104682,SYN-ORG-SOFT,Other Sponsor,Payment,5,2022-06-02,Soft
SYN-SC-000387413,Designation 1,S00104752,SYN-ORG-SOFT,Other Sponsor,Payment,540,2021-09-16,Soft
SYN-SC-000388008,Designation 1,S00104909,SYN-ORG-SOFT,Other Sponsor,Payment,10,2022-05-23,Soft
SYN-SC-000388548,Designation 1,S00105050,SYN-ORG-SOFT,Other Sponsor,Payment,139,2021-12-27,Soft
SYN-SC-000388715,Designation 58,S00105082,SYN-ORG-SOFT,Other Sponsor,Payment,184,2022-04-19,Soft
SYN-SC-000389245,Designation 1,S00105213,SYN-ORG-SOFT,Other Sponsor,Payment,107,2022-04-04,Soft
SYN-SC-000389349,Designation 19154,S00105236,SYN-ORG-SOFT,Other Sponsor,Payment,5,2022-05-19,Soft
SYN-SC-000389798,Designation 1,S00105321,SYN-ORG-SOFT,Other Sponsor,Payment,216,2021-08-26,Soft
SYN-SC-000390591,Designation 7751,S00105467,SYN-ORG-SOFT,Other Sponsor,Payment,178,2021-08-24,Soft
SYN-SC-000390778,Designation 1,S00105504,SYN-ORG-SOFT,Other Sponsor,Payment,108,2021-12-15,Soft
SYN-SC-000391184,Designation 1,S00105593,SYN-ORG-DAF,DAF Sponsor,Payment,190,2021-08-08,Soft
SYN-SC-000391349,Designation 1,S00105643,SYN-ORG-SOFT,Other Sponsor,Payment,58,2021-10-31,Soft
SYN-SC-000391621,Designation 1,S00105718,SYN-ORG-SOFT,Other Sponsor,Payment,10,2021-09-30,Soft
SYN-SC-000392477,Designation 4777,S00105920,SYN-ORG-SOFT,Other Sponsor,Payment,178,2022-06-04,Soft
SYN-SC-000392649,Designation 4602,S00105953,SYN-ORG-SOFT,Other Sponsor,Payment,3,2021-12-02,Soft
SYN-SC-000392845,Designation 20674,S00105987,SYN-ORG-SOFT,Other Sponsor,Payment,41,2021-12-12,Soft
SYN-SC-000393639,Designation 10211,S00106180,SYN-ORG-DAF,DAF Sponsor,Payment,20,2021-07-11,Soft
SYN-SC-000393960,Designation 28161,S00106263,SYN-ORG-DAF,DAF Sponsor,Payment,250,2022-03-02,Soft
SYN-SC-000393972,Designation 1,S00106264,SYN-ORG-SOFT,Other Sponsor,Payment,5,2022-04-03,Soft
SYN-SC-000394766,Designation 1,S00106432,SYN-ORG-SOFT,Other Sponsor,Payment,56,2021-08-18,Soft
SYN-SC-000395711,Designation 7533,S00106645,SYN-ORG-SOFT,Other Sponsor,Payment,5,2022-04-10,Soft
SYN-SC-000395882,Designation 6150,S00106692,SYN-ORG-SOFT,Other Sponsor,Payment,376,2021-08-22,Soft
SYN-SC-000396470,Designation 6911,S00106815,SYN-ORG-SOFT,Other Sponsor,Payment,32,2021-12-26,Soft
SYN-SC-000396559,Designation 1,S00106842,SYN-ORG-DAF,DAF Sponsor,Payment,250,2022-03-10,Soft
SYN-SC-000396832,Other,S00106900,SYN-ORG-SOFT,Other Sponsor,Payment,150,2022-05-05,Soft
SYN-SC-000397189,Designation 29462,S00106962,SYN-ORG-DAF,DAF Sponsor,Payment,528,2021-08-08,Soft
SYN-SC-000397852,Designation 6345,S00107127,SYN-ORG-SOFT,Other Sponsor,Payment,4,2021-12-15,Soft
SYN-SC-000397902,Designation 25790,S00107135,SYN-ORG-SOFT,Other Sponsor,Payment,8,2022-06-20,Soft
SYN-SC-000398506,Designation 8354,S00107254,SYN-ORG-SOFT,Other Sponsor,Payment,14,2022-01-12,Soft
SYN-SC-000398895,Designation 1,S00107328,SYN-ORG-SOFT,Other Sponsor,Payment,5,2021-10-22,Soft
SYN-SC-000398996,Designation 14963,S00107353,SYN-ORG-SOFT,Other Sponsor,Payment,7,2022-06-12,Soft
SYN-SC-000399833,Designation 10267,S00107555,SYN-ORG-SOFT,Other Sponsor,Payment,10,2022-03-02,Soft
SYN-SC-000399944,Designation 1,S00107585,SYN-ORG-DAF,DAF Sponsor,Payment,10,2022-02-28,Soft
SYN-SC-000400341,Designation 3443,S00107689,SYN-ORG-SOFT,Other Sponsor,Payment,11,2021-07-11,Soft
SYN-SC-000401316,Designation 57,S00107889,SYN-ORG-SOFT,Other Sponsor,Payment,166,2021-12-11,Soft
SYN-SC-000401602,Designation 1,S00107970,SYN-ORG-SOFT,Other Sponsor,Payment,316,2022-01-10,Soft
SYN-SC-000401645,Designation 1,S00107994,SYN-ORG-SOFT,Other Sponsor,Payment,271,2021-08-01,Soft
SYN-SC-000402061,Designation 1,S00108091,SYN-ORG-DAF,DAF Sponsor,Payment,216,2021-08-02,Soft
SYN-SC-000402454,Designation 20131,S00108184,SYN-ORG-SOFT,Other Sponsor,Payment,225,2022-01-07,Soft
SYN-SC-000402660,Designation 10298,S00108219,SYN-ORG-SOFT,Other Sponsor,Payment,10,2021-12-08,Soft
SYN-SC-000403610,Designation 3151,S00108420,SYN-ORG-DAF,DAF Sponsor,Payment,82,2021-12-09,Soft
SYN-SC-000403734,Designation 7697,S00108445,SYN-ORG-SOFT,Other Sponsor,Payment,33,2022-01-05,Soft
SYN-SC-000405759,Designation 1,S00108782,SYN-ORG-SOFT,Other Sponsor,Payment,250,2022-03-01,Soft
SYN-SC-000406229,Designation 1,S00108854,SYN-ORG-SOFT,Other Sponsor,Payment,190,2022-06-22,Soft
SYN-SC-000406892,Other,S00108985,SYN-ORG-SOFT,Other Sponsor,Payment,178,2021-09-06,Soft
SYN-SC-000407357,Designation 822,S00109062,SYN-ORG-SOFT,Other Sponsor,Payment,14,2022-04-13,Soft
SYN-SC-000407849,Designation 1,S00109144,SYN-ORG-SOFT,Other Sponsor,Payment,3,2021-07-11,Soft
SYN-SC-000408060,Designation 1,S00109192,SYN-ORG-DAF,DAF Sponsor,Payment,10,2021-07-18,Soft
SYN-SC-000408287,Other,S00109221,SYN-ORG-SOFT,Other Sponsor,Payment,130,2021-08-07,Soft
SYN-SC-000408754,Designation 29507,S00109298,SYN-ORG-SOFT,Other Sponsor,Payment,106,2021-09-07,Soft
SYN-SC-000410612,Designation 1,S00109610,SYN-ORG-SOFT,Other Sponsor,Payment,87,2022-06-28,Soft
SYN-SC-000410808,Designation 14166,S00109643,SYN-ORG-DAF,DAF Sponsor,Payment,20,2021-08-07,Soft
SYN-SC-000410833,Designation 15604,S00109645,SYN-ORG-SOFT,Other Sponsor,Payment,190,2022-01-11,Soft
SYN-SC-000411014,Designation 1,S00109678,SYN-ORG-SOFT,Other Sponsor,Payment,298,2021-12-27,Soft
SYN-SC-000411336,Designation 27628,S00109736,SYN-ORG-SOFT,Other Sponsor,Payment,130,2021-09-06,Soft
SYN-SC-000411447,Designation 4,S00109757,SYN-ORG-DAF,DAF Sponsor,Payment,250,2021-10-26,Soft
SYN-SC-000412216,Designation 28579,S00109897,SYN-ORG-DAF,DAF Sponsor,Payment,15,2021-10-05,Soft
SYN-SC-000413221,Designation 43,S00110103,SYN-ORG-SOFT,Other Sponsor,Payment,100,2021-10-06,Soft
SYN-SC-000413263,Designation 1,S00110107,SYN-ORG-SOFT,Other Sponsor,Payment,164,2022-04-28,Soft
SYN-SC-000413572,Other,S00110159,SYN-ORG-SOFT,Other Sponsor,Payment,16,2021-09-04,Soft
SYN-SC-000414623,Designation 5177,S00110329,SYN-ORG-SOFT,Other Sponsor,Payment,48,2021-12-02,Soft
SYN-SC-000415017,Other,S00110390,SYN-ORG-SOFT,Other Sponsor,Payment,10,2022-04-20,Soft
SYN-SC-000415342,Designation 20936,S00110445,SYN-ORG-SOFT,Other Sponsor,Payment,190,2021-07-05,Soft
SYN-SC-000415553,Designation 1,S00110477,SYN-ORG-SOFT,Other Sponsor,Payment,5,2021-09-28,Soft
SYN-SC-000415749,Designation 22943,S00110510,SYN-ORG-SOFT,Other Sponsor,Payment,540,2021-12-02,Soft
SYN-SC-000415788,Designation 1,S00110517,SYN-ORG-SOFT,Other Sponsor,Payment,130,2021-08-13,Soft
SYN-SC-000416050,Designation 1,S00110554,SYN-ORG-SOFT,Other Sponsor,Payment,194,2021-08-26,Soft
SYN-SC-000416302,Designation 12647,S00110601,SYN-ORG-SOFT,Other Sponsor,Payment,190,2022-04-04,Soft
SYN-SC-000416548,Designation 19,S00110640,SYN-ORG-SOFT,Other Sponsor,Payment,600,2022-05-18,Soft
SYN-SC-000416664,Other,S00110662,SYN-ORG-SOFT,Other Sponsor,Payment,174,2022-05-25,Soft
SYN-SC-000417150,Designation 7661,S00110742,SYN-ORG-DAF,DAF Sponsor,Payment,190,2022-06-03,Soft
SYN-SC-000417434,Designation 2455,S00110789,SYN-ORG-SOFT,Other Sponsor,Payment,58,2021-07-25,Soft
SYN-SC-000417639,Designation 16928,S00110829,SYN-ORG-SOFT,Other Sponsor,Payment,11,2021-12-21,Soft
SYN-SC-000420258,Designation 9219,S00111259,SYN-ORG-SOFT,Other Sponsor,Payment,224,2022-02-18,Soft
SYN-SC-000420519,Designation 1,S00111302,SYN-ORG-SOFT,Other Sponsor,Payment,5,2021-07-02,Soft
SYN-SC-000420559,Other,S00111311,SYN-ORG-SOFT,Other Sponsor,Payment,16,2021-11-19,Soft
SYN-SC-000420599,Designation 5407,S00111320,SYN-ORG-DAF,DAF Sponsor,Payment,262,2021-12-09,Soft
SYN-SC-000422010,Other,S00111576,SYN-ORG-SOFT,Other Sponsor,Payment,4,2021-09-03,Soft
SYN-SC-000422177,Designation 4946,S00111602,SYN-ORG-SOFT,Other Sponsor,Payment,493,2021-08-02,Soft
SYN-SC-000422704,Designation 2490,S00111702,SYN-ORG-DAF,DAF Sponsor,Payment,5,2021-07-12,Soft
SYN-SC-000423767,Designation 1,S00111904,SYN-ORG-SOFT,Other Sponsor,Payment,4,2022-02-20,Soft
SYN-SC-000423781,Designation 1,S00111906,SYN-ORG-DAF,DAF Sponsor,Payment,5,2022-05-05,Soft
SYN-SC-000424412,Designation 1,S00112012,SYN-ORG-SOFT,Other Sponsor,Payment,130,2021-11-16,Soft
SYN-SC-000424610,Designation 7190,S00112039,SYN-ORG-DAF,DAF Sponsor,Payment,190,2021-07-18,Soft
SYN-SC-000424925,Other,S00112087,SYN-ORG-SOFT,Other Sponsor,Payment,5,2022-01-02,Soft
SYN-SC-000425820,Designation 1,S00112230,SYN-ORG-SOFT,Other Sponsor,Payment,137,2021-11-04,Soft
SYN-SC-000427757,Designation 3666,S00112580,SYN-ORG-SOFT,Other Sponsor,Payment,144,2021-09-24,Soft
SYN-SC-000428050,Designation 118,S00112638,SYN-ORG-DAF,DAF Sponsor,Payment,5,2022-02-04,Soft
SYN-SC-000428935,Designation 21573,S00112786,SYN-ORG-SOFT,Other Sponsor,Payment,600,2021-11-02,Soft
SYN-SC-000428948,Designation 881,S00112789,SYN-ORG-SOFT,Other Sponsor,Payment,10,2022-01-04,Soft
SYN-SC-000429403,Other,S00112866,SYN-ORG-SOFT,Other Sponsor,Payment,5,2022-01-01,Soft
SYN-SC-000429622,Designation 1,S00112901,SYN-ORG-SOFT,Other Sponsor,Payment,5,2021-07-30,Soft
SYN-SC-000429677,Designation 17811,S00112910,SYN-ORG-DAF,DAF Sponsor,Payment,10,2022-01-05,Soft
SYN-SC-000429816,Other,S00112923,SYN-ORG-DAF,DAF Sponsor,Payment,190,2022-05-27,Soft
SYN-SC-000431773,Designation 1,S00113245,SYN-ORG-SOFT,Other Sponsor,Payment,4,2022-06-11,Soft
SYN-SC-000432279,Designation 8111,S00113339,SYN-ORG-SOFT,Other Sponsor,Payment,106,2021-07-20,Soft
SYN-SC-000432678,Designation 1,S00113413,SYN-ORG-DAF,DAF Sponsor,Payment,600,2021-07-01,Soft
SYN-SC-000433011,Designation 23754,S00113474,SYN-ORG-SOFT,Other Sponsor,Payment,4,2022-01-10,Soft
SYN-SC-000434296,Designation 1521,S00113685,SYN-ORG-DAF,DAF Sponsor,Payment,490,2021-12-01,Soft
SYN-SC-000434498,Designation 1,S00113721,SYN-ORG-SOFT,Other Sponsor,Payment,6,2022-01-06,Soft
SYN-SC-000434860,Designation 1,S00113782,SYN-ORG-SOFT,Other Sponsor,Payment,250,2021-10-22,Soft
SYN-SC-000434875,Designation 1,S00113785,SYN-ORG-SOFT,Other Sponsor,Payment,15,2022-03-24,Soft
SYN-SC-000435327,Designation 1,S00113861,SYN-ORG-SOFT,Other Sponsor,Payment,1750,2022-06-15,Soft
SYN-SC-000435445,Designation 23509,S00113886,SYN-ORG-SOFT,Other Sponsor,Payment,7,2022-03-13,Soft
SYN-SC-000435968,Designation 1,S00113986,SYN-ORG-SOFT,Other Sponsor,Payment,250,2022-03-01,Soft
SYN-SC-000437515,Designation 15353,S00114231,SYN-ORG-SOFT,Other Sponsor,Payment,5,2021-09-05,Soft
SYN-SC-000437716,Designation 114,S00114271,SYN-ORG-SOFT,Other Sponsor,Payment,2,2021-11-28,Soft
SYN-SC-000437828,Other,S00114286,SYN-ORG-DAF,DAF Sponsor,Payment,190,2021-09-11,Soft
SYN-SC-000437890,Designation 1,S00114293,SYN-ORG-SOFT,Other Sponsor,Payment,5,2022-02-02,Soft
SYN-SC-000438079,Designation 4628,S00114325,SYN-ORG-SOFT,Other Sponsor,Payment,5,2022-03-01,Soft
SYN-SC-000438173,Designation 1,S00114347,SYN-ORG-SOFT,Other Sponsor,Payment,190,2022-03-11,Soft
SYN-SC-000438398,Designation 20680,S00114390,SYN-ORG-SOFT,Other Sponsor,Payment,8,2021-10-12,Soft
SYN-SC-000439552,Designation 1,S00114583,SYN-ORG-SOFT,Other Sponsor,Payment,421,2021-11-07,Soft
SYN-SC-000439631,Designation 7012,S00114593,SYN-ORG-SOFT,Other Sponsor,Payment,5,2022-02-11,Soft
SYN-SC-000440637,Designation 11763,S00114784,SYN-ORG-SOFT,Other Sponsor,Payment,250,2021-12-05,Soft
SYN-SC-000440896,Designation 1,S00114824,SYN-ORG-SOFT,Other Sponsor,Payment,12,2022-06-01,Soft
SYN-SC-000441409,Designation 3211,S00114901,SYN-ORG-SOFT,Other Sponsor,Payment,176,2021-07-11,Soft
SYN-SC-000441752,Other,S00114961,SYN-ORG-SOFT,Other Sponsor,Payment,489,2022-06-06,Soft
SYN-SC-000441766,Other,S00114966,SYN-ORG-SOFT,Other Sponsor,Payment,250,2021-12-31,Soft
SYN-SC-000441891,Designation 8863,S00114983,SYN-ORG-SOFT,Other Sponsor,Payment,53,2022-03-05,Soft
SYN-SC-000442244,Designation 1,S00115046,SYN-ORG-SOFT,Other Sponsor,Payment,5,2021-09-23,Soft
SYN-SC-000442620,Designation 1,S00115109,SYN-ORG-SOFT,Other Sponsor,Payment,6,2021-10-08,Soft
SYN-SC-000442896,Designation 6067,S00115157,SYN-ORG-SOFT,Other Sponsor,Payment,190,2022-01-09,Soft
SYN-SC-000443392,Designation 34272,S00115242,SYN-ORG-SOFT,Other Sponsor,Payment,10,2021-11-04,Soft
SYN-SC-000443694,Designation 31148,S00115299,SYN-ORG-SOFT,Other Sponsor,Payment,311,2022-05-01,Soft
SYN-SC-000443916,Designation 1,S00115336,SYN-ORG-SOFT,Other Sponsor,Payment,190,2022-06-02,Soft
SYN-SC-000444317,Designation 1,S00115403,SYN-ORG-SOFT,Other Sponsor,Payment,2,2021-10-01,Soft
SYN-SC-000444507,Designation 1,S00115436,SYN-ORG-DAF,DAF Sponsor,Payment,158,2022-05-20,Soft
SYN-SC-000444628,Designation 1,S00115459,SYN-ORG-DAF,DAF Sponsor,Payment,6,2021-11-14,Soft
SYN-SC-000446009,Designation 1,S00115697,SYN-ORG-SOFT,Other Sponsor,Payment,10,2021-11-02,Soft
SYN-SC-000446100,Designation 1,S00115713,SYN-ORG-DAF,DAF Sponsor,Payment,600,2021-10-19,Soft
SYN-SC-000446128,Designation 1,S00115720,SYN-ORG-SOFT,Other Sponsor,Payment,46,2022-02-10,Soft
SYN-SC-000446939,Designation 1,S00115869,SYN-ORG-DAF,DAF Sponsor,Payment,10,2021-08-03,Soft
SYN-SC-000447017,Designation 26310,S00115881,SYN-ORG-DAF,DAF Sponsor,Payment,209,2022-01-08,Soft
SYN-SC-000447018,Designation 1,S00115882,SYN-ORG-SOFT,Other Sponsor,Payment,250,2021-12-08,Soft
SYN-SC-000447044,Designation 723,S00115886,SYN-ORG-SOFT,Other Sponsor,Payment,190,2021-08-02,Soft
SYN-SC-000447205,Designation 1,S00115916,SYN-ORG-DAF,DAF Sponsor,Payment,10,2022-05-16,Soft
SYN-SC-000447490,Designation 21547,S00115959,SYN-ORG-SOFT,Other Sponsor,Payment,475,2021-10-19,Soft
SYN-SC-000448442,Other,S00116111,SYN-ORG-SOFT,Other Sponsor,Payment,268,2021-12-11,Soft
SYN-SC-000448587,Designation 6511,S00116133,SYN-ORG-SOFT,Other Sponsor,Payment,19,2022-03-01,Soft
SYN-SC-000448753,Designation 19105,S00116153,SYN-ORG-SOFT,Other Sponsor,Payment,4,2022-04-26,Soft
SYN-SC-000449020,Designation 1,S00116187,SYN-ORG-SOFT,Other Sponsor,Payment,3,2021-10-10,Soft
SYN-SC-000449114,Designation 2193,S00116200,SYN-ORG-SOFT,Other Sponsor,Payment,229,2021-08-12,Soft
SYN-SC-000449281,Designation 33,S00116218,SYN-ORG-SOFT,Other Sponsor,Payment,504,2021-08-21,Soft
SYN-SC-000449371,Designation 1748,S00116229,SYN-ORG-SOFT,Other Sponsor,Payment,134,2022-06-02,Soft
SYN-SC-000449852,Designation 1,S00116285,SYN-ORG-SOFT,Other Sponsor,Payment,250,2022-05-02,Soft
SYN-SC-000450319,Designation 20925,S00116355,SYN-ORG-DAF,DAF Sponsor,Payment,5,2021-11-27,Soft
SYN-SC-000452348,Designation 1,S00116594,SYN-ORG-SOFT,Other Sponsor,Payment,10,2021-09-30,Soft
SYN-SC-000452713,Designation 1,S00116639,SYN-ORG-DAF,DAF Sponsor,Payment,22,2021-10-28,Soft
SYN-SC-000453136,Designation 9223,S00116693,SYN-ORG-SOFT,Other Sponsor,Payment,4,2022-01-19,Soft
SYN-SC-000454222,Designation 1,S00116831,SYN-ORG-SOFT,Other Sponsor,Payment,200,2022-02-13,Soft
SYN-SC-000454321,Designation 1,S00116840,SYN-ORG-SOFT,Other Sponsor,Payment,10,2022-01-14,Soft
SYN-SC-000454407,Other,S00116848,SYN-ORG-SOFT,Other Sponsor,Payment,5,2022-05-08,Soft
SYN-SC-000454860,Designation 1,S00116905,SYN-ORG-SOFT,Other Sponsor,Payment,600,2022-02-24,Soft
SYN-SC-000454975,Designation 1,S00116915,SYN-ORG-SOFT,Other Sponsor,Payment,25,2022-04-06,Soft
SYN-SC-000455266,Designation 1,S00116952,SYN-ORG-SOFT,Other Sponsor,Payment,6,2022-02-01,Soft
SYN-SC-000455293,Other,S00116955,SYN-ORG-DAF,DAF Sponsor,Payment,384,2022-05-26,Soft
SYN-SC-000455740,Designation 1,S00117006,SYN-ORG-SOFT,Other Sponsor,Payment,130,2022-04-28,Soft
SYN-SC-000456363,Designation 1,S00117090,SYN-ORG-SOFT,Other Sponsor,Payment,4,2021-11-04,Soft
SYN-SC-000457712,Designation 1,S00117272,SYN-ORG-SOFT,Other Sponsor,Payment,600,2021-11-24,Soft
SYN-SC-000458614,Designation 2406,S00117377,SYN-ORG-DAF,DAF Sponsor,Payment,8,2022-05-08,Soft
SYN-SC-000458673,Designation 1,S00117387,SYN-ORG-SOFT,Other Sponsor,Payment,190,2022-02-18,Soft
SYN-SC-000458779,Other,S00117399,SYN-ORG-SOFT,Other Sponsor,Payment,360,2022-03-12,Soft
SYN-SC-000461547,Designation 1,S00117745,SYN-ORG-SOFT,Other Sponsor,Payment,5,2022-01-31,Soft
SYN-SC-000462034,Designation 1,S00117800,SYN-ORG-SOFT,Other Sponsor,Payment,190,2021-11-16,Soft
SYN-SC-000463845,Designation 30332,S00118029,SYN-ORG-SOFT,Other Sponsor,Payment,5,2022-04-09,Soft
SYN-SC-000463897,Designation 25988,S00118036,SYN-ORG-SOFT,Other Sponsor,Payment,298,2021-12-01,Soft
SYN-SC-000464153,Designation 22,S00118069,SYN-ORG-SOFT,Other Sponsor,Payment,1200,2021-12-09,Soft
SYN-SC-000464615,Other,S00118130,SYN-ORG-SOFT,Other Sponsor,Payment,5,2022-04-22,Soft
SYN-SC-000465219,Designation 1,S00118195,SYN-ORG-SOFT,Other Sponsor,Payment,3,2022-03-19,Soft
SYN-SC-000465693,Designation 7714,S00118251,SYN-ORG-SOFT,Other Sponsor,Payment,18,2021-07-11,Soft
SYN-SC-000466017,Designation 21713,S00118290,SYN-ORG-SOFT,Other Sponsor,Payment,121,2021-12-05,Soft
SYN-SC-000466453,Designation 9209,S00118336,SYN-ORG-SOFT,Other Sponsor,Payment,12,2021-09-08,Soft
SYN-SC-000466534,Other,S00118346,SYN-ORG-SOFT,Other Sponsor,Payment,360,2021-08-14,Soft
SYN-SC-000467071,Designation 1,S00118408,SYN-ORG-SOFT,Other Sponsor,Payment,10,2021-11-07,Soft
SYN-SC-000467201,Designation 1,S00118425,SYN-ORG-DAF,DAF Sponsor,Payment,250,2021-11-14,Soft
SYN-SC-000467471,Designation 7314,S00118464,SYN-ORG-SOFT,Other Sponsor,Payment,24,2021-10-08,Soft
SYN-SC-000469242,Designation 30357,S00118669,SYN-ORG-SOFT,Other Sponsor,Payment,5,2022-05-19,Soft
SYN-SC-000469676,Designation 1,S00118725,SYN-ORG-SOFT,Other Sponsor,Payment,206,2021-07-30,Soft
SYN-SC-000469677,Other,S00118726,SYN-ORG-SOFT,Other Sponsor,Payment,250,2022-02-21,Soft
SYN-SC-000469793,Designation 1,S00118744,SYN-ORG-SOFT,Other Sponsor,Payment,456,2022-04-10,Soft
SYN-SC-000469923,Designation 1,S00118760,SYN-ORG-SOFT,Other Sponsor,Payment,6,2021-12-23,Soft
SYN-SC-000470269,Other,S00118803,SYN-ORG-SOFT,Other Sponsor,Payment,550,2021-10-26,Soft
SYN-SC-000472913,Designation 65,S00119113,SYN-ORG-DAF,DAF Sponsor,Payment,58,2021-08-27,Soft
SYN-SC-000473073,Other,S00119133,SYN-ORG-SOFT,Other Sponsor,Payment,600,2021-07-20,Soft
SYN-SC-000473374,Designation 3708,S00119170,SYN-ORG-SOFT,Other Sponsor,Payment,250,2022-01-23,Soft
SYN-SC-000473478,Designation 3230,S00119180,SYN-ORG-SOFT,Other Sponsor,Payment,120,2022-03-01,Soft
SYN-SC-000473682,Designation 4065,S00119210,SYN-ORG-DAF,DAF Sponsor,Payment,5,2022-02-17,Soft
SYN-SC-000474145,Designation 517,S00119266,SYN-ORG-SOFT,Other Sponsor,Payment,130,2021-10-14,Soft
SYN-SC-000474339,Designation 1,S00119297,SYN-ORG-SOFT,Other Sponsor,Payment,12,2021-07-04,Soft
SYN-SC-000474700,Designation 1,S00119339,SYN-ORG-SOFT,Other Sponsor,Payment,1056,2022-05-20,Soft
SYN-SC-000474764,Designation 1,S00119345,SYN-ORG-SOFT,Other Sponsor,Payment,190,2022-04-05,Soft
SYN-SC-000475159,Designation 2983,S00119390,SYN-ORG-SOFT,Other Sponsor,Payment,5,2021-11-01,Soft
SYN-SC-000475214,Designation 5002,S00119398,SYN-ORG-SOFT,Other Sponsor,Payment,130,2021-10-18,Soft
SYN-SC-000475856,Designation 1,S00119475,SYN-ORG-SOFT,Other Sponsor,Payment,10,2021-11-11,Soft
SYN-SC-000477487,Designation 1,S00119674,SYN-ORG-SOFT,Other Sponsor,Payment,3,2022-02-09,Soft
SYN-SC-000479473,Designation 1,S00119927,SYN-ORG-SOFT,Other Sponsor,Payment,12,2022-04-19,Soft
SYN-SC-000480320,Designation 26708,S00120023,SYN-ORG-SOFT,Other Sponsor,Payment,5,2022-03-11,Soft
SYN-SC-000481192,Designation 1,S00120144,SYN-ORG-SOFT,Other Sponsor,Payment,5,2021-09-28,Soft
SYN-SC-000482882,Designation 1,S00120348,SYN-ORG-SOFT,Other Sponsor,Payment,109,2021-09-10,Soft
SYN-SC-000482909,Designation 1,S00120350,SYN-ORG-DAF,DAF Sponsor,Payment,190,2022-02-09,Soft
SYN-SC-000483799,Designation 25300,S00120458,SYN-ORG-SOFT,Other Sponsor,Payment,5,2021-07-27,Soft
SYN-SC-000484052,Designation 1,S00120488,SYN-ORG-SOFT,Other Sponsor,Payment,12,2022-04-06,Soft
SYN-SC-000484217,Designation 8293,S00120509,SYN-ORG-SOFT,Other Sponsor,Payment,190,2021-11-15,Soft
SYN-SC-000484585,Other,S00120556,SYN-ORG-SOFT,Other Sponsor,Payment,5,2022-06-11,Soft
SYN-SC-000486119,Designation 20940,S00120748,SYN-ORG-SOFT,Other Sponsor,Payment,130,2021-08-08,Soft
SYN-SC-000486703,Designation 31767,S00120830,SYN-ORG-SOFT,Other Sponsor,Payment,9,2022-03-11,Soft
SYN-SC-000488070,Designation 18798,S00121000,SYN-ORG-SOFT,Other Sponsor,Payment,5,2021-10-16,Soft
SYN-SC-000488215,Designation 1,S00121017,SYN-ORG-SOFT,Other Sponsor,Payment,40,2021-11-13,Soft
SYN-SC-000489164,Designation 1,S00121146,SYN-ORG-SOFT,Other Sponsor,Payment,250,2022-01-12,Soft
SYN-SC-000489380,Designation 4839,S00121170,SYN-ORG-DAF,DAF Sponsor,Payment,20,2021-11-21,Soft
SYN-SC-000490161,Designation 1,S00121262,SYN-ORG-SOFT,Other Sponsor,Payment,41,2022-06-27,Soft
SYN-SC-000490216,Designation 1,S00121268,SYN-ORG-DAF,DAF Sponsor,Payment,5,2022-04-07,Soft
SYN-SC-000490230,Designation 1,S00121270,SYN-ORG-SOFT,Other Sponsor,Payment,6,2022-05-06,Soft
SYN-SC-000490314,Designation 7751,S00121286,SYN-ORG-SOFT,Other Sponsor,Payment,142,2021-09-06,Soft
SYN-SC-000490849,Designation 2872,S00000016,SYN-ORG-SOFT,Other Sponsor,Payment,11,2022-12-27,Soft
SYN-SC-000490889,Other,S00000033,SYN-ORG-SOFT,Other Sponsor,Payment,417,2023-06-02,Soft
SYN-SC-000490918,Designation 1,S00000058,SYN-ORG-SOFT,Other Sponsor,Payment,5,2023-01-08,Soft
SYN-SC-000490959,Designation 12888,S00000108,SYN-ORG-SOFT,Other Sponsor,Payment,279,2023-03-14,Soft
SYN-SC-000491291,Designation 1,S00000428,SYN-ORG-SOFT,Other Sponsor,Payment,8,2022-07-09,Soft
SYN-SC-000491830,Designation 7,S00000864,SYN-ORG-DAF,DAF Sponsor,Payment,813,2022-07-30,Soft
SYN-SC-000491951,Designation 28,S00000993,SYN-ORG-DAF,DAF Sponsor,Payment,1060,2023-01-15,Soft
SYN-SC-000492054,Designation 1,S00001050,SYN-ORG-SOFT,Other Sponsor,Payment,5,2022-07-24,Soft
SYN-SC-000492092,Designation 18928,S00001102,SYN-ORG-SOFT,Other Sponsor,Payment,250,2023-06-02,Soft
SYN-SC-000492616,Designation 1,S00001555,SYN-ORG-SOFT,Other Sponsor,Payment,2914,2023-02-16,Soft
SYN-SC-000492701,Designation 1,S00001629,SYN-ORG-SOFT,Other Sponsor,Payment,178,2023-04-16,Soft
SYN-SC-000492809,Other,S00001759,SYN-ORG-SOFT,Other Sponsor,Payment,600,2022-12-21,Soft
SYN-SC-000492866,Other,S00001820,SYN-ORG-SOFT,Other Sponsor,Payment,802,2022-07-28,Soft
SYN-SC-000493158,Designation 1,S00002173,SYN-ORG-SOFT,Other Sponsor,Payment,3,2022-08-10,Soft
SYN-SC-000493302,Other,S00002252,SYN-ORG-SOFT,Other Sponsor,Payment,190,2022-10-12,Soft
SYN-SC-000494099,Designation 14737,S00002895,SYN-ORG-SOFT,Other Sponsor,Payment,56,2022-07-15,Soft
SYN-SC-000494339,Designation 7621,S00003052,SYN-ORG-SOFT,Other Sponsor,Payment,202,2022-12-16,Soft
SYN-SC-000494388,Designation 1443,S00003126,SYN-ORG-SOFT,Other Sponsor,Payment,250,2022-10-06,Soft
SYN-SC-000495391,Designation 8868,S00003842,SYN-ORG-SOFT,Other Sponsor,Payment,10,2022-09-19,Soft
SYN-SC-000495468,Designation 12670,S00003880,SYN-ORG-SOFT,Other Sponsor,Payment,492,2022-07-19,Soft
SYN-SC-000495616,Designation 15487,S00004028,SYN-ORG-SOFT,Other Sponsor,Payment,600,2022-11-30,Soft
SYN-SC-000496302,Other,S00004592,SYN-ORG-SOFT,Other Sponsor,Payment,1677,2022-12-19,Soft
SYN-SC-000496438,Other,S00004694,SYN-ORG-SOFT,Other Sponsor,Payment,10,2022-12-21,Soft
SYN-SC-000497456,Designation 1,S00005580,SYN-ORG-SOFT,Other Sponsor,Payment,21,2022-12-01,Soft
SYN-SC-000497510,Designation 30977,S00005611,SYN-ORG-SOFT,Other Sponsor,Payment,94,2023-01-19,Soft
SYN-SC-000497689,Designation 1,S00005773,SYN-ORG-DAF,DAF Sponsor,Payment,600,2023-01-01,Soft
SYN-SC-000497818,Designation 35832,S00005842,SYN-ORG-DAF,DAF Sponsor,Payment,283,2022-07-19,Soft
SYN-SC-000498009,Designation 1,S00006013,SYN-ORG-SOFT,Other Sponsor,Payment,298,2022-07-19,Soft
SYN-SC-000498087,Designation 1,S00006065,SYN-ORG-SOFT,Other Sponsor,Payment,6,2022-12-13,Soft
SYN-SC-000498609,Other,S00006425,SYN-ORG-SOFT,Other Sponsor,Payment,62,2022-08-04,Soft
SYN-SC-000498897,Designation 8584,S00006665,SYN-ORG-DAF,DAF Sponsor,Payment,600,2022-12-07,Soft
SYN-SC-000499102,Designation 8020,S00006838,SYN-ORG-SOFT,Other Sponsor,Payment,6,2023-03-11,Soft
SYN-SC-000499270,Designation 1,S00006944,SYN-ORG-SOFT,Other Sponsor,Payment,140,2023-03-18,Soft
SYN-SC-000499378,Other,S00007040,SYN-ORG-SOFT,Other Sponsor,Payment,4999,2022-10-31,Soft
SYN-SC-000499845,Designation 1,S00007426,SYN-ORG-SOFT,Other Sponsor,Payment,960,2022-11-04,Soft
SYN-SC-000499988,Designation 1,S00007569,SYN-ORG-SOFT,Other Sponsor,Payment,5,2022-10-18,Soft
SYN-SC-000500089,Other,S00007643,SYN-ORG-SOFT,Other Sponsor,Payment,25,2022-10-16,Soft
SYN-SC-000500229,Other,S00007722,SYN-ORG-SOFT,Other Sponsor,Payment,350,2022-09-02,Soft
SYN-SC-000500279,Designation 18450,S00007756,SYN-ORG-SOFT,Other Sponsor,Payment,190,2022-08-01,Soft
SYN-SC-000500439,Designation 15318,S00007870,SYN-ORG-SOFT,Other Sponsor,Payment,10,2023-04-20,Soft
SYN-SC-000500464,Designation 1,S00007879,SYN-ORG-SOFT,Other Sponsor,Payment,1155,2022-10-01,Soft
SYN-SC-000500649,Designation 37,S00008033,SYN-ORG-SOFT,Other Sponsor,Payment,359,2022-11-20,Soft
SYN-SC-000500887,Other,S00008221,SYN-ORG-DAF,DAF Sponsor,Payment,148,2023-02-10,Soft
SYN-SC-000500945,Designation 35468,S00008275,SYN-ORG-SOFT,Other Sponsor,Payment,5,2023-01-01,Soft
SYN-SC-000501223,Designation 65,S00008511,SYN-ORG-SOFT,Other Sponsor,Payment,600,2023-03-08,Soft
SYN-SC-000501363,Other,S00008734,SYN-ORG-SOFT,Other Sponsor,Payment,8911,2023-02-01,Soft
SYN-SC-000501616,Designation 1,S00008962,SYN-ORG-SOFT,Other Sponsor,Payment,130,2023-04-25,Soft
SYN-SC-000501717,Other,S00009042,SYN-ORG-SOFT,Other Sponsor,Payment,2147,2023-03-08,Soft
SYN-SC-000501756,Designation 1,S00009068,SYN-ORG-DAF,DAF Sponsor,Payment,235,2023-05-03,Soft
SYN-SC-000501933,Designation 1,S00009196,SYN-ORG-SOFT,Other Sponsor,Payment,420,2023-05-14,Soft
SYN-SC-000502160,Other,S00009314,SYN-ORG-SOFT,Other Sponsor,Payment,4940,2023-02-28,Soft
SYN-SC-000502324,Designation 1,S00009489,SYN-ORG-DAF,DAF Sponsor,Payment,5,2022-10-15,Soft
SYN-SC-000502412,Designation 1,S00009556,SYN-ORG-SOFT,Other Sponsor,Payment,178,2023-06-11,Soft
SYN-SC-000502592,Designation 6515,S00009730,SYN-ORG-SOFT,Other Sponsor,Payment,32,2022-07-01,Soft
SYN-SC-000503241,Other,S00010303,SYN-ORG-SOFT,Other Sponsor,Payment,13,2022-07-17,Soft
SYN-SC-000503762,Designation 13124,S00010643,SYN-ORG-SOFT,Other Sponsor,Payment,540,2022-11-20,Soft
SYN-SC-000503831,Designation 1,S00010697,SYN-ORG-SOFT,Other Sponsor,Payment,436,2023-03-23,Soft
SYN-SC-000504154,Designation 14835,S00010991,SYN-ORG-SOFT,Other Sponsor,Payment,600,2022-11-12,Soft
SYN-SC-000504698,Other,S00011437,SYN-ORG-SOFT,Other Sponsor,Payment,386,2023-03-08,Soft
SYN-SC-000504928,Designation 1,S00011658,SYN-ORG-SOFT,Other Sponsor,Payment,896,2023-02-19,Soft
SYN-SC-000505175,Designation 78,S00011907,SYN-ORG-SOFT,Other Sponsor,Payment,1200,2022-11-03,Soft
SYN-SC-000505579,Designation 21239,S00012285,SYN-ORG-SOFT,Other Sponsor,Payment,460,2023-04-08,Soft
SYN-SC-000505758,Designation 37,S00012379,SYN-ORG-SOFT,Other Sponsor,Payment,600,2023-04-22,Soft
SYN-SC-000506065,Designation 9,S00012629,SYN-ORG-SOFT,Other Sponsor,Payment,2000,2022-07-03,Soft
SYN-SC-000506203,Designation 1,S00012744,SYN-ORG-SOFT,Other Sponsor,Payment,597,2023-03-27,Soft
SYN-SC-000506257,Designation 51,S00012775,SYN-ORG-DAF,DAF Sponsor,Payment,600,2023-05-30,Soft
SYN-SC-000506404,Designation 4,S00012929,SYN-ORG-SOFT,Other Sponsor,Payment,1084,2022-08-19,Soft
SYN-SC-000506533,Designation 21305,S00013029,SYN-ORG-SOFT,Other Sponsor,Payment,257,2022-09-02,Soft
SYN-SC-000506776,Other,S00013301,SYN-ORG-SOFT,Other Sponsor,Payment,1804,2023-02-11,Soft
SYN-SC-000506816,Designation 7,S00013337,SYN-ORG-SOFT,Other Sponsor,Payment,464,2022-08-28,Soft
SYN-SC-000507006,Designation 1,S00013512,SYN-ORG-SOFT,Other Sponsor,Payment,5,2022-10-01,Soft
SYN-SC-000507118,Designation 7328,S00013620,SYN-ORG-DAF,DAF Sponsor,Payment,6,2022-10-02,Soft
SYN-SC-000507145,Other,S00013646,SYN-ORG-SOFT,Other Sponsor,Payment,242,2023-01-08,Soft
SYN-SC-000507195,Other,S00013679,SYN-ORG-SOFT,Other Sponsor,Payment,2570,2023-02-19,Soft
SYN-SC-000507282,Designation 29,S00013800,SYN-ORG-SOFT,Other Sponsor,Payment,575,2022-12-25,Soft
SYN-SC-000507525,Designation 1,S00013995,SYN-ORG-SOFT,Other Sponsor,Payment,1307,2022-11-01,Soft
SYN-SC-000507553,Other,S00014015,SYN-ORG-SOFT,Other Sponsor,Payment,129,2022-12-09,Soft
SYN-SC-000507962,Designation 13475,S00014279,SYN-ORG-SOFT,Other Sponsor,Payment,10,2022-07-13,Soft
SYN-SC-000507963,Other,S00014280,SYN-ORG-SOFT,Other Sponsor,Payment,1803,2023-03-28,Soft
SYN-SC-000508092,Designation 17,S00014385,SYN-ORG-DAF,DAF Sponsor,Payment,1150,2022-11-21,Soft
SYN-SC-000508146,Designation 1,S00014451,SYN-ORG-SOFT,Other Sponsor,Payment,1200,2023-04-02,Soft
SYN-SC-000508770,Other,S00014924,SYN-ORG-SOFT,Other Sponsor,Payment,190,2023-04-28,Soft
SYN-SC-000509519,Designation 1,S00015612,SYN-ORG-SOFT,Other Sponsor,Payment,20,2022-11-11,Soft
SYN-SC-000509771,Designation 1,S00015859,SYN-ORG-SOFT,Other Sponsor,Payment,110,2022-08-03,Soft
SYN-SC-000510428,Designation 1,S00016382,SYN-ORG-SOFT,Other Sponsor,Payment,178,2023-03-20,Soft
SYN-SC-000510664,Other,S00016629,SYN-ORG-SOFT,Other Sponsor,Payment,130,2022-07-20,Soft
SYN-SC-000510778,Designation 1,S00016721,SYN-ORG-DAF,DAF Sponsor,Payment,130,2022-12-05,Soft
SYN-SC-000511108,Designation 16,S00016904,SYN-ORG-SOFT,Other Sponsor,Payment,464,2022-10-12,Soft
SYN-SC-000511358,Designation 1,S00017166,SYN-ORG-DAF,DAF Sponsor,Payment,1027,2023-06-21,Soft
SYN-SC-000511791,Designation 1,S00017544,SYN-ORG-SOFT,Other Sponsor,Payment,130,2022-09-01,Soft
SYN-SC-000511870,Designation 1,S00017624,SYN-ORG-SOFT,Other Sponsor,Payment,2000,2022-07-18,Soft
SYN-SC-000512196,Designation 223,S00017979,SYN-ORG-DAF,DAF Sponsor,Payment,935,2022-08-13,Soft
SYN-SC-000512542,Designation 26237,S00018237,SYN-ORG-SOFT,Other Sponsor,Payment,10,2023-01-24,Soft
SYN-SC-000512689,Designation 6823,S00018352,SYN-ORG-SOFT,Other Sponsor,Payment,540,2023-03-01,Soft
SYN-SC-000513052,Designation 1,S00018672,SYN-ORG-SOFT,Other Sponsor,Payment,1147,2023-03-01,Soft
SYN-SC-000513187,Other,S00018759,SYN-ORG-SOFT,Other Sponsor,Payment,1010,2023-04-11,Soft
SYN-SC-000513202,Designation 13009,S00018773,SYN-ORG-SOFT,Other Sponsor,Payment,140,2022-10-14,Soft
SYN-SC-000513331,Designation 1,S00018860,SYN-ORG-DAF,DAF Sponsor,Payment,189,2022-12-13,Soft
SYN-SC-000513773,Designation 13109,S00019314,SYN-ORG-SOFT,Other Sponsor,Payment,7,2022-07-29,Soft
SYN-SC-000513814,Other,S00019356,SYN-ORG-SOFT,Other Sponsor,Payment,250,2023-05-10,Soft
SYN-SC-000514106,Designation 1,S00019598,SYN-ORG-SOFT,Other Sponsor,Payment,20,2023-01-02,Soft
SYN-SC-000514436,Designation 2583,S00019854,SYN-ORG-DAF,DAF Sponsor,Payment,13,2023-03-22,Soft
SYN-SC-000514886,Designation 4931,S00020223,SYN-ORG-SOFT,Other Sponsor,Payment,3,2023-05-04,Soft
SYN-SC-000515017,Other,S00020327,SYN-ORG-SOFT,Other Sponsor,Payment,2250,2023-03-27,Soft
SYN-SC-000515413,Designation 4946,S00020757,SYN-ORG-SOFT,Other Sponsor,Payment,309,2022-07-27,Soft
SYN-SC-000515518,Designation 1,S00020861,SYN-ORG-SOFT,Other Sponsor,Payment,293,2022-12-09,Soft
SYN-SC-000515883,Designation 9,S00021137,SYN-ORG-DAF,DAF Sponsor,Payment,2651,2022-12-30,Soft
SYN-SC-000516057,Designation 1,S00021253,SYN-ORG-SOFT,Other Sponsor,Payment,4678,2022-09-25,Soft
SYN-SC-000516138,Designation 1,S00021333,SYN-ORG-SOFT,Other Sponsor,Payment,298,2022-11-26,Soft
SYN-SC-000516147,Designation 6642,S00021335,SYN-ORG-SOFT,Other Sponsor,Payment,25,2022-12-20,Soft
SYN-SC-000516390,Designation 18478,S00021480,SYN-ORG-SOFT,Other Sponsor,Payment,5,2022-08-16,Soft
SYN-SC-000516411,Other,S00021522,SYN-ORG-SOFT,Other Sponsor,Payment,1545,2022-08-01,Soft
SYN-SC-000516579,Designation 5,S00021660,SYN-ORG-DAF,DAF Sponsor,Payment,1200,2023-04-04,Soft
SYN-SC-000516669,Designation 1,S00021721,SYN-ORG-SOFT,Other Sponsor,Payment,5,2023-01-16,Soft
SYN-SC-000516784,Designation 1,S00021886,SYN-ORG-SOFT,Other Sponsor,Payment,480,2022-10-08,Soft
SYN-SC-000517150,Designation 35582,S00022153,SYN-ORG-DAF,DAF Sponsor,Payment,5,2023-01-11,Soft
SYN-SC-000517291,Designation 12498,S00022260,SYN-ORG-DAF,DAF Sponsor,Payment,190,2022-09-02,Soft
SYN-SC-000517309,Designation 1,S00022276,SYN-ORG-SOFT,Other Sponsor,Payment,250,2023-05-03,Soft
SYN-SC-000517375,Other,S00022332,SYN-ORG-SOFT,Other Sponsor,Payment,1702,2022-10-12,Soft
SYN-SC-000517390,Designation 78,S00022357,SYN-ORG-DAF,DAF Sponsor,Payment,950,2023-03-06,Soft
SYN-SC-000518139,Designation 4,S00022879,SYN-ORG-SOFT,Other Sponsor,Payment,1900,2022-08-08,Soft
SYN-SC-000518208,Designation 3280,S00022954,SYN-ORG-DAF,DAF Sponsor,Payment,10,2022-12-20,Soft
SYN-SC-000518455,Designation 1,S00023161,SYN-ORG-SOFT,Other Sponsor,Payment,250,2022-10-02,Soft
SYN-SC-000518682,Designation 1,S00023335,SYN-ORG-SOFT,Other Sponsor,Payment,4,2023-04-13,Soft
SYN-SC-000518776,Other,S00023424,SYN-ORG-SOFT,Other Sponsor,Payment,489,2023-06-02,Soft
SYN-SC-000518994,Designation 1614,S00023638,SYN-ORG-SOFT,Other Sponsor,Payment,600,2023-03-11,Soft
SYN-SC-000519060,Designation 15010,S00023698,SYN-ORG-DAF,DAF Sponsor,Payment,358,2022-11-09,Soft
SYN-SC-000519254,Other,S00023847,SYN-ORG-SOFT,Other Sponsor,Payment,464,2022-09-15,Soft
SYN-SC-000519268,Designation 1,S00023851,SYN-ORG-SOFT,Other Sponsor,Payment,540,2022-12-15,Soft
SYN-SC-000519471,Other,S00024005,SYN-ORG-SOFT,Other Sponsor,Payment,2000,2023-05-30,Soft
SYN-SC-000520166,Designation 19,S00024616,SYN-ORG-SOFT,Other Sponsor,Payment,550,2023-03-27,Soft
SYN-SC-000520277,Designation 1,S00024698,SYN-ORG-SOFT,Other Sponsor,Payment,7,2022-09-06,Soft
SYN-SC-000520315,Designation 1,S00024728,SYN-ORG-SOFT,Other Sponsor,Payment,2000,2023-03-02,Soft
SYN-SC-000520600,Designation 1,S00025053,SYN-ORG-DAF,DAF Sponsor,Payment,250,2022-09-18,Soft
SYN-SC-000521499,Other,S00025769,SYN-ORG-SOFT,Other Sponsor,Payment,3933,2023-04-03,Soft
SYN-SC-000521703,Designation 78,S00025931,SYN-ORG-SOFT,Other Sponsor,Payment,1149,2022-10-02,Soft
SYN-SC-000521706,Designation 1,S00025937,SYN-ORG-SOFT,Other Sponsor,Payment,460,2022-09-05,Soft
SYN-SC-000522029,Designation 12482,S00026150,SYN-ORG-SOFT,Other Sponsor,Payment,1029,2022-08-23,Soft
SYN-SC-000522098,Designation 20,S00026233,SYN-ORG-SOFT,Other Sponsor,Payment,372,2023-06-26,Soft
SYN-SC-000522149,Designation 19405,S00026278,SYN-ORG-SOFT,Other Sponsor,Payment,381,2022-07-17,Soft
SYN-SC-000522342,Designation 31382,S00026377,SYN-ORG-SOFT,Other Sponsor,Payment,119,2022-08-08,Soft
SYN-SC-000522454,Designation 810,S00026473,SYN-ORG-SOFT,Other Sponsor,Payment,29,2023-01-20,Soft
SYN-SC-000523254,Designation 1,S00027054,SYN-ORG-SOFT,Other Sponsor,Payment,5,2022-08-10,Soft
SYN-SC-000523469,Designation 1,S00027236,SYN-ORG-SOFT,Other Sponsor,Payment,10,2023-03-18,Soft
SYN-SC-000523673,Designation 25675,S00027402,SYN-ORG-SOFT,Other Sponsor,Payment,510,2022-10-11,Soft
SYN-SC-000523851,Other,S00027548,SYN-ORG-SOFT,Other Sponsor,Payment,540,2022-11-16,Soft
SYN-SC-000523903,Designation 1,S00027599,SYN-ORG-SOFT,Other Sponsor,Payment,52,2023-01-12,Soft
SYN-SC-000525234,Designation 1,S00028538,SYN-ORG-SOFT,Other Sponsor,Payment,110,2022-11-29,Soft
SYN-SC-000525501,Designation 1,S00028769,SYN-ORG-SOFT,Other Sponsor,Payment,250,2022-09-05,Soft
SYN-SC-000525816,Designation 1,S00029028,SYN-ORG-SOFT,Other Sponsor,Payment,250,2023-02-23,Soft
SYN-SC-000525944,Designation 2830,S00029120,SYN-ORG-SOFT,Other Sponsor,Payment,2,2023-06-25,Soft
SYN-SC-000526052,Other,S00029205,SYN-ORG-SOFT,Other Sponsor,Payment,82,2023-05-14,Soft
SYN-SC-000526472,Designation 1,S00029499,SYN-ORG-SOFT,Other Sponsor,Payment,250,2023-04-16,Soft
SYN-SC-000526485,Other,S00029516,SYN-ORG-SOFT,Other Sponsor,Payment,5000,2023-05-13,Soft
SYN-SC-000526629,Designation 21239,S00029667,SYN-ORG-SOFT,Other Sponsor,Payment,600,2022-11-08,Soft
SYN-SC-000526864,Designation 8,S00029818,SYN-ORG-SOFT,Other Sponsor,Payment,1604,2023-03-30,Soft
SYN-SC-000526918,Designation 1,S00029862,SYN-ORG-SOFT,Other Sponsor,Payment,190,2023-06-26,Soft
SYN-SC-000527527,Designation 14,S00030355,SYN-ORG-SOFT,Other Sponsor,Payment,1590,2023-03-02,Soft
SYN-SC-000527943,Designation 3267,S00030673,SYN-ORG-SOFT,Other Sponsor,Payment,253,2023-05-30,Soft
SYN-SC-000528105,Designation 1,S00030783,SYN-ORG-SOFT,Other Sponsor,Payment,5,2022-10-19,Soft
SYN-SC-000528710,Designation 1,S00031230,SYN-ORG-SOFT,Other Sponsor,Payment,250,2022-12-02,Soft
SYN-SC-000529059,Designation 1,S00031538,SYN-ORG-SOFT,Other Sponsor,Payment,12,2023-06-06,Soft
SYN-SC-000529254,Designation 17032,S00031707,SYN-ORG-SOFT,Other Sponsor,Payment,6,2023-06-19,Soft
SYN-SC-000529256,Designation 6,S00031713,SYN-ORG-SOFT,Other Sponsor,Payment,1200,2023-03-05,Soft
SYN-SC-000529623,Designation 871,S00032132,SYN-ORG-DAF,DAF Sponsor,Payment,111,2023-05-29,Soft
SYN-SC-000529796,Designation 1,S00032281,SYN-ORG-SOFT,Other Sponsor,Payment,190,2022-09-19,Soft
SYN-SC-000529873,Designation 2652,S00032330,SYN-ORG-SOFT,Other Sponsor,Payment,500,2023-06-08,Soft
SYN-SC-000529902,Designation 4099,S00032372,SYN-ORG-SOFT,Other Sponsor,Payment,540,2022-10-12,Soft
SYN-SC-000530071,Designation 1,S00032510,SYN-ORG-SOFT,Other Sponsor,Payment,250,2022-12-14,Soft
SYN-SC-000530273,Designation 1,S00032694,SYN-ORG-SOFT,Other Sponsor,Payment,13,2023-03-20,Soft
SYN-SC-000530418,Designation 1,S00032812,SYN-ORG-SOFT,Other Sponsor,Payment,150,2023-03-28,Soft
SYN-SC-000530494,Other,S00032891,SYN-ORG-DAF,DAF Sponsor,Payment,130,2023-06-03,Soft
SYN-SC-000530608,Designation 1,S00033056,SYN-ORG-SOFT,Other Sponsor,Payment,165,2023-05-01,Soft
SYN-SC-000530828,Designation 25801,S00033237,SYN-ORG-SOFT,Other Sponsor,Payment,3,2023-04-17,Soft
SYN-SC-000530932,Designation 1,S00033330,SYN-ORG-SOFT,Other Sponsor,Payment,8,2023-01-13,Soft
SYN-SC-000531558,Designation 1,S00033888,SYN-ORG-SOFT,Other Sponsor,Payment,600,2023-05-29,Soft
SYN-SC-000531658,Designation 1,S00033931,SYN-ORG-DAF,DAF Sponsor,Payment,109,2022-10-07,Soft
SYN-SC-000531970,Designation 1,S00034153,SYN-ORG-SOFT,Other Sponsor,Payment,250,2022-08-11,Soft
SYN-SC-000532021,Designation 1,S00034183,SYN-ORG-DAF,DAF Sponsor,Payment,130,2022-12-09,Soft
SYN-SC-000532228,Designation 1,S00034373,SYN-ORG-DAF,DAF Sponsor,Payment,9,2023-05-17,Soft
SYN-SC-000532255,Designation 15137,S00034386,SYN-ORG-SOFT,Other Sponsor,Payment,74,2023-04-14,Soft
SYN-SC-000532408,Designation 1,S00034486,SYN-ORG-SOFT,Other Sponsor,Payment,906,2023-04-08,Soft
SYN-SC-000532583,Designation 1,S00034591,SYN-ORG-DAF,DAF Sponsor,Payment,1440,2023-03-28,Soft
SYN-SC-000532753,Designation 28,S00034785,SYN-ORG-SOFT,Other Sponsor,Payment,2000,2023-03-06,Soft
SYN-SC-000532892,Designation 1971,S00034899,SYN-ORG-SOFT,Other Sponsor,Payment,178,2023-02-10,Soft
SYN-SC-000533178,Designation 1,S00035090,SYN-ORG-SOFT,Other Sponsor,Payment,600,2023-03-25,Soft
SYN-SC-000534051,Designation 1,S00035726,SYN-ORG-SOFT,Other Sponsor,Payment,96,2023-04-14,Soft
SYN-SC-000534150,Designation 1,S00035756,SYN-ORG-SOFT,Other Sponsor,Payment,8,2022-11-01,Soft
SYN-SC-000534151,Designation 1,S00035757,SYN-ORG-SOFT,Other Sponsor,Payment,74,2023-05-31,Soft
SYN-SC-000534221,Designation 1,S00035794,SYN-ORG-SOFT,Other Sponsor,Payment,662,2023-01-15,Soft
SYN-SC-000534569,Designation 249,S00036134,SYN-ORG-SOFT,Other Sponsor,Payment,250,2023-06-05,Soft
SYN-SC-000534693,Designation 124,S00036237,SYN-ORG-SOFT,Other Sponsor,Payment,10,2023-06-04,Soft
SYN-SC-000534807,Designation 1,S00036313,SYN-ORG-SOFT,Other Sponsor,Payment,528,2022-11-21,Soft
SYN-SC-000534927,Other,S00036396,SYN-ORG-SOFT,Other Sponsor,Payment,1140,2023-06-04,Soft
SYN-SC-000534964,Designation 45,S00036423,SYN-ORG-SOFT,Other Sponsor,Payment,528,2023-01-14,Soft
SYN-SC-000535333,Designation 1,S00036729,SYN-ORG-SOFT,Other Sponsor,Payment,333,2023-01-22,Soft
SYN-SC-000535451,Designation 999,S00036846,SYN-ORG-SOFT,Other Sponsor,Payment,190,2023-04-16,Soft
SYN-SC-000536741,Designation 1,S00037733,SYN-ORG-SOFT,Other Sponsor,Payment,387,2022-09-19,Soft
SYN-SC-000537051,Other,S00037969,SYN-ORG-DAF,DAF Sponsor,Payment,130,2023-05-11,Soft
SYN-SC-000537523,Other,S00038276,SYN-ORG-DAF,DAF Sponsor,Payment,438,2022-09-12,Soft
SYN-SC-000538904,Designation 1,S00039404,SYN-ORG-DAF,DAF Sponsor,Payment,121,2023-06-05,Soft
SYN-SC-000539252,Designation 9666,S00039641,SYN-ORG-SOFT,Other Sponsor,Payment,30,2022-11-11,Soft
SYN-SC-000539940,Designation 1,S00040182,SYN-ORG-SOFT,Other Sponsor,Payment,50,2022-11-18,Soft
SYN-SC-000539985,Designation 1,S00040203,SYN-ORG-DAF,DAF Sponsor,Payment,1175,2023-03-10,Soft
SYN-SC-000540108,Designation 12,S00040274,SYN-ORG-SOFT,Other Sponsor,Payment,831,2023-02-06,Soft
SYN-SC-000540150,Designation 1,S00040346,SYN-ORG-SOFT,Other Sponsor,Payment,13,2023-06-05,Soft
SYN-SC-000540263,Designation 10,S00040430,SYN-ORG-SOFT,Other Sponsor,Payment,612,2022-11-02,Soft
SYN-SC-000540372,Designation 16156,S00040516,SYN-ORG-DAF,DAF Sponsor,Payment,308,2023-03-22,Soft
SYN-SC-000540376,Designation 21625,S00040517,SYN-ORG-SOFT,Other Sponsor,Payment,999,2023-05-25,Soft
SYN-SC-000540681,Designation 2756,S00040717,SYN-ORG-SOFT,Other Sponsor,Payment,4,2022-11-15,Soft
SYN-SC-000540695,Designation 4946,S00040719,SYN-ORG-SOFT,Other Sponsor,Payment,209,2023-05-15,Soft
SYN-SC-000541180,Designation 19359,S00041118,SYN-ORG-SOFT,Other Sponsor,Payment,140,2023-01-17,Soft
SYN-SC-000541218,Designation 1,S00041144,SYN-ORG-SOFT,Other Sponsor,Payment,1200,2023-02-05,Soft
SYN-SC-000541723,Designation 5,S00041562,SYN-ORG-SOFT,Other Sponsor,Payment,1096,2023-01-01,Soft
SYN-SC-000542159,Designation 8102,S00041867,SYN-ORG-SOFT,Other Sponsor,Payment,36,2023-04-26,Soft
SYN-SC-000542670,Designation 1,S00042318,SYN-ORG-SOFT,Other Sponsor,Payment,3,2022-11-06,Soft
SYN-SC-000542745,Designation 35957,S00042382,SYN-ORG-SOFT,Other Sponsor,Payment,420,2023-03-23,Soft
SYN-SC-000542800,Designation 33950,S00042459,SYN-ORG-SOFT,Other Sponsor,Payment,7,2023-02-11,Soft
SYN-SC-000542922,Designation 18,S00042545,SYN-ORG-DAF,DAF Sponsor,Payment,490,2022-10-29,Soft
SYN-SC-000542983,Designation 19966,S00042571,SYN-ORG-DAF,DAF Sponsor,Payment,5,2022-12-09,Soft
SYN-SC-000543138,Designation 1,S00042745,SYN-ORG-SOFT,Other Sponsor,Payment,8,2022-12-07,Soft
SYN-SC-000543268,Other,S00042837,SYN-ORG-SOFT,Other Sponsor,Payment,4880,2022-08-27,Soft
SYN-SC-000543364,Designation 11,S00042908,SYN-ORG-SOFT,Other Sponsor,Payment,1140,2022-12-07,Soft
SYN-SC-000543659,Designation 1,S00043141,SYN-ORG-DAF,DAF Sponsor,Payment,120,2023-03-15,Soft
SYN-SC-000543941,Other,S00043347,SYN-ORG-SOFT,Other Sponsor,Payment,1389,2022-11-02,Soft
SYN-SC-000544832,Designation 6,S00043895,SYN-ORG-SOFT,Other Sponsor,Payment,563,2022-11-13,Soft
SYN-SC-000545333,Designation 1,S00044369,SYN-ORG-SOFT,Other Sponsor,Payment,5,2022-09-10,Soft
SYN-SC-000545587,Designation 4917,S00044600,SYN-ORG-SOFT,Other Sponsor,Payment,7,2023-03-05,Soft
SYN-SC-000545600,Designation 1,S00044607,SYN-ORG-SOFT,Other Sponsor,Payment,178,2023-05-11,Soft
SYN-SC-000545888,Designation 1,S00044892,SYN-ORG-SOFT,Other Sponsor,Payment,3,2022-10-06,Soft
SYN-SC-000545964,Other,S00044948,SYN-ORG-SOFT,Other Sponsor,Payment,1940,2023-04-23,Soft
SYN-SC-000546343,Designation 7919,S00045321,SYN-ORG-SOFT,Other Sponsor,Payment,825,2022-10-08,Soft
SYN-SC-000546414,Other,S00045370,SYN-ORG-SOFT,Other Sponsor,Payment,540,2022-08-03,Soft
SYN-SC-000546807,Designation 32911,S00045570,SYN-ORG-SOFT,Other Sponsor,Payment,70,2022-10-06,Soft
SYN-SC-000546897,Designation 1,S00045654,SYN-ORG-DAF,DAF Sponsor,Payment,14,2023-03-20,Soft
SYN-SC-000546946,Designation 1,S00045683,SYN-ORG-SOFT,Other Sponsor,Payment,130,2022-09-18,Soft
SYN-SC-000546960,Designation 1,S00045695,SYN-ORG-SOFT,Other Sponsor,Payment,600,2022-08-13,Soft
SYN-SC-000547116,Designation 1,S00045797,SYN-ORG-SOFT,Other Sponsor,Payment,4,2023-05-15,Soft
SYN-SC-000547219,Other,S00045865,SYN-ORG-SOFT,Other Sponsor,Payment,5,2022-10-04,Soft
SYN-SC-000547470,Other,S00046074,SYN-ORG-SOFT,Other Sponsor,Payment,70,2022-08-27,Soft
SYN-SC-000547530,Other,S00046143,SYN-ORG-DAF,DAF Sponsor,Payment,528,2023-02-21,Soft
SYN-SC-000547740,Designation 14,S00046266,SYN-ORG-DAF,DAF Sponsor,Payment,3505,2022-10-20,Soft
SYN-SC-000549118,Designation 16531,S00047173,SYN-ORG-SOFT,Other Sponsor,Payment,15,2022-07-11,Soft
SYN-SC-000549313,Designation 1,S00047316,SYN-ORG-DAF,DAF Sponsor,Payment,988,2022-09-14,Soft
SYN-SC-000549892,Designation 1,S00047791,SYN-ORG-SOFT,Other Sponsor,Payment,250,2023-01-18,Soft
SYN-SC-000550244,Designation 1,S00048132,SYN-ORG-SOFT,Other Sponsor,Payment,70,2022-10-12,Soft
SYN-SC-000550285,Other,S00048154,SYN-ORG-SOFT,Other Sponsor,Payment,7,2023-03-22,Soft
SYN-SC-000550331,Designation 1,S00048182,SYN-ORG-SOFT,Other Sponsor,Payment,13,2023-02-09,Soft
SYN-SC-000550366,Designation 10181,S00048213,SYN-ORG-SOFT,Other Sponsor,Payment,66,2022-10-03,Soft
SYN-SC-000550877,Designation 2,S00048571,SYN-ORG-SOFT,Other Sponsor,Payment,368,2023-02-02,Soft
SYN-SC-000550962,Designation 944,S00048675,SYN-ORG-SOFT,Other Sponsor,Payment,129,2023-06-08,Soft
SYN-SC-000551006,Other,S00048707,SYN-ORG-SOFT,Other Sponsor,Payment,190,2023-06-19,Soft
SYN-SC-000551818,Designation 1,S00049304,SYN-ORG-DAF,DAF Sponsor,Payment,16,2023-04-11,Soft
SYN-SC-000551832,Designation 10904,S00049314,SYN-ORG-SOFT,Other Sponsor,Payment,166,2023-05-08,Soft
SYN-SC-000552003,Designation 5470,S00049466,SYN-ORG-SOFT,Other Sponsor,Payment,95,2022-10-02,Soft
SYN-SC-000552069,Designation 1,S00049509,SYN-ORG-SOFT,Other Sponsor,Payment,1880,2023-02-10,Soft
SYN-SC-000552579,Other,S00049945,SYN-ORG-SOFT,Other Sponsor,Payment,144,2023-05-01,Soft
SYN-SC-000552744,Designation 1,S00050084,SYN-ORG-SOFT,Other Sponsor,Payment,10,2022-10-14,Soft
SYN-SC-000552908,Designation 12376,S00050166,SYN-ORG-SOFT,Other Sponsor,Payment,1116,2023-01-22,Soft
SYN-SC-000552921,Other,S00050170,SYN-ORG-SOFT,Other Sponsor,Payment,5,2022-10-09,Soft
SYN-SC-000553614,Designation 1,S00050826,SYN-ORG-DAF,DAF Sponsor,Payment,600,2022-10-01,Soft
SYN-SC-000553634,Other,S00050860,SYN-ORG-SOFT,Other Sponsor,Payment,540,2023-05-20,Soft
SYN-SC-000554339,Designation 1,S00051452,SYN-ORG-SOFT,Other Sponsor,Payment,3468,2022-07-17,Soft
SYN-SC-000555213,Designation 1,S00052138,SYN-ORG-DAF,DAF Sponsor,Payment,600,2023-02-04,Soft
SYN-SC-000555458,Designation 1,S00052300,SYN-ORG-SOFT,Other Sponsor,Payment,190,2023-04-03,Soft
SYN-SC-000555535,Designation 144,S00052350,SYN-ORG-DAF,DAF Sponsor,Payment,365,2023-02-17,Soft
SYN-SC-000555735,Designation 1,S00052516,SYN-ORG-SOFT,Other Sponsor,Payment,1200,2022-10-24,Soft
SYN-SC-000555938,Designation 6960,S00052682,SYN-ORG-SOFT,Other Sponsor,Payment,8,2023-02-09,Soft
SYN-SC-000556432,Designation 1,S00053137,SYN-ORG-SOFT,Other Sponsor,Payment,4,2023-01-05,Soft
SYN-SC-000556689,Designation 2466,S00053336,SYN-ORG-SOFT,Other Sponsor,Payment,250,2023-04-08,Soft
SYN-SC-000556904,Designation 1,S00053477,SYN-ORG-SOFT,Other Sponsor,Payment,88,2023-02-28,Soft
SYN-SC-000557064,Designation 5409,S00053598,SYN-ORG-SOFT,Other Sponsor,Payment,5134,2023-03-01,Soft
SYN-SC-000557238,Designation 2563,S00053776,SYN-ORG-DAF,DAF Sponsor,Payment,120,2023-04-11,Soft
SYN-SC-000558685,Designation 1,S00054838,SYN-ORG-DAF,DAF Sponsor,Payment,480,2022-07-04,Soft
SYN-SC-000559349,Other,S00055364,SYN-ORG-SOFT,Other Sponsor,Payment,3,2022-12-03,Soft
SYN-SC-000559424,Designation 25087,S00055431,SYN-ORG-SOFT,Other Sponsor,Payment,5,2022-10-15,Soft
SYN-SC-000559617,Designation 30398,S00055590,SYN-ORG-DAF,DAF Sponsor,Payment,6,2022-10-10,Soft
SYN-SC-000559991,Designation 1,S00055890,SYN-ORG-DAF,DAF Sponsor,Payment,5,2022-09-09,Soft
SYN-SC-000560093,Designation 1,S00055966,SYN-ORG-SOFT,Other Sponsor,Payment,5,2023-05-18,Soft
SYN-SC-000560175,Designation 1,S00056057,SYN-ORG-DAF,DAF Sponsor,Payment,1200,2023-02-14,Soft
SYN-SC-000560200,Designation 1,S00056063,SYN-ORG-SOFT,Other Sponsor,Payment,516,2022-07-15,Soft
SYN-SC-000561499,Designation 1,S00056979,SYN-ORG-SOFT,Other Sponsor,Payment,286,2022-11-23,Soft
SYN-SC-000561594,Designation 1,S00057089,SYN-ORG-SOFT,Other Sponsor,Payment,46,2023-04-22,Soft
SYN-SC-000562067,Designation 1,S00057404,SYN-ORG-SOFT,Other Sponsor,Payment,178,2022-12-27,Soft
SYN-SC-000562191,Designation 616,S00057466,SYN-ORG-SOFT,Other Sponsor,Payment,6,2023-06-29,Soft
SYN-SC-000562519,Designation 1,S00057760,SYN-ORG-SOFT,Other Sponsor,Payment,91,2023-04-30,Soft
SYN-SC-000562649,Designation 1,S00057857,SYN-ORG-SOFT,Other Sponsor,Payment,190,2022-09-05,Soft
SYN-SC-000563324,Designation 1,S00058350,SYN-ORG-SOFT,Other Sponsor,Payment,378,2023-03-21,Soft
SYN-SC-000563337,Designation 1,S00058367,SYN-ORG-SOFT,Other Sponsor,Payment,10,2022-07-11,Soft
SYN-SC-000563567,Designation 1,S00058541,SYN-ORG-SOFT,Other Sponsor,Payment,174,2023-01-22,Soft
SYN-SC-000563658,Designation 3029,S00058572,SYN-ORG-SOFT,Other Sponsor,Payment,190,2022-08-21,Soft
SYN-SC-000564009,Other,S00058784,SYN-ORG-SOFT,Other Sponsor,Payment,234,2022-08-05,Soft
SYN-SC-000564628,Other,S00059207,SYN-ORG-SOFT,Other Sponsor,Payment,672,2022-11-04,Soft
SYN-SC-000564807,Designation 1617,S00059334,SYN-ORG-SOFT,Other Sponsor,Payment,15,2023-01-01,Soft
SYN-SC-000565210,Designation 1,S00059602,SYN-ORG-DAF,DAF Sponsor,Payment,1140,2023-01-29,Soft
SYN-SC-000565378,Other,S00059725,SYN-ORG-SOFT,Other Sponsor,Payment,1620,2022-08-20,Soft
SYN-SC-000566210,Designation 1,S00060368,SYN-ORG-SOFT,Other Sponsor,Payment,250,2022-07-15,Soft
SYN-SC-000566382,Designation 1,S00060514,SYN-ORG-SOFT,Other Sponsor,Payment,10,2023-02-22,Soft
SYN-SC-000566550,Designation 11890,S00060630,SYN-ORG-SOFT,Other Sponsor,Payment,3,2023-01-26,Soft
SYN-SC-000567569,Designation 23988,S00061427,SYN-ORG-SOFT,Other Sponsor,Payment,540,2022-08-02,Soft
SYN-SC-000567624,Designation 5,S00061457,SYN-ORG-SOFT,Other Sponsor,Payment,984,2022-08-12,Soft
SYN-SC-000567699,Designation 1,S00061517,SYN-ORG-SOFT,Other Sponsor,Payment,190,2022-11-17,Soft
SYN-SC-000567934,Designation 1,S00061689,SYN-ORG-SOFT,Other Sponsor,Payment,190,2022-09-07,Soft
SYN-SC-000569578,Designation 35625,S00062819,SYN-ORG-SOFT,Other Sponsor,Payment,6,2023-04-24,Soft
SYN-SC-000570038,Designation 1,S00063160,SYN-ORG-DAF,DAF Sponsor,Payment,1728,2022-10-19,Soft
SYN-SC-000570092,Other,S00063211,SYN-ORG-SOFT,Other Sponsor,Payment,56,2022-12-03,Soft
SYN-SC-000570155,Designation 58,S00063254,SYN-ORG-SOFT,Other Sponsor,Payment,331,2023-06-30,Soft
SYN-SC-000570602,Other,S00063667,SYN-ORG-SOFT,Other Sponsor,Payment,1004,2023-06-24,Soft
SYN-SC-000571166,Designation 1,S00064120,SYN-ORG-SOFT,Other Sponsor,Payment,600,2022-09-19,Soft
SYN-SC-000571232,Designation 1,S00064182,SYN-ORG-SOFT,Other Sponsor,Payment,2000,2023-03-11,Soft
SYN-SC-000572460,Designation 6217,S00065015,SYN-ORG-SOFT,Other Sponsor,Payment,10,2022-08-19,Soft
SYN-SC-000572659,Designation 4368,S00065197,SYN-ORG-SOFT,Other Sponsor,Payment,46,2023-05-11,Soft
SYN-SC-000572725,Designation 1,S00065213,SYN-ORG-SOFT,Other Sponsor,Payment,70,2022-12-02,Soft
SYN-SC-000573676,Other,S00065893,SYN-ORG-SOFT,Other Sponsor,Payment,1517,2023-06-23,Soft
SYN-SC-000573726,Other,S00065915,SYN-ORG-DAF,DAF Sponsor,Payment,10,2023-02-18,Soft
SYN-SC-000574079,Designation 14,S00066129,SYN-ORG-SOFT,Other Sponsor,Payment,1642,2023-01-07,Soft
SYN-SC-000574247,Designation 1,S00066262,SYN-ORG-SOFT,Other Sponsor,Payment,5,2023-02-20,Soft
SYN-SC-000574611,Designation 1,S00066641,SYN-ORG-SOFT,Other Sponsor,Payment,480,2023-04-04,Soft
SYN-SC-000574691,Designation 1,S00066710,SYN-ORG-SOFT,Other Sponsor,Payment,487,2023-05-25,Soft
SYN-SC-000574716,Designation 32177,S00066719,SYN-ORG-SOFT,Other Sponsor,Payment,600,2023-03-11,Soft
SYN-SC-000574730,Designation 27710,S00066729,SYN-ORG-DAF,DAF Sponsor,Payment,250,2023-05-10,Soft
SYN-SC-000574907,Designation 1,S00066874,SYN-ORG-SOFT,Other Sponsor,Payment,250,2023-04-12,Soft
SYN-SC-000575056,Designation 1,S00066943,SYN-ORG-SOFT,Other Sponsor,Payment,540,2023-02-14,Soft
SYN-SC-000575188,Designation 1,S00067013,SYN-ORG-DAF,DAF Sponsor,Payment,5,2022-11-15,Soft
SYN-SC-000575378,Designation 1,S00067162,SYN-ORG-DAF,DAF Sponsor,Payment,600,2023-06-24,Soft
SYN-SC-000576133,Designation 1,S00067614,SYN-ORG-SOFT,Other Sponsor,Payment,5,2022-11-07,Soft
SYN-SC-000576240,Designation 27,S00067690,SYN-ORG-SOFT,Other Sponsor,Payment,266,2022-07-19,Soft
SYN-SC-000576357,Designation 6819,S00067764,SYN-ORG-SOFT,Other Sponsor,Payment,15,2022-09-05,Soft
SYN-SC-000576516,Designation 1,S00067925,SYN-ORG-DAF,DAF Sponsor,Payment,600,2022-10-05,Soft
SYN-SC-000576558,Other,S00067972,SYN-ORG-SOFT,Other Sponsor,Payment,50,2023-05-05,Soft
SYN-SC-000576598,Other,S00067997,SYN-ORG-SOFT,Other Sponsor,Payment,5,2022-10-04,Soft
SYN-SC-000576612,Other,S00068007,SYN-ORG-SOFT,Other Sponsor,Payment,1975,2022-10-15,Soft
SYN-SC-000577488,Designation 6257,S00068622,SYN-ORG-SOFT,Other Sponsor,Payment,5,2022-12-31,Soft
SYN-SC-000578033,Designation 862,S00069035,SYN-ORG-DAF,DAF Sponsor,Payment,12,2023-01-07,Soft
SYN-SC-000578058,Designation 1,S00069045,SYN-ORG-SOFT,Other Sponsor,Payment,9,2023-04-05,Soft
SYN-SC-000578202,Designation 7752,S00069119,SYN-ORG-SOFT,Other Sponsor,Payment,10,2023-03-17,Soft
SYN-SC-000578220,Designation 26692,S00069153,SYN-ORG-SOFT,Other Sponsor,Payment,250,2023-01-29,Soft
SYN-SC-000578235,Other,S00069166,SYN-ORG-SOFT,Other Sponsor,Payment,540,2023-05-05,Soft
SYN-SC-000578411,Designation 1,S00069306,SYN-ORG-DAF,DAF Sponsor,Payment,437,2022-10-11,Soft
SYN-SC-000578943,Other,S00069572,SYN-ORG-SOFT,Other Sponsor,Payment,600,2022-08-29,Soft
SYN-SC-000579164,Designation 9,S00069815,SYN-ORG-SOFT,Other Sponsor,Payment,1750,2022-12-19,Soft
SYN-SC-000579424,Designation 1,S00070060,SYN-ORG-SOFT,Other Sponsor,Payment,20,2023-04-20,Soft
SYN-SC-000580403,Designation 7,S00070644,SYN-ORG-SOFT,Other Sponsor,Payment,1009,2023-02-12,Soft
SYN-SC-000580583,Designation 25553,S00070733,SYN-ORG-DAF,DAF Sponsor,Payment,336,2022-11-01,Soft
SYN-SC-000580647,Designation 1,S00070762,SYN-ORG-SOFT,Other Sponsor,Payment,5,2023-06-24,Soft
SYN-SC-000580979,Other,S00070980,SYN-ORG-SOFT,Other Sponsor,Payment,550,2023-06-04,Soft
SYN-SC-000581434,Other,S00071234,SYN-ORG-DAF,DAF Sponsor,Payment,2791,2022-08-16,Soft
SYN-SC-000581525,Designation 5,S00071330,SYN-ORG-SOFT,Other Sponsor,Payment,1200,2023-06-05,Soft
SYN-SC-000581582,Designation 1,S00071372,SYN-ORG-SOFT,Other Sponsor,Payment,298,2022-12-10,Soft
SYN-SC-000581713,Designation 13,S00071532,SYN-ORG-SOFT,Other Sponsor,Payment,76,2023-03-20,Soft
SYN-SC-000581754,Designation 38,S00071545,SYN-ORG-SOFT,Other Sponsor,Payment,501,2022-10-15,Soft
SYN-SC-000581997,Designation 7,S00071659,SYN-ORG-DAF,DAF Sponsor,Payment,1080,2022-12-10,Soft
SYN-SC-000582608,Designation 3242,S00072152,SYN-ORG-SOFT,Other Sponsor,Payment,250,2022-12-04,Soft
SYN-SC-000583119,Designation 1,S00072662,SYN-ORG-SOFT,Other Sponsor,Payment,190,2023-03-15,Soft
SYN-SC-000583493,Designation 5002,S00072873,SYN-ORG-SOFT,Other Sponsor,Payment,250,2022-12-20,Soft
SYN-SC-000583556,Designation 4783,S00072940,SYN-ORG-SOFT,Other Sponsor,Payment,17,2023-01-09,Soft
SYN-SC-000583828,Designation 8822,S00073117,SYN-ORG-SOFT,Other Sponsor,Payment,1200,2022-12-01,Soft
SYN-SC-000584793,Designation 2589,S00073861,SYN-ORG-SOFT,Other Sponsor,Payment,6,2023-03-24,Soft
SYN-SC-000584902,Designation 1,S00073911,SYN-ORG-DAF,DAF Sponsor,Payment,135,2023-03-12,Soft
SYN-SC-000585545,Designation 1,S00074347,SYN-ORG-SOFT,Other Sponsor,Payment,250,2022-11-05,Soft
SYN-SC-000585825,Other,S00074651,SYN-ORG-SOFT,Other Sponsor,Payment,528,2023-02-22,Soft
SYN-SC-000585993,Designation 4,S00074778,SYN-ORG-SOFT,Other Sponsor,Payment,4009,2023-06-18,Soft
SYN-SC-000585997,Designation 1,S00074779,SYN-ORG-SOFT,Other Sponsor,Payment,1222,2023-04-05,Soft
SYN-SC-000586012,Designation 8194,S00074781,SYN-ORG-SOFT,Other Sponsor,Payment,178,2023-06-11,Soft
SYN-SC-000586050,Designation 3379,S00074796,SYN-ORG-SOFT,Other Sponsor,Payment,178,2023-05-24,Soft
SYN-SC-000586269,Designation 1,S00074968,SYN-ORG-DAF,DAF Sponsor,Payment,5,2022-12-29,Soft
SYN-SC-000586652,Other,S00075254,SYN-ORG-SOFT,Other Sponsor,Payment,1173,2022-12-26,Soft
SYN-SC-000587104,Other,S00075604,SYN-ORG-SOFT,Other Sponsor,Payment,125,2023-06-27,Soft
SYN-SC-000587119,Designation 1,S00075612,SYN-ORG-SOFT,Other Sponsor,Payment,250,2022-07-09,Soft
SYN-SC-000587341,Designation 26805,S00075738,SYN-ORG-DAF,DAF Sponsor,Payment,293,2023-01-06,Soft
SYN-SC-000587431,Designation 23,S00075816,SYN-ORG-SOFT,Other Sponsor,Payment,708,2022-12-19,Soft
SYN-SC-000587432,Designation 1,S00075827,SYN-ORG-SOFT,Other Sponsor,Payment,250,2022-09-06,Soft
SYN-SC-000587525,Designation 1,S00075901,SYN-ORG-SOFT,Other Sponsor,Payment,5,2023-03-11,Soft
SYN-SC-000587936,Designation 1,S00076189,SYN-ORG-SOFT,Other Sponsor,Payment,250,2023-02-28,Soft
SYN-SC-000588235,Designation 1,S00076384,SYN-ORG-SOFT,Other Sponsor,Payment,178,2023-03-06,Soft
SYN-SC-000588432,Designation 26648,S00076493,SYN-ORG-SOFT,Other Sponsor,Payment,3,2023-06-06,Soft
SYN-SC-000588616,Designation 35465,S00076641,SYN-ORG-SOFT,Other Sponsor,Payment,1200,2022-11-12,Soft
SYN-SC-000588707,Designation 1,S00076756,SYN-ORG-SOFT,Other Sponsor,Payment,600,2022-11-09,Soft
SYN-SC-000589165,Designation 3463,S00077062,SYN-ORG-SOFT,Other Sponsor,Payment,20,2022-07-15,Soft
SYN-SC-000589215,Designation 12298,S00077108,SYN-ORG-SOFT,Other Sponsor,Payment,5,2023-01-15,Soft
SYN-SC-000589404,Designation 9214,S00077287,SYN-ORG-SOFT,Other Sponsor,Payment,8,2023-02-28,Soft
SYN-SC-000589644,Designation 1,S00077442,SYN-ORG-SOFT,Other Sponsor,Payment,70,2023-01-02,Soft
SYN-SC-000589696,Other,S00077478,SYN-ORG-DAF,DAF Sponsor,Payment,190,2022-08-01,Soft
SYN-SC-000590004,Designation 1,S00077646,SYN-ORG-SOFT,Other Sponsor,Payment,3,2023-04-02,Soft
SYN-SC-000590116,Designation 1,S00077758,SYN-ORG-SOFT,Other Sponsor,Payment,6,2023-01-04,Soft
SYN-SC-000590309,Designation 3797,S00077872,SYN-ORG-DAF,DAF Sponsor,Payment,5,2023-06-11,Soft
SYN-SC-000590311,Designation 1,S00077884,SYN-ORG-DAF,DAF Sponsor,Payment,150,2022-10-16,Soft
SYN-SC-000590494,Designation 1,S00078010,SYN-ORG-DAF,DAF Sponsor,Payment,5,2023-05-04,Soft
SYN-SC-000590690,Other,S00078116,SYN-ORG-DAF,DAF Sponsor,Payment,600,2022-12-02,Soft
SYN-SC-000590703,Designation 1,S00078117,SYN-ORG-DAF,DAF Sponsor,Payment,300,2022-11-27,Soft
SYN-SC-000590792,Designation 3,S00078177,SYN-ORG-SOFT,Other Sponsor,Payment,540,2023-04-15,Soft
SYN-SC-000591515,Designation 1,S00078709,SYN-ORG-SOFT,Other Sponsor,Payment,190,2022-09-13,Soft
SYN-SC-000591587,Other,S00078753,SYN-ORG-SOFT,Other Sponsor,Payment,285,2023-01-06,Soft
SYN-SC-000591773,Designation 5509,S00078915,SYN-ORG-SOFT,Other Sponsor,Payment,322,2023-06-25,Soft
SYN-SC-000592020,Designation 1,S00079084,SYN-ORG-SOFT,Other Sponsor,Payment,13,2022-10-09,Soft
SYN-SC-000592205,Designation 47,S00079177,SYN-ORG-DAF,DAF Sponsor,Payment,600,2023-06-02,Soft
SYN-SC-000592893,Designation 1,S00079680,SYN-ORG-SOFT,Other Sponsor,Payment,10,2023-06-11,Soft
SYN-SC-000592985,Designation 27458,S00079743,SYN-ORG-SOFT,Other Sponsor,Payment,140,2022-08-04,Soft
SYN-SC-000593143,Designation 1,S00079867,SYN-ORG-DAF,DAF Sponsor,Payment,788,2022-12-08,Soft
SYN-SC-000593231,Designation 1,S00079936,SYN-ORG-SOFT,Other Sponsor,Payment,5,2022-07-27,Soft
SYN-SC-000593417,Other,S00079998,SYN-ORG-DAF,DAF Sponsor,Payment,1524,2022-10-28,Soft
SYN-SC-000594516,Designation 17808,S00080676,SYN-ORG-SOFT,Other Sponsor,Payment,178,2023-03-18,Soft
SYN-SC-000594706,Designation 1,S00080840,SYN-ORG-SOFT,Other Sponsor,Payment,832,2023-05-03,Soft
SYN-SC-000594961,Designation 1,S00081078,SYN-ORG-SOFT,Other Sponsor,Payment,250,2023-04-16,Soft
SYN-SC-000595024,Designation 1,S00081116,SYN-ORG-SOFT,Other Sponsor,Payment,500,2023-02-12,Soft
SYN-SC-000595398,Designation 1,S00081329,SYN-ORG-SOFT,Other Sponsor,Payment,190,2023-04-04,Soft
SYN-SC-000595550,Designation 14203,S00081472,SYN-ORG-SOFT,Other Sponsor,Payment,3623,2023-06-19,Soft
SYN-SC-000596050,Designation 12308,S00081749,SYN-ORG-SOFT,Other Sponsor,Payment,5,2023-02-15,Soft
SYN-SC-000596289,Designation 19455,S00081955,SYN-ORG-SOFT,Other Sponsor,Payment,154,2022-11-23,Soft
SYN-SC-000596971,Other,S00082383,SYN-ORG-SOFT,Other Sponsor,Payment,7,2022-09-27,Soft
SYN-SC-000598061,Designation 21293,S00083056,SYN-ORG-SOFT,Other Sponsor,Payment,5,2022-09-04,Soft
SYN-SC-000598210,Designation 7212,S00083168,SYN-ORG-SOFT,Other Sponsor,Payment,5,2022-07-27,Soft
SYN-SC-000598677,Designation 7,S00083447,SYN-ORG-SOFT,Other Sponsor,Payment,1200,2022-08-06,Soft
SYN-SC-000598828,Designation 5617,S00083581,SYN-ORG-SOFT,Other Sponsor,Payment,600,2023-06-07,Soft
SYN-SC-000598894,Designation 1,S00083646,SYN-ORG-DAF,DAF Sponsor,Payment,7,2022-11-29,Soft
SYN-SC-000598906,Designation 15154,S00083648,SYN-ORG-SOFT,Other Sponsor,Payment,5,2023-03-19,Soft
SYN-SC-000598971,Designation 13639,S00083698,SYN-ORG-SOFT,Other Sponsor,Payment,35,2022-11-19,Soft
SYN-SC-000599343,Designation 1889,S00083875,SYN-ORG-SOFT,Other Sponsor,Payment,255,2022-08-01,Soft
SYN-SC-000599357,Designation 1,S00083881,SYN-ORG-SOFT,Other Sponsor,Payment,31,2022-10-02,Soft
SYN-SC-000599683,Other,S00084104,SYN-ORG-SOFT,Other Sponsor,Payment,286,2022-12-20,Soft
SYN-SC-000600128,Designation 3193,S00084410,SYN-ORG-SOFT,Other Sponsor,Payment,5,2023-06-01,Soft
SYN-SC-000600310,Designation 566,S00084544,SYN-ORG-SOFT,Other Sponsor,Payment,74,2022-10-11,Soft
SYN-SC-000600779,Designation 18,S00084952,SYN-ORG-DAF,DAF Sponsor,Payment,414,2023-05-11,Soft
SYN-SC-000601495,Designation 5823,S00085469,SYN-ORG-SOFT,Other Sponsor,Payment,120,2023-06-06,Soft
SYN-SC-000601805,Designation 20823,S00085682,SYN-ORG-SOFT,Other Sponsor,Payment,30,2023-02-27,Soft
SYN-SC-000602742,Designation 1,S00086429,SYN-ORG-SOFT,Other Sponsor,Payment,106,2022-10-22,Soft
SYN-SC-000602805,Designation 1,S00086439,SYN-ORG-SOFT,Other Sponsor,Payment,4,2022-10-01,Soft
SYN-SC-000602988,Designation 16064,S00086590,SYN-ORG-SOFT,Other Sponsor,Payment,5,2022-08-21,Soft
SYN-SC-000603096,Other,S00086664,SYN-ORG-SOFT,Other Sponsor,Payment,1967,2023-02-08,Soft
SYN-SC-000603149,Other,S00086700,SYN-ORG-SOFT,Other Sponsor,Payment,1339,2022-11-07,Soft
SYN-SC-000603233,Designation 25557,S00086807,SYN-ORG-SOFT,Other Sponsor,Payment,5,2022-11-27,Soft
SYN-SC-000603759,Designation 1,S00087149,SYN-ORG-SOFT,Other Sponsor,Payment,1140,2022-11-01,Soft
SYN-SC-000604209,Designation 1,S00087486,SYN-ORG-SOFT,Other Sponsor,Payment,190,2022-10-01,Soft
SYN-SC-000604223,Designation 1,S00087505,SYN-ORG-DAF,DAF Sponsor,Payment,600,2022-09-16,Soft
SYN-SC-000604859,Designation 1,S00088070,SYN-ORG-SOFT,Other Sponsor,Payment,12,2022-08-11,Soft
SYN-SC-000605054,Designation 26087,S00088178,SYN-ORG-SOFT,Other Sponsor,Payment,150,2023-03-30,Soft
SYN-SC-000605305,Designation 1,S00088324,SYN-ORG-SOFT,Other Sponsor,Payment,250,2023-03-01,Soft
SYN-SC-000605394,Designation 1,S00088377,SYN-ORG-SOFT,Other Sponsor,Payment,5,2022-08-11,Soft
SYN-SC-000605500,Designation 1,S00088434,SYN-ORG-SOFT,Other Sponsor,Payment,87,2022-08-14,Soft
SYN-SC-000605679,Designation 1,S00088520,SYN-ORG-SOFT,Other Sponsor,Payment,190,2023-03-12,Soft
SYN-SC-000605875,Designation 8,S00088664,SYN-ORG-DAF,DAF Sponsor,Payment,1062,2022-08-14,Soft
SYN-SC-000606103,Designation 1,S00088787,SYN-ORG-SOFT,Other Sponsor,Payment,503,2022-08-13,Soft
SYN-SC-000607936,Other,S00090067,SYN-ORG-DAF,DAF Sponsor,Payment,250,2022-09-26,Soft
SYN-SC-000608406,Designation 23702,S00090564,SYN-ORG-SOFT,Other Sponsor,Payment,250,2023-03-28,Soft
SYN-SC-000608656,Other,S00090749,SYN-ORG-SOFT,Other Sponsor,Payment,8,2022-08-15,Soft
SYN-SC-000608693,Designation 8405,S00090800,SYN-ORG-SOFT,Other Sponsor,Payment,167,2022-09-04,Soft
SYN-SC-000608990,Designation 19,S00091059,SYN-ORG-DAF,DAF Sponsor,Payment,540,2023-01-18,Soft
SYN-SC-000609104,Designation 5120,S00091171,SYN-ORG-SOFT,Other Sponsor,Payment,8,2023-04-25,Soft
SYN-SC-000609261,Designation 26605,S00091247,SYN-ORG-SOFT,Other Sponsor,Payment,5,2022-08-18,Soft
SYN-SC-000611497,Designation 1,S00092797,SYN-ORG-SOFT,Other Sponsor,Payment,5,2023-01-16,Soft
SYN-SC-000611498,Designation 19021,S00092798,SYN-ORG-DAF,DAF Sponsor,Payment,600,2023-01-16,Soft
SYN-SC-000612416,Designation 7056,S00093516,SYN-ORG-SOFT,Other Sponsor,Payment,540,2022-07-11,Soft
SYN-SC-000612417,Designation 1,S00093519,SYN-ORG-SOFT,Other Sponsor,Payment,600,2022-09-26,Soft
SYN-SC-000612772,Other,S00093821,SYN-ORG-SOFT,Other Sponsor,Payment,6,2023-06-17,Soft
SYN-SC-000613023,Designation 8192,S00093949,SYN-ORG-SOFT,Other Sponsor,Payment,5,2023-02-11,Soft
SYN-SC-000613148,Designation 7347,S00094042,SYN-ORG-SOFT,Other Sponsor,Payment,5,2023-03-04,Soft
SYN-SC-000613359,Designation 6823,S00094203,SYN-ORG-SOFT,Other Sponsor,Payment,448,2023-06-09,Soft
SYN-SC-000613627,Designation 1,S00094371,SYN-ORG-SOFT,Other Sponsor,Payment,5,2023-02-28,Soft
SYN-SC-000613681,Designation 723,S00094409,SYN-ORG-SOFT,Other Sponsor,Payment,528,2023-05-10,Soft
SYN-SC-000614029,Designation 37,S00094735,SYN-ORG-SOFT,Other Sponsor,Payment,528,2023-06-09,Soft
SYN-SC-000614172,Designation 1,S00094851,SYN-ORG-SOFT,Other Sponsor,Payment,222,2023-01-07,Soft
SYN-SC-000614289,Other,S00094972,SYN-ORG-DAF,DAF Sponsor,Payment,2000,2022-12-03,Soft
SYN-SC-000614701,Designation 2077,S00095256,SYN-ORG-SOFT,Other Sponsor,Payment,250,2022-08-28,Soft
SYN-SC-000614992,Designation 1,S00095495,SYN-ORG-SOFT,Other Sponsor,Payment,7,2022-11-22,Soft
SYN-SC-000615838,Designation 1,S00095993,SYN-ORG-SOFT,Other Sponsor,Payment,190,2023-02-14,Soft
SYN-SC-000615866,Other,S00096012,SYN-ORG-SOFT,Other Sponsor,Payment,250,2023-02-07,Soft
SYN-SC-000616067,Designation 9135,S00096123,SYN-ORG-SOFT,Other Sponsor,Payment,128,2022-12-30,Soft
SYN-SC-000616094,Designation 2742,S00096137,SYN-ORG-DAF,DAF Sponsor,Payment,5,2023-01-21,Soft
SYN-SC-000616111,Designation 26,S00096150,SYN-ORG-SOFT,Other Sponsor,Payment,265,2023-06-27,Soft
SYN-SC-000616255,Designation 1,S00096238,SYN-ORG-SOFT,Other Sponsor,Payment,182,2022-10-13,Soft
SYN-SC-000616339,Designation 31417,S00096304,SYN-ORG-DAF,DAF Sponsor,Payment,74,2022-12-28,Soft
SYN-SC-000616816,Designation 1,S00096676,SYN-ORG-SOFT,Other Sponsor,Payment,25,2023-05-03,Soft
SYN-SC-000616951,Other,S00096780,SYN-ORG-SOFT,Other Sponsor,Payment,540,2023-02-09,Soft
SYN-SC-000617261,Designation 10232,S00097014,SYN-ORG-SOFT,Other Sponsor,Payment,7,2022-11-21,Soft
SYN-SC-000617449,Designation 1,S00097170,SYN-ORG-DAF,DAF Sponsor,Payment,8,2023-05-11,Soft
SYN-SC-000617636,Designation 21150,S00097319,SYN-ORG-SOFT,Other Sponsor,Payment,5,2023-06-21,Soft
SYN-SC-000617806,Designation 65,S00097448,SYN-ORG-SOFT,Other Sponsor,Payment,360,2022-07-04,Soft
SYN-SC-000618142,Other,S00097775,SYN-ORG-SOFT,Other Sponsor,Payment,1269,2022-08-01,Soft
SYN-SC-000618882,Designation 1,S00098178,SYN-ORG-DAF,DAF Sponsor,Payment,15,2022-07-03,Soft
SYN-SC-000619024,Designation 9916,S00098292,SYN-ORG-SOFT,Other Sponsor,Payment,409,2022-08-07,Soft
SYN-SC-000619842,Designation 9002,S00098956,SYN-ORG-DAF,DAF Sponsor,Payment,216,2023-06-08,Soft
SYN-SC-000620459,Other,S00099394,SYN-ORG-SOFT,Other Sponsor,Payment,279,2022-09-03,Soft
SYN-SC-000620670,Designation 1,S00099586,SYN-ORG-SOFT,Other Sponsor,Payment,1200,2023-06-19,Soft
SYN-SC-000620920,Designation 35,S00099727,SYN-ORG-SOFT,Other Sponsor,Payment,891,2023-02-28,Soft
SYN-SC-000621150,Other,S00099955,SYN-ORG-DAF,DAF Sponsor,Payment,84,2023-06-20,Soft
SYN-SC-000622034,Designation 14624,S00100631,SYN-ORG-SOFT,Other Sponsor,Payment,11,2023-02-02,Soft
SYN-SC-000622450,Designation 1,S00100879,SYN-ORG-DAF,DAF Sponsor,Payment,380,2022-11-27,Soft
SYN-SC-000623104,Designation 13348,S00101357,SYN-ORG-SOFT,Other Sponsor,Payment,1200,2022-11-27,Soft
SYN-SC-000624525,Designation 11607,S00101954,SYN-ORG-SOFT,Other Sponsor,Payment,9,2023-03-08,Soft
SYN-SC-000626310,Designation 1,S00102449,SYN-ORG-SOFT,Other Sponsor,Payment,118,2023-03-27,Soft
SYN-SC-000626965,Designation 1190,S00102624,SYN-ORG-SOFT,Other Sponsor,Payment,190,2023-06-06,Soft
SYN-SC-000627005,Designation 5412,S00102637,SYN-ORG-SOFT,Other Sponsor,Payment,321,2022-10-26,Soft
SYN-SC-000627174,Designation 33711,S00102695,SYN-ORG-SOFT,Other Sponsor,Payment,250,2023-01-16,Soft
SYN-SC-000627189,Designation 19468,S00102702,SYN-ORG-SOFT,Other Sponsor,Payment,194,2023-02-06,Soft
SYN-SC-000628339,Other,S00102999,SYN-ORG-SOFT,Other Sponsor,Payment,130,2022-09-04,Soft
SYN-SC-000629152,Designation 6141,S00103178,SYN-ORG-SOFT,Other Sponsor,Payment,468,2022-07-19,Soft
SYN-SC-000629178,Other,S00103189,SYN-ORG-DAF,DAF Sponsor,Payment,178,2022-08-21,Soft
SYN-SC-000630252,Designation 6,S00103458,SYN-ORG-DAF,DAF Sponsor,Payment,960,2022-11-25,Soft
SYN-SC-000630976,Other,S00103640,SYN-ORG-SOFT,Other Sponsor,Payment,6,2022-12-03,Soft
SYN-SC-000631039,Designation 21293,S00103658,SYN-ORG-SOFT,Other Sponsor,Payment,5,2022-11-05,Soft
SYN-SC-000631466,Designation 1,S00103776,SYN-ORG-SOFT,Other Sponsor,Payment,5,2023-04-02,Soft
SYN-SC-000631796,Designation 656,S00103844,SYN-ORG-SOFT,Other Sponsor,Payment,3,2023-01-05,Soft
SYN-SC-000632352,Other,S00103955,SYN-ORG-SOFT,Other Sponsor,Payment,5,2022-08-27,Soft
SYN-SC-000632458,Other,S00103991,SYN-ORG-SOFT,Other Sponsor,Payment,7,2023-03-19,Soft
SYN-SC-000632587,Designation 1,S00104040,SYN-ORG-SOFT,Other Sponsor,Payment,130,2023-04-04,Soft
SYN-SC-000632665,Designation 15,S00104067,SYN-ORG-SOFT,Other Sponsor,Payment,600,2023-03-25,Soft
SYN-SC-000632795,Designation 5346,S00104107,SYN-ORG-SOFT,Other Sponsor,Payment,25,2023-04-01,Soft
SYN-SC-000633107,Designation 1,S00104194,SYN-ORG-SOFT,Other Sponsor,Payment,15,2023-03-12,Soft
SYN-SC-000633148,Designation 1,S00104213,SYN-ORG-DAF,DAF Sponsor,Payment,4,2022-09-21,Soft
SYN-SC-000633850,Designation 38,S00104381,SYN-ORG-SOFT,Other Sponsor,Payment,192,2022-09-19,Soft
SYN-SC-000634839,Designation 31847,S00104606,SYN-ORG-SOFT,Other Sponsor,Payment,414,2022-10-19,Soft
SYN-SC-000635220,Designation 11216,S00104693,SYN-ORG-SOFT,Other Sponsor,Payment,7,2023-05-15,Soft
SYN-SC-000635805,Designation 1,S00104839,SYN-ORG-SOFT,Other Sponsor,Payment,250,2022-07-08,Soft
SYN-SC-000635972,Designation 6939,S00104880,SYN-ORG-SOFT,Other Sponsor,Payment,7,2022-07-22,Soft
SYN-SC-000636040,Designation 5337,S00104900,SYN-ORG-DAF,DAF Sponsor,Payment,176,2022-07-29,Soft
SYN-SC-000637468,Designation 1,S00105292,SYN-ORG-SOFT,Other Sponsor,Payment,387,2022-10-14,Soft
SYN-SC-000637660,Designation 1,S00105323,SYN-ORG-SOFT,Other Sponsor,Payment,15,2023-04-21,Soft
SYN-SC-000638253,Other,S00105445,SYN-ORG-DAF,DAF Sponsor,Payment,130,2022-07-18,Soft
SYN-SC-000638824,Designation 1,S00105593,SYN-ORG-DAF,DAF Sponsor,Payment,190,2023-04-19,Soft
SYN-SC-000638939,Designation 8499,S00105635,SYN-ORG-SOFT,Other Sponsor,Payment,5,2022-10-01,Soft
SYN-SC-000639042,Designation 39,S00105659,SYN-ORG-DAF,DAF Sponsor,Payment,540,2023-06-06,Soft
SYN-SC-000639344,Designation 1,S00105761,SYN-ORG-SOFT,Other Sponsor,Payment,178,2022-07-05,Soft
SYN-SC-000639718,Designation 1,S00105852,SYN-ORG-SOFT,Other Sponsor,Payment,5,2022-10-27,Soft
SYN-SC-000640259,Designation 23316,S00105966,SYN-ORG-SOFT,Other Sponsor,Payment,178,2022-11-26,Soft
SYN-SC-000641024,Designation 4339,S00106180,SYN-ORG-DAF,DAF Sponsor,Payment,20,2023-04-16,Soft
SYN-SC-000641050,Designation 18,S00106188,SYN-ORG-SOFT,Other Sponsor,Payment,540,2022-10-22,Soft
SYN-SC-000641079,Designation 1,S00106197,SYN-ORG-SOFT,Other Sponsor,Payment,5,2023-01-05,Soft
SYN-SC-000641133,Designation 13576,S00106208,SYN-ORG-SOFT,Other Sponsor,Payment,5,2022-09-11,Soft
SYN-SC-000641350,Designation 1,S00106263,SYN-ORG-SOFT,Other Sponsor,Payment,250,2023-02-15,Soft
SYN-SC-000641387,Designation 13298,S00106274,SYN-ORG-SOFT,Other Sponsor,Payment,5,2023-04-28,Soft
SYN-SC-000641927,Designation 81,S00106400,SYN-ORG-SOFT,Other Sponsor,Payment,348,2022-10-25,Soft
SYN-SC-000642027,Designation 1,S00106423,SYN-ORG-DAF,DAF Sponsor,Payment,213,2022-09-22,Soft
SYN-SC-000644147,Designation 1,S00106962,SYN-ORG-DAF,DAF Sponsor,Payment,178,2023-04-17,Soft
SYN-SC-000644255,Designation 1,S00106992,SYN-ORG-SOFT,Other Sponsor,Payment,5,2022-08-09,Soft
SYN-SC-000645213,Designation 1,S00107237,SYN-ORG-DAF,DAF Sponsor,Payment,15,2022-11-02,Soft
SYN-SC-000646019,Designation 6113,S00107421,SYN-ORG-SOFT,Other Sponsor,Payment,3,2022-08-04,Soft
SYN-SC-000646553,Designation 1,S00107585,SYN-ORG-DAF,DAF Sponsor,Payment,15,2022-12-19,Soft
SYN-SC-000647048,Designation 1,S00107730,SYN-ORG-SOFT,Other Sponsor,Payment,3,2023-04-05,Soft
SYN-SC-000647175,Designation 19639,S00107764,SYN-ORG-SOFT,Other Sponsor,Payment,5,2022-08-08,Soft
SYN-SC-000647461,Designation 9670,S00107830,SYN-ORG-SOFT,Other Sponsor,Payment,5,2022-08-02,Soft
SYN-SC-000647544,Designation 3457,S00107843,SYN-ORG-SOFT,Other Sponsor,Payment,5,2023-05-07,Soft
SYN-SC-000647759,Designation 7697,S00107889,SYN-ORG-SOFT,Other Sponsor,Payment,431,2023-02-05,Soft
SYN-SC-000647979,Other,S00107970,SYN-ORG-SOFT,Other Sponsor,Payment,250,2022-09-08,Soft
SYN-SC-000647980,Designation 16704,S00107971,SYN-ORG-SOFT,Other Sponsor,Payment,7,2023-03-13,Soft
SYN-SC-000648007,Designation 13908,S00107989,SYN-ORG-DAF,DAF Sponsor,Payment,11,2023-02-13,Soft
SYN-SC-000648272,Designation 1,S00108063,SYN-ORG-DAF,DAF Sponsor,Payment,5,2022-12-13,Soft
SYN-SC-000648418,Designation 1,S00108091,SYN-ORG-DAF,DAF Sponsor,Payment,100,2022-11-14,Soft
SYN-SC-000648718,Designation 1,S00108164,SYN-ORG-SOFT,Other Sponsor,Payment,682,2023-04-22,Soft
SYN-SC-000648880,Other,S00108194,SYN-ORG-SOFT,Other Sponsor,Payment,540,2023-04-20,Soft
SYN-SC-000648956,Designation 8828,S00108214,SYN-ORG-DAF,DAF Sponsor,Payment,190,2023-04-27,Soft
SYN-SC-000649272,Designation 1,S00108282,SYN-ORG-DAF,DAF Sponsor,Payment,190,2023-02-28,Soft
SYN-SC-000649634,Designation 5509,S00108354,SYN-ORG-SOFT,Other Sponsor,Payment,377,2023-01-02,Soft
SYN-SC-000649838,Designation 1,S00108420,SYN-ORG-DAF,DAF Sponsor,Payment,82,2022-12-21,Soft
SYN-SC-000650473,Designation 1,S00108571,SYN-ORG-SOFT,Other Sponsor,Payment,94,2023-03-29,Soft
SYN-SC-000650877,Designation 28405,S00108637,SYN-ORG-SOFT,Other Sponsor,Payment,115,2023-06-17,Soft
SYN-SC-000651532,Designation 26313,S00108743,SYN-ORG-SOFT,Other Sponsor,Payment,6,2023-03-04,Soft
SYN-SC-000651580,Designation 1,S00108752,SYN-ORG-SOFT,Other Sponsor,Payment,5,2023-05-07,Soft
SYN-SC-000652502,Designation 13788,S00108958,SYN-ORG-SOFT,Other Sponsor,Payment,5,2022-11-05,Soft
SYN-SC-000652567,Other,S00108973,SYN-ORG-DAF,DAF Sponsor,Payment,5,2023-05-06,Soft
SYN-SC-000652746,Designation 1,S00109006,SYN-ORG-SOFT,Other Sponsor,Payment,337,2022-08-03,Soft
SYN-SC-000653659,Designation 1,S00109192,SYN-ORG-DAF,DAF Sponsor,Payment,5,2023-05-18,Soft
SYN-SC-000655781,Designation 1,S00109603,SYN-ORG-SOFT,Other Sponsor,Payment,190,2022-12-27,Soft
SYN-SC-000655994,Designation 5461,S00109643,SYN-ORG-DAF,DAF Sponsor,Payment,20,2022-09-01,Soft
SYN-SC-000656298,Designation 20798,S00109713,SYN-ORG-DAF,DAF Sponsor,Payment,359,2023-03-25,Soft
SYN-SC-000656575,Designation 1,S00109769,SYN-ORG-SOFT,Other Sponsor,Payment,5,2022-10-10,Soft
SYN-SC-000657146,Designation 1,S00109897,SYN-ORG-DAF,DAF Sponsor,Payment,5,2022-11-13,Soft
SYN-SC-000657520,Designation 1,S00109987,SYN-ORG-SOFT,Other Sponsor,Payment,14,2023-06-15,Soft
SYN-SC-000659361,Designation 15690,S00110373,SYN-ORG-SOFT,Other Sponsor,Payment,3,2023-03-31,Soft
SYN-SC-000660783,Designation 1,S00110640,SYN-ORG-SOFT,Other Sponsor,Payment,600,2022-12-02,Soft
SYN-SC-000661030,Designation 6790,S00110684,SYN-ORG-SOFT,Other Sponsor,Payment,10,2022-09-01,Soft
SYN-SC-000661301,Designation 19258,S00110742,SYN-ORG-DAF,DAF Sponsor,Payment,216,2023-05-10,Soft
SYN-SC-000661511,Designation 1,S00110781,SYN-ORG-SOFT,Other Sponsor,Payment,70,2023-06-04,Soft
SYN-SC-000663044,Designation 1,S00111077,SYN-ORG-SOFT,Other Sponsor,Payment,1140,2023-02-11,Soft
SYN-SC-000663250,Designation 7,S00111121,SYN-ORG-SOFT,Other Sponsor,Payment,1200,2023-01-08,Soft
SYN-SC-000663535,Designation 12611,S00111159,SYN-ORG-SOFT,Other Sponsor,Payment,5,2023-06-02,Soft
SYN-SC-000663650,Designation 12040,S00111180,SYN-ORG-SOFT,Other Sponsor,Payment,190,2023-02-17,Soft
SYN-SC-000664352,Other,S00111320,SYN-ORG-DAF,DAF Sponsor,Payment,250,2023-06-28,Soft
SYN-SC-000664380,Designation 1,S00111330,SYN-ORG-SOFT,Other Sponsor,Payment,25,2022-11-30,Soft
SYN-SC-000664861,Designation 2433,S00111435,SYN-ORG-SOFT,Other Sponsor,Payment,15,2022-12-22,Soft
SYN-SC-000664900,Other,S00111441,SYN-ORG-SOFT,Other Sponsor,Payment,3,2022-10-20,Soft
SYN-SC-000664942,Designation 1,S00111452,SYN-ORG-SOFT,Other Sponsor,Payment,190,2022-07-09,Soft
SYN-SC-000665128,Designation 1,S00111485,SYN-ORG-SOFT,Other Sponsor,Payment,190,2023-06-21,Soft
SYN-SC-000665644,Designation 1,S00111578,SYN-ORG-SOFT,Other Sponsor,Payment,332,2023-02-01,Soft
SYN-SC-000665762,Designation 6855,S00111600,SYN-ORG-DAF,DAF Sponsor,Payment,146,2022-11-26,Soft
SYN-SC-000665827,Designation 1,S00111616,SYN-ORG-SOFT,Other Sponsor,Payment,190,2022-09-20,Soft
SYN-SC-000665867,Other,S00111625,SYN-ORG-SOFT,Other Sponsor,Payment,140,2022-11-15,Soft
SYN-SC-000666913,Other,S00111847,SYN-ORG-SOFT,Other Sponsor,Payment,17,2023-02-23,Soft
SYN-SC-000666977,Designation 5331,S00111864,SYN-ORG-DAF,DAF Sponsor,Payment,190,2023-02-22,Soft
SYN-SC-000667549,Designation 1,S00111976,SYN-ORG-SOFT,Other Sponsor,Payment,250,2022-08-17,Soft
SYN-SC-000667867,Designation 26754,S00112039,SYN-ORG-DAF,DAF Sponsor,Payment,5,2023-01-12,Soft
SYN-SC-000668320,Designation 12205,S00112122,SYN-ORG-SOFT,Other Sponsor,Payment,5,2023-04-25,Soft
SYN-SC-000669124,Designation 1,S00112279,SYN-ORG-SOFT,Other Sponsor,Payment,5,2022-10-20,Soft
SYN-SC-000669220,Designation 16991,S00112293,SYN-ORG-SOFT,Other Sponsor,Payment,5,2023-05-01,Soft
SYN-SC-000669408,Designation 1,S00112337,SYN-ORG-SOFT,Other Sponsor,Payment,125,2023-04-16,Soft
SYN-SC-000669720,Designation 35468,S00112419,SYN-ORG-SOFT,Other Sponsor,Payment,12,2023-02-02,Soft
SYN-SC-000669969,Other,S00112454,SYN-ORG-SOFT,Other Sponsor,Payment,423,2023-04-12,Soft
SYN-SC-000670239,Designation 1,S00112507,SYN-ORG-SOFT,Other Sponsor,Payment,177,2022-11-04,Soft
SYN-SC-000670330,Designation 1,S00112528,SYN-ORG-SOFT,Other Sponsor,Payment,190,2023-04-22,Soft
SYN-SC-000671222,Other,S00112707,SYN-ORG-SOFT,Other Sponsor,Payment,10,2023-01-07,Soft
SYN-SC-000671963,Designation 3424,S00112843,SYN-ORG-DAF,DAF Sponsor,Payment,20,2022-08-07,Soft
SYN-SC-000672416,Designation 1,S00112923,SYN-ORG-DAF,DAF Sponsor,Payment,190,2022-11-24,Soft
SYN-SC-000672657,Designation 28701,S00112964,SYN-ORG-SOFT,Other Sponsor,Payment,74,2022-07-26,Soft
SYN-SC-000673073,Designation 1,S00113034,SYN-ORG-SOFT,Other Sponsor,Payment,2000,2023-03-02,Soft
SYN-SC-000673186,Designation 8149,S00113056,SYN-ORG-SOFT,Other Sponsor,Payment,130,2022-12-01,Soft
SYN-SC-000673761,Designation 1,S00113178,SYN-ORG-DAF,DAF Sponsor,Payment,5,2023-02-28,Soft
SYN-SC-000673774,Designation 1,S00113179,SYN-ORG-DAF,DAF Sponsor,Payment,471,2023-03-11,Soft
SYN-SC-000674175,Other,S00113260,SYN-ORG-SOFT,Other Sponsor,Payment,5,2023-01-03,Soft
SYN-SC-000674216,Designation 1,S00113269,SYN-ORG-SOFT,Other Sponsor,Payment,435,2023-02-20,Soft
SYN-SC-000674445,Designation 1,S00113318,SYN-ORG-SOFT,Other Sponsor,Payment,250,2022-08-01,Soft
SYN-SC-000674538,Designation 1,S00113339,SYN-ORG-SOFT,Other Sponsor,Payment,430,2023-04-11,Soft
SYN-SC-000674574,Designation 1,S00113346,SYN-ORG-SOFT,Other Sponsor,Payment,24,2022-12-13,Soft
SYN-SC-000674576,Designation 1,S00113347,SYN-ORG-SOFT,Other Sponsor,Payment,5,2023-01-05,Soft
SYN-SC-000676263,Designation 1,S00113685,SYN-ORG-DAF,DAF Sponsor,Payment,219,2022-08-16,Soft
SYN-SC-000676351,Designation 28581,S00113703,SYN-ORG-SOFT,Other Sponsor,Payment,250,2023-03-05,Soft
SYN-SC-000676721,Other,S00113782,SYN-ORG-SOFT,Other Sponsor,Payment,151,2023-05-10,Soft
SYN-SC-000677416,Designation 11134,S00113928,SYN-ORG-SOFT,Other Sponsor,Payment,12,2022-08-03,Soft
SYN-SC-000677776,Designation 1,S00114010,SYN-ORG-SOFT,Other Sponsor,Payment,190,2023-01-16,Soft
SYN-SC-000677930,Designation 144,S00114037,SYN-ORG-SOFT,Other Sponsor,Payment,190,2023-06-22,Soft
SYN-SC-000679235,Designation 9518,S00114286,SYN-ORG-DAF,DAF Sponsor,Payment,5,2022-11-20,Soft
SYN-SC-000679694,Other,S00114375,SYN-ORG-SOFT,Other Sponsor,Payment,297,2022-12-01,Soft
SYN-SC-000680073,Designation 6783,S00114454,SYN-ORG-SOFT,Other Sponsor,Payment,3,2023-05-04,Soft
SYN-SC-000680904,Designation 15935,S00114619,SYN-ORG-SOFT,Other Sponsor,Payment,223,2022-12-18,Soft
SYN-SC-000682085,Designation 6889,S00114866,SYN-ORG-SOFT,Other Sponsor,Payment,154,2023-01-06,Soft
SYN-SC-000682385,Other,S00114925,SYN-ORG-SOFT,Other Sponsor,Payment,165,2022-12-25,Soft
SYN-SC-000682917,Designation 2809,S00115019,SYN-ORG-SOFT,Other Sponsor,Payment,5,2022-09-13,Soft
SYN-SC-000683633,Designation 2625,S00115183,SYN-ORG-SOFT,Other Sponsor,Payment,5,2023-02-20,Soft
SYN-SC-000684020,Designation 1,S00115264,SYN-ORG-SOFT,Other Sponsor,Payment,600,2022-07-11,Soft
SYN-SC-000684054,Designation 1,S00115274,SYN-ORG-SOFT,Other Sponsor,Payment,110,2023-02-16,Soft
SYN-SC-000685418,Designation 1,S00115526,SYN-ORG-SOFT,Other Sponsor,Payment,14,2023-01-20,Soft
SYN-SC-000686666,Designation 1,S00115798,SYN-ORG-SOFT,Other Sponsor,Payment,5,2022-10-01,Soft
SYN-SC-000686973,Designation 1,S00115869,SYN-ORG-DAF,DAF Sponsor,Payment,5,2022-09-23,Soft
SYN-SC-000687028,Designation 6023,S00115881,SYN-ORG-DAF,DAF Sponsor,Payment,190,2022-10-27,Soft
SYN-SC-000688058,Designation 1,S00116079,SYN-ORG-SOFT,Other Sponsor,Payment,45,2022-07-14,Soft
SYN-SC-000689369,Designation 1,S00116284,SYN-ORG-SOFT,Other Sponsor,Payment,3,2023-05-05,Soft
SYN-SC-000689590,Designation 7840,S00116326,SYN-ORG-SOFT,Other Sponsor,Payment,100,2023-02-01,Soft
SYN-SC-000689678,Designation 9466,S00116340,SYN-ORG-SOFT,Other Sponsor,Payment,74,2022-11-20,Soft
SYN-SC-000690995,Designation 1,S00116532,SYN-ORG-SOFT,Other Sponsor,Payment,290,2023-03-23,Soft
SYN-SC-000692589,Other,S00116756,SYN-ORG-SOFT,Other Sponsor,Payment,25,2022-08-30,Soft
SYN-SC-000693312,Designation 1,S00116856,SYN-ORG-SOFT,Other Sponsor,Payment,190,2022-09-11,Soft
SYN-SC-000693828,Designation 1,S00116931,SYN-ORG-SOFT,Other Sponsor,Payment,5,2022-11-19,Soft
SYN-SC-000694006,Designation 7,S00116955,SYN-ORG-SOFT,Other Sponsor,Payment,1140,2022-07-10,Soft
SYN-SC-000694094,Designation 1,S00116967,SYN-ORG-SOFT,Other Sponsor,Payment,178,2023-01-07,Soft
SYN-SC-000694483,Designation 15776,S00117019,SYN-ORG-SOFT,Other Sponsor,Payment,213,2023-01-05,Soft
SYN-SC-000694667,Other,S00117049,SYN-ORG-SOFT,Other Sponsor,Payment,16,2023-02-10,Soft
SYN-SC-000694957,Designation 1,S00117096,SYN-ORG-SOFT,Other Sponsor,Payment,106,2022-07-21,Soft
SYN-SC-000694986,Designation 6659,S00117105,SYN-ORG-SOFT,Other Sponsor,Payment,5,2022-07-07,Soft
SYN-SC-000697097,Other,S00117419,SYN-ORG-SOFT,Other Sponsor,Payment,540,2022-10-17,Soft
SYN-SC-000697200,Designation 24542,S00117437,SYN-ORG-SOFT,Other Sponsor,Payment,46,2022-10-01,Soft
SYN-SC-000697328,Designation 1,S00117459,SYN-ORG-SOFT,Other Sponsor,Payment,19,2023-02-01,Soft
SYN-SC-000697441,Other,S00117479,SYN-ORG-SOFT,Other Sponsor,Payment,50,2022-12-11,Soft
SYN-SC-000698917,Designation 24449,S00117705,SYN-ORG-SOFT,Other Sponsor,Payment,20,2023-05-20,Soft
SYN-SC-000699082,Designation 26272,S00117731,SYN-ORG-DAF,DAF Sponsor,Payment,9,2023-01-04,Soft
SYN-SC-000699199,Designation 1,S00117744,SYN-ORG-SOFT,Other Sponsor,Payment,21,2023-04-21,Soft
SYN-SC-000699678,Designation 2723,S00117808,SYN-ORG-DAF,DAF Sponsor,Payment,500,2023-01-23,Soft
SYN-SC-000700333,Designation 1,S00117897,SYN-ORG-SOFT,Other Sponsor,Payment,190,2022-09-02,Soft
SYN-SC-000701672,Designation 1,S00118104,SYN-ORG-DAF,DAF Sponsor,Payment,10,2023-05-02,Soft
SYN-SC-000701721,Designation 1,S00118111,SYN-ORG-SOFT,Other Sponsor,Payment,5,2022-12-18,Soft
SYN-SC-000701971,Designation 1576,S00118147,SYN-ORG-SOFT,Other Sponsor,Payment,100,2023-03-07,Soft
SYN-SC-000702910,Designation 32002,S00118264,SYN-ORG-SOFT,Other Sponsor,Payment,420,2022-08-15,Soft
SYN-SC-000704038,Designation 1277,S00118407,SYN-ORG-SOFT,Other Sponsor,Payment,5,2023-03-20,Soft
SYN-SC-000704560,Designation 3666,S00118492,SYN-ORG-SOFT,Other Sponsor,Payment,238,2022-12-01,Soft
SYN-SC-000705233,Designation 1,S00118582,SYN-ORG-SOFT,Other Sponsor,Payment,458,2023-01-01,Soft
SYN-SC-000705612,Designation 1,S00118628,SYN-ORG-SOFT,Other Sponsor,Payment,14,2022-12-04,Soft
SYN-SC-000706362,Designation 1,S00118741,SYN-ORG-SOFT,Other Sponsor,Payment,14,2022-10-25,Soft
SYN-SC-000706378,Designation 487,S00118744,SYN-ORG-SOFT,Other Sponsor,Payment,456,2022-11-29,Soft
SYN-SC-000708561,Designation 1,S00119047,SYN-ORG-SOFT,Other Sponsor,Payment,5,2022-07-19,Soft
SYN-SC-000709023,Designation 1,S00119113,SYN-ORG-DAF,DAF Sponsor,Payment,250,2023-01-02,Soft
SYN-SC-000709670,Designation 1,S00119210,SYN-ORG-DAF,DAF Sponsor,Payment,5,2023-06-27,Soft
SYN-SC-000709695,Designation 20,S00119212,SYN-ORG-DAF,DAF Sponsor,Payment,408,2023-03-04,Soft
SYN-SC-000709955,Designation 6994,S00119252,SYN-ORG-SOFT,Other Sponsor,Payment,6,2023-05-19,Soft
SYN-SC-000712604,Designation 1,S00119612,SYN-ORG-SOFT,Other Sponsor,Payment,190,2023-03-11,Soft
SYN-SC-000715254,Other,S00120011,SYN-ORG-DAF,DAF Sponsor,Payment,12,2022-11-07,Soft
SYN-SC-000715340,Designation 22893,S00120029,SYN-ORG-SOFT,Other Sponsor,Payment,600,2023-05-05,Soft
SYN-SC-000717024,Designation 1,S00120292,SYN-ORG-SOFT,Other Sponsor,Payment,7,2022-11-19,Soft
SYN-SC-000717833,Designation 31695,S00120413,SYN-ORG-SOFT,Other Sponsor,Payment,12,2023-04-08,Soft
SYN-SC-000718949,Designation 1,S00120574,SYN-ORG-SOFT,Other Sponsor,Payment,5,2022-10-19,Soft
SYN-SC-000719103,Designation 25508,S00120601,SYN-ORG-SOFT,Other Sponsor,Payment,103,2023-03-11,Soft
SYN-SC-000720071,Designation 13852,S00120748,SYN-ORG-SOFT,Other Sponsor,Payment,130,2023-04-29,Soft
SYN-SC-000720238,Designation 1,S00120771,SYN-ORG-SOFT,Other Sponsor,Payment,42,2022-09-21,Soft
SYN-SC-000721303,Designation 1,S00120949,SYN-ORG-SOFT,Other Sponsor,Payment,334,2022-07-05,Soft
SYN-SC-000721369,Designation 4482,S00120957,SYN-ORG-SOFT,Other Sponsor,Payment,190,2022-10-01,Soft
SYN-SC-000721810,Designation 1,S00121011,SYN-ORG-SOFT,Other Sponsor,Payment,21,2023-04-30,Soft
SYN-SC-000722068,Designation 15544,S00121055,SYN-ORG-SOFT,Other Sponsor,Payment,5,2023-05-05,Soft
SYN-SC-000723492,Designation 1,S00121268,SYN-ORG-DAF,DAF Sponsor,Payment,6,2022-08-20,Soft
SYN-SC-000723641,Other,S00121301,SYN-ORG-SOFT,Other Sponsor,Payment,250,2022-11-23,Soft
SYN-SC-000724793,Designation 40,S00121460,SYN-ORG-SOFT,Other Sponsor,Payment,164,2022-10-10,Soft
SYN-SC-000726390,Designation 2028,S00121656,SYN-ORG-DAF,DAF Sponsor,Payment,238,2022-10-01,Soft
SYN-SC-000726692,Designation 1,S00121694,SYN-ORG-SOFT,Other Sponsor,Payment,190,2023-03-10,Soft
SYN-SC-000729137,Designation 1,S00121986,SYN-ORG-SOFT,Other Sponsor,Payment,12,2022-09-12,Soft
SYN-SC-000729288,Designation 1,S00122003,SYN-ORG-SOFT,Other Sponsor,Payment,190,2022-12-08,Soft
SYN-SC-000729710,Designation 9662,S00122054,SYN-ORG-SOFT,Other Sponsor,Payment,130,2022-09-27,Soft
SYN-SC-000729823,Designation 10261,S00122069,SYN-ORG-SOFT,Other Sponsor,Payment,86,2022-10-29,Soft
SYN-SC-000729836,Designation 3648,S00122071,SYN-ORG-SOFT,Other Sponsor,Payment,25,2023-04-30,Soft
SYN-SC-000730303,Designation 1,S00122129,SYN-ORG-SOFT,Other Sponsor,Payment,480,2022-08-01,Soft
SYN-SC-000732768,Other,S00122444,SYN-ORG-SOFT,Other Sponsor,Payment,38,2023-01-28,Soft
SYN-SC-000733086,Designation 13105,S00122482,SYN-ORG-SOFT,Other Sponsor,Payment,190,2023-01-20,Soft
SYN-SC-000733393,Designation 1415,S00122521,SYN-ORG-DAF,DAF Sponsor,Payment,7,2023-03-23,Soft
SYN-SC-000733579,Other,S00122546,SYN-ORG-SOFT,Other Sponsor,Payment,5,2023-04-04,Soft
SYN-SC-000734356,Designation 1902,S00122644,SYN-ORG-SOFT,Other Sponsor,Payment,35,2022-11-10,Soft
SYN-SC-000734457,Designation 1,S00122655,SYN-ORG-SOFT,Other Sponsor,Payment,5,2022-09-12,Soft
SYN-SC-000735046,Designation 14642,S00122744,SYN-ORG-DAF,DAF Sponsor,Payment,6,2023-06-29,Soft
SYN-SC-000735088,Designation 1,S00122750,SYN-ORG-SOFT,Other Sponsor,Payment,120,2023-05-02,Soft
SYN-SC-000736980,Designation 1,S00122988,SYN-ORG-SOFT,Other Sponsor,Payment,250,2023-03-15,Soft
SYN-SC-000737074,Designation 1,S00123004,SYN-ORG-SOFT,Other Sponsor,Payment,250,2023-02-18,Soft
SYN-SC-000737141,Designation 20827,S00123014,SYN-ORG-SOFT,Other Sponsor,Payment,14,2022-07-19,Soft
SYN-SC-000737335,Designation 5220,S00123037,SYN-ORG-SOFT,Other Sponsor,Payment,64,2022-10-11,Soft
SYN-SC-000737413,Designation 1,S00123046,SYN-ORG-SOFT,Other Sponsor,Payment,156,2022-07-01,Soft
SYN-SC-000739305,Designation 1,S00123259,SYN-ORG-SOFT,Other Sponsor,Payment,130,2023-05-04,Soft
SYN-SC-000739646,Designation 1,S00123300,SYN-ORG-SOFT,Other Sponsor,Payment,5,2022-08-05,Soft
SYN-SC-000739853,Designation 24261,S00123323,SYN-ORG-SOFT,Other Sponsor,Payment,50,2022-08-19,Soft
SYN-SC-000740367,Designation 1,S00123383,SYN-ORG-SOFT,Other Sponsor,Payment,5,2023-06-24,Soft
SYN-SC-000740565,Designation 1,S00123411,SYN-ORG-SOFT,Other Sponsor,Payment,250,2023-02-26,Soft
SYN-SC-000740712,Designation 5861,S00123428,SYN-ORG-SOFT,Other Sponsor,Payment,5,2022-12-05,Soft
SYN-SC-000742427,Other,S00123640,SYN-ORG-SOFT,Other Sponsor,Payment,5,2022-08-11,Soft
SYN-SC-000743229,Designation 1,S00123746,SYN-ORG-SOFT,Other Sponsor,Payment,130,2022-07-18,Soft
SYN-SC-000743979,Designation 2269,S00123838,SYN-ORG-SOFT,Other Sponsor,Payment,20,2022-12-19,Soft
SYN-SC-000744938,Designation 2652,S00123965,SYN-ORG-SOFT,Other Sponsor,Payment,304,2022-09-02,Soft
SYN-SC-000745788,Designation 23,S00124086,SYN-ORG-DAF,DAF Sponsor,Payment,1200,2022-09-29,Soft
SYN-SC-000745930,Designation 6393,S00124104,SYN-ORG-SOFT,Other Sponsor,Payment,5,2023-04-11,Soft
SYN-SC-000747725,Other,S00124313,SYN-ORG-SOFT,Other Sponsor,Payment,135,2022-11-02,Soft
SYN-SC-000749116,Designation 3302,S00124502,SYN-ORG-SOFT,Other Sponsor,Payment,5,2023-02-03,Soft
SYN-SC-000749999,Designation 1,S00124617,SYN-ORG-SOFT,Other Sponsor,Payment,10,2022-10-05,Soft
SYN-SC-000752145,Designation 84,S00124881,SYN-ORG-DAF,DAF Sponsor,Payment,302,2023-01-01,Soft
SYN-SC-000752322,Designation 1,S00124903,SYN-ORG-SOFT,Other Sponsor,Payment,10,2023-06-20,Soft
SYN-SC-000752755,Designation 1,S00124948,SYN-ORG-SOFT,Other Sponsor,Payment,10,2023-06-20,Soft
SYN-SC-000753160,Designation 1,S00124995,SYN-ORG-SOFT,Other Sponsor,Payment,255,2023-04-22,Soft
SYN-SC-000753288,Designation 33407,S00125010,SYN-ORG-SOFT,Other Sponsor,Payment,30,2022-10-13,Soft
SYN-SC-000753419,Designation 1,S00125031,SYN-ORG-SOFT,Other Sponsor,Payment,600,2023-06-14,Soft
SYN-SC-000753634,Designation 2050,S00125056,SYN-ORG-SOFT,Other Sponsor,Payment,5,2023-03-13,Soft
SYN-SC-000753703,Designation 1,S00125065,SYN-ORG-SOFT,Other Sponsor,Payment,220,2023-03-24,Soft
SYN-SC-000754018,Designation 899,S00125097,SYN-ORG-SOFT,Other Sponsor,Payment,5,2023-02-03,Soft
SYN-SC-000754092,Designation 18254,S00125104,SYN-ORG-SOFT,Other Sponsor,Payment,5,2022-09-20,Soft
SYN-SC-000754517,Designation 5510,S00125160,SYN-ORG-SOFT,Other Sponsor,Payment,15,2023-01-06,Soft
SYN-SC-000754518,Designation 3923,S00125161,SYN-ORG-SOFT,Other Sponsor,Payment,5,2022-12-19,Soft
SYN-SC-000754649,Designation 17285,S00125176,SYN-ORG-SOFT,Other Sponsor,Payment,14,2023-04-27,Soft
SYN-SC-000755172,Designation 12726,S00125239,SYN-ORG-DAF,DAF Sponsor,Payment,358,2023-02-09,Soft
SYN-SC-000755184,Designation 1,S00125240,SYN-ORG-SOFT,Other Sponsor,Payment,5,2022-08-06,Soft
SYN-SC-000755318,Designation 21399,S00125257,SYN-ORG-SOFT,Other Sponsor,Payment,3,2022-12-11,Soft
SYN-SC-000755760,Designation 13418,S00125316,SYN-ORG-SOFT,Other Sponsor,Payment,5,2023-01-13,Soft
SYN-SC-000756612,Designation 1,S00125429,SYN-ORG-SOFT,Other Sponsor,Payment,10,2023-01-02,Soft
SYN-SC-000757547,Designation 1,S00125541,SYN-ORG-SOFT,Other Sponsor,Payment,12,2022-12-06,Soft
SYN-SC-000759012,Designation 1,S00125722,SYN-ORG-SOFT,Other Sponsor,Payment,5,2022-12-28,Soft
SYN-SC-000759888,Designation 1,S00125837,SYN-ORG-SOFT,Other Sponsor,Payment,7,2023-01-24,Soft
SYN-SC-000760375,Designation 1,S00125906,SYN-ORG-SOFT,Other Sponsor,Payment,15,2023-03-08,Soft
SYN-SC-000760934,Designation 23230,S00125977,SYN-ORG-SOFT,Other Sponsor,Payment,5,2023-05-04,Soft
SYN-SC-000761358,Designation 1,S00126024,SYN-ORG-SOFT,Other Sponsor,Payment,227,2023-06-19,Soft
SYN-SC-000761382,Designation 668,S00126026,SYN-ORG-SOFT,Other Sponsor,Payment,5,2022-09-27,Soft
SYN-SC-000761425,Other,S00126036,SYN-ORG-SOFT,Other Sponsor,Payment,540,2023-03-27,Soft
SYN-SC-000761906,Designation 1,S00126091,SYN-ORG-SOFT,Other Sponsor,Payment,20,2023-04-27,Soft
SYN-SC-000762584,Designation 6921,S00126175,SYN-ORG-SOFT,Other Sponsor,Payment,190,2023-03-22,Soft
SYN-SC-000762721,Designation 33,S00126190,SYN-ORG-SOFT,Other Sponsor,Payment,553,2022-09-07,Soft
SYN-SC-000763105,Designation 9506,S00126232,SYN-ORG-SOFT,Other Sponsor,Payment,9,2022-10-05,Soft
SYN-SC-000764025,Other,S00126338,SYN-ORG-SOFT,Other Sponsor,Payment,360,2022-10-03,Soft
SYN-SC-000764094,Other,S00126349,SYN-ORG-SOFT,Other Sponsor,Payment,48,2022-08-18,Soft
SYN-SC-000764314,Other,S00126378,SYN-ORG-SOFT,Other Sponsor,Payment,7,2023-02-17,Soft
SYN-SC-000764433,Designation 1407,S00126393,SYN-ORG-SOFT,Other Sponsor,Payment,250,2023-01-06,Soft
SYN-SC-000765329,Designation 13685,S00126494,SYN-ORG-SOFT,Other Sponsor,Payment,74,2023-04-02,Soft
SYN-SC-000765404,Other,S00126502,SYN-ORG-SOFT,Other Sponsor,Payment,4940,2022-12-15,Soft
SYN-SC-000765980,Other,S00126576,SYN-ORG-SOFT,Other Sponsor,Payment,250,2023-06-07,Soft
SYN-SC-000766592,Designation 1,S00126653,SYN-ORG-SOFT,Other Sponsor,Payment,12,2022-12-11,Soft
SYN-SC-000767170,Other,S00126720,SYN-ORG-DAF,DAF Sponsor,Payment,350,2022-09-30,Soft
SYN-SC-000767370,Designation 1,S00126744,SYN-ORG-SOFT,Other Sponsor,Payment,5,2023-01-04,Soft
SYN-SC-000767587,Designation 1,S00126779,SYN-ORG-SOFT,Other Sponsor,Payment,9,2023-05-06,Soft
SYN-SC-000767999,Designation 1,S00126831,SYN-ORG-SOFT,Other Sponsor,Payment,5,2023-03-07,Soft
SYN-SC-000768086,Designation 1,S00126848,SYN-ORG-SOFT,Other Sponsor,Payment,5,2022-08-12,Soft
SYN-SC-000768828,Designation 76,S00126948,SYN-ORG-SOFT,Other Sponsor,Payment,1200,2022-09-29,Soft
SYN-SC-000768830,Other,S00126950,SYN-ORG-SOFT,Other Sponsor,Payment,16,2023-02-07,Soft
SYN-SC-000768954,Other,S00126963,SYN-ORG-SOFT,Other Sponsor,Payment,298,2022-12-01,Soft
SYN-SC-000769117,Other,S00126982,SYN-ORG-SOFT,Other Sponsor,Payment,8,2023-05-27,Soft
SYN-SC-000769207,Designation 1,S00126992,SYN-ORG-SOFT,Other Sponsor,Payment,190,2023-05-31,Soft
SYN-SC-000769333,Designation 1,S00127008,SYN-ORG-SOFT,Other Sponsor,Payment,10,2023-04-19,Soft
SYN-SC-000769475,Designation 7055,S00000023,SYN-ORG-SOFT,Other Sponsor,Payment,278,2023-08-01,Soft
SYN-SC-000769661,Designation 1,S00000195,SYN-ORG-SOFT,Other Sponsor,Payment,214,2024-01-01,Soft
SYN-SC-000769701,Designation 8459,S00000248,SYN-ORG-SOFT,Other Sponsor,Payment,178,2024-04-09,Soft
SYN-SC-000770400,Designation 1,S00000864,SYN-ORG-DAF,DAF Sponsor,Payment,130,2023-07-13,Soft
SYN-SC-000770518,Designation 23,S00000993,SYN-ORG-DAF,DAF Sponsor,Payment,493,2024-06-08,Soft
SYN-SC-000770789,Designation 1,S00001262,SYN-ORG-DAF,DAF Sponsor,Payment,480,2023-07-15,Soft
SYN-SC-000770830,Designation 1,S00001300,SYN-ORG-DAF,DAF Sponsor,Payment,236,2023-08-06,Soft
SYN-SC-000771015,Designation 3354,S00001441,SYN-ORG-SOFT,Other Sponsor,Payment,120,2024-03-19,Soft
SYN-SC-000771061,Other,S00001482,SYN-ORG-SOFT,Other Sponsor,Payment,5,2024-01-08,Soft
SYN-SC-000771131,Designation 1,S00001555,SYN-ORG-SOFT,Other Sponsor,Payment,2000,2023-08-31,Soft
SYN-SC-000772345,Designation 6,S00002719,SYN-ORG-DAF,DAF Sponsor,Payment,938,2024-03-16,Soft
SYN-SC-000772793,Designation 1,S00003052,SYN-ORG-SOFT,Other Sponsor,Payment,127,2024-03-04,Soft
SYN-SC-000773323,Designation 3832,S00003534,SYN-ORG-SOFT,Other Sponsor,Payment,100,2023-10-22,Soft
SYN-SC-000773850,Designation 1,S00004028,SYN-ORG-DAF,DAF Sponsor,Payment,271,2024-06-17,Soft
SYN-SC-000774502,Designation 9626,S00004592,SYN-ORG-SOFT,Other Sponsor,Payment,1200,2023-09-07,Soft
SYN-SC-000775077,Designation 17367,S00005090,SYN-ORG-SOFT,Other Sponsor,Payment,178,2024-04-02,Soft
SYN-SC-000775255,Designation 1,S00005248,SYN-ORG-SOFT,Other Sponsor,Payment,181,2024-02-27,Soft
SYN-SC-000775735,Designation 1,S00005773,SYN-ORG-DAF,DAF Sponsor,Payment,488,2023-07-04,Soft
SYN-SC-000775876,Designation 8,S00005842,SYN-ORG-SOFT,Other Sponsor,Payment,1900,2023-09-09,Soft
SYN-SC-000776474,Designation 6862,S00006318,SYN-ORG-SOFT,Other Sponsor,Payment,70,2023-09-09,Soft
SYN-SC-000776903,Designation 1,S00006665,SYN-ORG-DAF,DAF Sponsor,Payment,1200,2023-07-07,Soft
SYN-SC-000777279,Designation 1,S00006939,SYN-ORG-SOFT,Other Sponsor,Payment,154,2024-01-28,Soft
SYN-SC-000777389,Other,S00007040,SYN-ORG-SOFT,Other Sponsor,Payment,1613,2024-06-11,Soft
SYN-SC-000777938,Designation 1,S00007488,SYN-ORG-SOFT,Other Sponsor,Payment,130,2023-07-04,Soft
SYN-SC-000778161,Designation 1,S00007682,SYN-ORG-SOFT,Other Sponsor,Payment,278,2024-02-10,Soft
SYN-SC-000778254,Other,S00007710,SYN-ORG-SOFT,Other Sponsor,Payment,480,2023-11-05,Soft
SYN-SC-000778475,Other,S00007879,SYN-ORG-SOFT,Other Sponsor,Payment,1500,2024-03-07,Soft
SYN-SC-000778800,Designation 380,S00008189,SYN-ORG-SOFT,Other Sponsor,Payment,5,2024-04-07,Soft
SYN-SC-000778812,Designation 8934,S00008197,SYN-ORG-SOFT,Other Sponsor,Payment,15,2024-04-19,Soft
SYN-SC-000779152,Designation 1614,S00008511,SYN-ORG-DAF,DAF Sponsor,Payment,500,2023-12-02,Soft
SYN-SC-000779321,Designation 1,S00008734,SYN-ORG-SOFT,Other Sponsor,Payment,1200,2024-06-08,Soft
SYN-SC-000779550,Designation 7,S00008948,SYN-ORG-SOFT,Other Sponsor,Payment,1200,2024-04-16,Soft
SYN-SC-000780273,Other,S00009489,SYN-ORG-DAF,DAF Sponsor,Payment,5,2023-12-14,Soft
SYN-SC-000780691,Designation 1,S00009955,SYN-ORG-SOFT,Other Sponsor,Payment,92,2024-05-17,Soft
SYN-SC-000781778,Designation 1,S00010719,SYN-ORG-SOFT,Other Sponsor,Payment,10,2023-11-15,Soft
SYN-SC-000782180,Designation 1,S00011149,SYN-ORG-SOFT,Other Sponsor,Payment,120,2023-11-19,Soft
SYN-SC-000782836,Other,S00011782,SYN-ORG-SOFT,Other Sponsor,Payment,600,2024-01-19,Soft
SYN-SC-000783010,Designation 4444,S00011998,SYN-ORG-SOFT,Other Sponsor,Payment,351,2024-02-01,Soft
SYN-SC-000783035,Designation 1,S00012004,SYN-ORG-SOFT,Other Sponsor,Payment,250,2023-11-09,Soft
SYN-SC-000783446,Other,S00012379,SYN-ORG-SOFT,Other Sponsor,Payment,600,2023-09-08,Soft
SYN-SC-000783724,Designation 27,S00012603,SYN-ORG-DAF,DAF Sponsor,Payment,406,2023-12-22,Soft
SYN-SC-000783763,Designation 1,S00012629,SYN-ORG-DAF,DAF Sponsor,Payment,1175,2024-02-21,Soft
SYN-SC-000783970,Designation 31873,S00012775,SYN-ORG-SOFT,Other Sponsor,Payment,918,2023-09-02,Soft
SYN-SC-000784095,Other,S00012929,SYN-ORG-SOFT,Other Sponsor,Payment,2764,2023-07-24,Soft
SYN-SC-000784887,Other,S00013679,SYN-ORG-SOFT,Other Sponsor,Payment,4760,2023-09-13,Soft
SYN-SC-000784982,Designation 1,S00013801,SYN-ORG-SOFT,Other Sponsor,Payment,75,2023-07-04,Soft
SYN-SC-000785101,Designation 8228,S00013890,SYN-ORG-SOFT,Other Sponsor,Payment,13,2024-04-21,Soft
SYN-SC-000785124,Other,S00013942,SYN-ORG-SOFT,Other Sponsor,Payment,250,2024-05-08,Soft
SYN-SC-000785655,Other,S00014346,SYN-ORG-SOFT,Other Sponsor,Payment,185,2024-05-02,Soft
SYN-SC-000785710,Designation 19989,S00014385,SYN-ORG-SOFT,Other Sponsor,Payment,1200,2023-08-08,Soft
SYN-SC-000785763,Designation 1,S00014451,SYN-ORG-SOFT,Other Sponsor,Payment,762,2023-09-25,Soft
SYN-SC-000786455,Designation 3,S00014984,SYN-ORG-SOFT,Other Sponsor,Payment,669,2023-12-28,Soft
SYN-SC-000787471,Designation 13891,S00016015,SYN-ORG-SOFT,Other Sponsor,Payment,384,2024-02-02,Soft
SYN-SC-000787943,Other,S00016385,SYN-ORG-SOFT,Other Sponsor,Payment,1061,2023-12-13,Soft
SYN-SC-000787984,Designation 5067,S00016464,SYN-ORG-DAF,DAF Sponsor,Payment,1140,2024-01-14,Soft
SYN-SC-000788254,Designation 1,S00016732,SYN-ORG-SOFT,Other Sponsor,Payment,5,2023-07-20,Soft
SYN-SC-000788738,Designation 1,S00017166,SYN-ORG-SOFT,Other Sponsor,Payment,1128,2023-11-02,Soft
SYN-SC-000789063,Designation 1,S00017449,SYN-ORG-SOFT,Other Sponsor,Payment,61,2023-09-16,Soft
SYN-SC-000789375,Designation 1,S00017767,SYN-ORG-SOFT,Other Sponsor,Payment,480,2023-10-05,Soft
SYN-SC-000789618,Designation 87,S00017979,SYN-ORG-DAF,DAF Sponsor,Payment,1200,2024-01-18,Soft
SYN-SC-000789644,Designation 957,S00017995,SYN-ORG-SOFT,Other Sponsor,Payment,130,2023-07-07,Soft
SYN-SC-000790081,Designation 5244,S00018354,SYN-ORG-SOFT,Other Sponsor,Payment,3,2023-08-26,Soft
SYN-SC-000790660,Designation 1,S00018800,SYN-ORG-SOFT,Other Sponsor,Payment,130,2024-04-02,Soft
SYN-SC-000790724,Designation 5,S00018860,SYN-ORG-SOFT,Other Sponsor,Payment,1200,2024-01-03,Soft
SYN-SC-000791321,Designation 1,S00019541,SYN-ORG-SOFT,Other Sponsor,Payment,5,2023-07-08,Soft
SYN-SC-000791776,Designation 1,S00019891,SYN-ORG-SOFT,Other Sponsor,Payment,250,2024-03-24,Soft
SYN-SC-000792298,Designation 1,S00020327,SYN-ORG-DAF,DAF Sponsor,Payment,619,2024-06-05,Soft
SYN-SC-000792871,Designation 3,S00020861,SYN-ORG-SOFT,Other Sponsor,Payment,940,2024-04-02,Soft
SYN-SC-000793234,Other,S00021137,SYN-ORG-SOFT,Other Sponsor,Payment,1928,2023-07-13,Soft
SYN-SC-000793374,Other,S00021253,SYN-ORG-SOFT,Other Sponsor,Payment,1436,2023-09-07,Soft
SYN-SC-000793556,Designation 2652,S00021408,SYN-ORG-SOFT,Other Sponsor,Payment,600,2024-06-19,Soft
SYN-SC-000793587,Designation 1,S00021427,SYN-ORG-SOFT,Other Sponsor,Payment,9,2023-07-19,Soft
SYN-SC-000793907,Designation 29511,S00021660,SYN-ORG-DAF,DAF Sponsor,Payment,27,2023-07-10,Soft
SYN-SC-000794121,Designation 1,S00021886,SYN-ORG-SOFT,Other Sponsor,Payment,480,2024-03-01,Soft
SYN-SC-000794664,Designation 1,S00022332,SYN-ORG-DAF,DAF Sponsor,Payment,1100,2024-02-26,Soft
SYN-SC-000794679,Designation 1,S00022357,SYN-ORG-DAF,DAF Sponsor,Payment,444,2023-10-26,Soft
SYN-SC-000794755,Designation 10960,S00022433,SYN-ORG-DAF,DAF Sponsor,Payment,600,2023-09-02,Soft
SYN-SC-000795158,Designation 1,S00022694,SYN-ORG-SOFT,Other Sponsor,Payment,5,2024-03-26,Soft
SYN-SC-000795232,Other,S00022781,SYN-ORG-SOFT,Other Sponsor,Payment,2000,2023-11-09,Soft
SYN-SC-000795443,Designation 1,S00022954,SYN-ORG-DAF,DAF Sponsor,Payment,10,2024-04-02,Soft
SYN-SC-000795973,Designation 14369,S00023424,SYN-ORG-SOFT,Other Sponsor,Payment,655,2023-08-14,Soft
SYN-SC-000796098,Designation 6250,S00023525,SYN-ORG-SOFT,Other Sponsor,Payment,6,2023-09-03,Soft
SYN-SC-000796257,Designation 1,S00023671,SYN-ORG-SOFT,Other Sponsor,Payment,40,2024-06-07,Soft
SYN-SC-000796474,Designation 53,S00023851,SYN-ORG-SOFT,Other Sponsor,Payment,244,2023-07-07,Soft
SYN-SC-000796908,Other,S00024225,SYN-ORG-SOFT,Other Sponsor,Payment,250,2023-08-02,Soft
SYN-SC-000797435,Designation 1,S00024728,SYN-ORG-DAF,DAF Sponsor,Payment,392,2024-05-04,Soft
SYN-SC-000797451,Designation 1,S00024743,SYN-ORG-SOFT,Other Sponsor,Payment,140,2024-02-08,Soft
SYN-SC-000797744,Designation 24553,S00025098,SYN-ORG-SOFT,Other Sponsor,Payment,12,2024-02-17,Soft
SYN-SC-000798249,Designation 8322,S00025549,SYN-ORG-SOFT,Other Sponsor,Payment,9,2023-10-18,Soft
SYN-SC-000799163,Designation 1,S00026278,SYN-ORG-DAF,DAF Sponsor,Payment,1048,2024-05-19,Soft
SYN-SC-000799612,Other,S00026602,SYN-ORG-SOFT,Other Sponsor,Payment,250,2023-07-11,Soft
SYN-SC-000800460,Other,S00027306,SYN-ORG-DAF,DAF Sponsor,Payment,420,2024-02-12,Soft
SYN-SC-000800740,Designation 1,S00027534,SYN-ORG-SOFT,Other Sponsor,Payment,118,2024-02-08,Soft
SYN-SC-000800814,Designation 2870,S00027599,SYN-ORG-DAF,DAF Sponsor,Payment,5,2023-08-15,Soft
SYN-SC-000801180,Designation 1,S00027887,SYN-ORG-SOFT,Other Sponsor,Payment,298,2024-04-25,Soft
SYN-SC-000801818,Other,S00028380,SYN-ORG-DAF,DAF Sponsor,Payment,190,2024-04-05,Soft
SYN-SC-000801945,Other,S00028497,SYN-ORG-SOFT,Other Sponsor,Payment,250,2024-03-11,Soft
SYN-SC-000802128,Designation 11180,S00028643,SYN-ORG-DAF,DAF Sponsor,Payment,200,2023-10-30,Soft
SYN-SC-000802320,Designation 1,S00028858,SYN-ORG-SOFT,Other Sponsor,Payment,3,2024-02-02,Soft
SYN-SC-000802807,Designation 22520,S00029232,SYN-ORG-SOFT,Other Sponsor,Payment,5,2023-10-06,Soft
SYN-SC-000803172,Designation 1,S00029516,SYN-ORG-DAF,DAF Sponsor,Payment,5014,2023-09-11,Soft
SYN-SC-000803199,Designation 1,S00029552,SYN-ORG-SOFT,Other Sponsor,Payment,25,2023-07-08,Soft
SYN-SC-000803399,Designation 8236,S00029748,SYN-ORG-SOFT,Other Sponsor,Payment,13,2024-06-09,Soft
SYN-SC-000803525,Other,S00029818,SYN-ORG-SOFT,Other Sponsor,Payment,1130,2023-08-12,Soft
SYN-SC-000804187,Designation 9,S00030355,SYN-ORG-SOFT,Other Sponsor,Payment,2000,2023-11-02,Soft
SYN-SC-000804838,Designation 14,S00030875,SYN-ORG-SOFT,Other Sponsor,Payment,261,2024-04-03,Soft
SYN-SC-000805731,Other,S00031667,SYN-ORG-SOFT,Other Sponsor,Payment,190,2023-12-31,Soft
SYN-SC-000805771,Designation 2626,S00031713,SYN-ORG-SOFT,Other Sponsor,Payment,600,2024-02-29,Soft
SYN-SC-000805774,Designation 1,S00031745,SYN-ORG-SOFT,Other Sponsor,Payment,600,2024-05-05,Soft
SYN-SC-000806209,Designation 10983,S00032137,SYN-ORG-SOFT,Other Sponsor,Payment,5,2024-06-07,Soft
SYN-SC-000807078,Other,S00032891,SYN-ORG-DAF,DAF Sponsor,Payment,130,2024-05-19,Soft
SYN-SC-000808090,Other,S00033888,SYN-ORG-SOFT,Other Sponsor,Payment,2000,2024-05-22,Soft
SYN-SC-000808396,Other,S00034069,SYN-ORG-SOFT,Other Sponsor,Payment,178,2023-08-01,Soft
SYN-SC-000808436,Designation 1,S00034102,SYN-ORG-SOFT,Other Sponsor,Payment,4,2024-03-28,Soft
SYN-SC-000808716,Designation 1,S00034373,SYN-ORG-DAF,DAF Sponsor,Payment,4,2023-12-20,Soft
SYN-SC-000809177,Other,S00034785,SYN-ORG-SOFT,Other Sponsor,Payment,1579,2024-03-03,Soft
SYN-SC-000809456,Designation 1,S00035030,SYN-ORG-SOFT,Other Sponsor,Payment,6,2023-10-22,Soft
SYN-SC-000809520,Designation 1,S00035090,SYN-ORG-SOFT,Other Sponsor,Payment,827,2023-12-28,Soft
SYN-SC-000809752,Designation 10,S00035252,SYN-ORG-SOFT,Other Sponsor,Payment,916,2024-02-05,Soft
SYN-SC-000810295,Designation 21611,S00035690,SYN-ORG-SOFT,Other Sponsor,Payment,3,2023-10-08,Soft
SYN-SC-000810696,Designation 1,S00035997,SYN-ORG-SOFT,Other Sponsor,Payment,13,2024-03-27,Soft
SYN-SC-000810795,Designation 1,S00036122,SYN-ORG-DAF,DAF Sponsor,Payment,250,2024-04-20,Soft
SYN-SC-000810886,Designation 1,S00036220,SYN-ORG-SOFT,Other Sponsor,Payment,504,2024-06-02,Soft
SYN-SC-000811041,Designation 1458,S00036329,SYN-ORG-DAF,DAF Sponsor,Payment,4,2023-12-06,Soft
SYN-SC-000811244,Designation 1101,S00036440,SYN-ORG-SOFT,Other Sponsor,Payment,190,2023-12-18,Soft
SYN-SC-000811350,Designation 21903,S00036557,SYN-ORG-SOFT,Other Sponsor,Payment,185,2024-03-04,Soft
SYN-SC-000811486,Designation 1,S00036646,SYN-ORG-SOFT,Other Sponsor,Payment,960,2024-02-06,Soft
SYN-SC-000811979,Designation 30439,S00037079,SYN-ORG-SOFT,Other Sponsor,Payment,21,2024-04-08,Soft
SYN-SC-000812478,Designation 1,S00037361,SYN-ORG-SOFT,Other Sponsor,Payment,74,2024-04-08,Soft
SYN-SC-000812533,Other,S00037422,SYN-ORG-SOFT,Other Sponsor,Payment,149,2024-02-20,Soft
SYN-SC-000812649,Designation 2075,S00037512,SYN-ORG-SOFT,Other Sponsor,Payment,11,2024-03-12,Soft
SYN-SC-000812729,Designation 20,S00037573,SYN-ORG-SOFT,Other Sponsor,Payment,467,2023-08-04,Soft
SYN-SC-000813368,Other,S00038055,SYN-ORG-SOFT,Other Sponsor,Payment,1,2023-09-09,Soft
SYN-SC-000813732,Other,S00038276,SYN-ORG-SOFT,Other Sponsor,Payment,1592,2023-10-04,Soft
SYN-SC-000813930,Designation 1,S00038396,SYN-ORG-SOFT,Other Sponsor,Payment,25,2024-05-23,Soft
SYN-SC-000814920,Designation 1,S00039331,SYN-ORG-SOFT,Other Sponsor,Payment,4,2024-01-10,Soft
SYN-SC-000815987,Designation 78,S00040203,SYN-ORG-SOFT,Other Sponsor,Payment,739,2024-06-07,Soft
SYN-SC-000816219,Designation 6209,S00040430,SYN-ORG-SOFT,Other Sponsor,Payment,1040,2024-02-11,Soft
SYN-SC-000816450,Designation 1,S00040624,SYN-ORG-SOFT,Other Sponsor,Payment,145,2023-09-25,Soft
SYN-SC-000817012,Designation 7444,S00041101,SYN-ORG-SOFT,Other Sponsor,Payment,117,2024-06-12,Soft
SYN-SC-000817065,Designation 12,S00041144,SYN-ORG-DAF,DAF Sponsor,Payment,618,2024-06-20,Soft
SYN-SC-000818210,Designation 1,S00042095,SYN-ORG-SOFT,Other Sponsor,Payment,33,2023-09-03,Soft
SYN-SC-000818701,Designation 1,S00042545,SYN-ORG-DAF,DAF Sponsor,Payment,550,2023-07-17,Soft
SYN-SC-000818943,Designation 27222,S00042739,SYN-ORG-SOFT,Other Sponsor,Payment,5,2024-02-20,Soft
SYN-SC-000819091,Designation 837,S00042836,SYN-ORG-SOFT,Other Sponsor,Payment,399,2023-07-02,Soft
SYN-SC-000819093,Designation 12950,S00042837,SYN-ORG-SOFT,Other Sponsor,Payment,298,2023-10-07,Soft
SYN-SC-000819150,Designation 17,S00042908,SYN-ORG-SOFT,Other Sponsor,Payment,638,2024-06-07,Soft
SYN-SC-000819372,Designation 14835,S00043113,SYN-ORG-SOFT,Other Sponsor,Payment,300,2023-10-16,Soft
SYN-SC-000819413,Designation 30517,S00043141,SYN-ORG-DAF,DAF Sponsor,Payment,178,2023-07-13,Soft
SYN-SC-000819712,Other,S00043347,SYN-ORG-SOFT,Other Sponsor,Payment,2425,2024-05-06,Soft
SYN-SC-000820367,Designation 1,S00043770,SYN-ORG-SOFT,Other Sponsor,Payment,6,2024-03-20,Soft
SYN-SC-000821136,Designation 1,S00044418,SYN-ORG-SOFT,Other Sponsor,Payment,70,2023-07-11,Soft
SYN-SC-000821620,Designation 1,S00044889,SYN-ORG-SOFT,Other Sponsor,Payment,250,2023-10-02,Soft
SYN-SC-000821696,Designation 51,S00044948,SYN-ORG-DAF,DAF Sponsor,Payment,490,2024-05-09,Soft
SYN-SC-000822154,Designation 8,S00045321,SYN-ORG-SOFT,Other Sponsor,Payment,375,2024-06-18,Soft
SYN-SC-000822657,Designation 1,S00045654,SYN-ORG-DAF,DAF Sponsor,Payment,11,2023-09-12,Soft
SYN-SC-000822976,Designation 22792,S00045918,SYN-ORG-SOFT,Other Sponsor,Payment,350,2024-01-21,Soft
SYN-SC-000823484,Designation 1,S00046266,SYN-ORG-SOFT,Other Sponsor,Payment,1700,2024-02-29,Soft
SYN-SC-000823524,Designation 14,S00046298,SYN-ORG-SOFT,Other Sponsor,Payment,1940,2024-01-10,Soft
SYN-SC-000823645,Other,S00046369,SYN-ORG-SOFT,Other Sponsor,Payment,250,2024-04-07,Soft
SYN-SC-000824141,Designation 1614,S00046749,SYN-ORG-SOFT,Other Sponsor,Payment,357,2023-08-01,Soft
SYN-SC-000824575,Designation 1801,S00047066,SYN-ORG-SOFT,Other Sponsor,Payment,190,2024-02-28,Soft
SYN-SC-000826235,Designation 1,S00048487,SYN-ORG-SOFT,Other Sponsor,Payment,10,2024-02-20,Soft
SYN-SC-000826354,Designation 38,S00048571,SYN-ORG-SOFT,Other Sponsor,Payment,600,2023-08-18,Soft
SYN-SC-000826450,Designation 1,S00048677,SYN-ORG-DAF,DAF Sponsor,Payment,84,2023-10-13,Soft
SYN-SC-000826979,Designation 8405,S00049118,SYN-ORG-DAF,DAF Sponsor,Payment,600,2023-09-21,Soft
SYN-SC-000827265,Designation 31142,S00049314,SYN-ORG-SOFT,Other Sponsor,Payment,141,2023-12-30,Soft
SYN-SC-000827459,Other,S00049509,SYN-ORG-SOFT,Other Sponsor,Payment,2387,2024-06-27,Soft
SYN-SC-000827904,Designation 11237,S00049941,SYN-ORG-SOFT,Other Sponsor,Payment,10,2024-03-31,Soft
SYN-SC-000827918,Designation 1903,S00049954,SYN-ORG-SOFT,Other Sponsor,Payment,190,2023-09-28,Soft
SYN-SC-000828896,Designation 1,S00050826,SYN-ORG-DAF,DAF Sponsor,Payment,250,2024-05-27,Soft
SYN-SC-000830422,Designation 1,S00052129,SYN-ORG-SOFT,Other Sponsor,Payment,190,2023-12-26,Soft
SYN-SC-000830603,Designation 1,S00052300,SYN-ORG-SOFT,Other Sponsor,Payment,116,2023-12-01,Soft
SYN-SC-000830657,Designation 1,S00052350,SYN-ORG-SOFT,Other Sponsor,Payment,2000,2023-09-04,Soft
SYN-SC-000831490,Designation 1,S00053185,SYN-ORG-SOFT,Other Sponsor,Payment,5,2023-12-30,Soft
SYN-SC-000832073,Other,S00053598,SYN-ORG-DAF,DAF Sponsor,Payment,1975,2023-07-04,Soft
SYN-SC-000832355,Designation 28005,S00053835,SYN-ORG-SOFT,Other Sponsor,Payment,7,2023-09-04,Soft
SYN-SC-000833263,Designation 1,S00054632,SYN-ORG-SOFT,Other Sponsor,Payment,237,2023-11-16,Soft
SYN-SC-000833435,Designation 1305,S00054716,SYN-ORG-SOFT,Other Sponsor,Payment,540,2023-09-30,Soft
SYN-SC-000833625,Designation 1,S00054838,SYN-ORG-SOFT,Other Sponsor,Payment,365,2023-10-07,Soft
SYN-SC-000834109,Designation 34423,S00055267,SYN-ORG-DAF,DAF Sponsor,Payment,536,2023-11-19,Soft
SYN-SC-000835133,Designation 6491,S00056161,SYN-ORG-SOFT,Other Sponsor,Payment,12,2023-11-07,Soft
SYN-SC-000835730,Designation 28033,S00056692,SYN-ORG-SOFT,Other Sponsor,Payment,480,2024-05-27,Soft
SYN-SC-000835845,Other,S00056741,SYN-ORG-SOFT,Other Sponsor,Payment,6,2024-04-07,Soft
SYN-SC-000836864,Other,S00057486,SYN-ORG-SOFT,Other Sponsor,Payment,74,2023-11-13,Soft
SYN-SC-000837577,Designation 9626,S00058084,SYN-ORG-DAF,DAF Sponsor,Payment,491,2023-09-22,Soft
SYN-SC-000838307,Designation 1,S00058569,SYN-ORG-SOFT,Other Sponsor,Payment,311,2023-09-02,Soft
SYN-SC-000838470,Designation 4553,S00058692,SYN-ORG-SOFT,Other Sponsor,Payment,9,2023-10-20,Soft
SYN-SC-000839179,Designation 9,S00059207,SYN-ORG-SOFT,Other Sponsor,Payment,28816,2023-10-01,Soft
SYN-SC-000839578,Designation 5193,S00059473,SYN-ORG-SOFT,Other Sponsor,Payment,9,2023-11-25,Soft
SYN-SC-000839762,Designation 22,S00059602,SYN-ORG-SOFT,Other Sponsor,Payment,1140,2023-07-21,Soft
SYN-SC-000839812,Designation 32378,S00059621,SYN-ORG-SOFT,Other Sponsor,Payment,528,2024-05-15,Soft
SYN-SC-000840499,Other,S00060164,SYN-ORG-SOFT,Other Sponsor,Payment,600,2024-01-22,Soft
SYN-SC-000841109,Designation 8494,S00060667,SYN-ORG-SOFT,Other Sponsor,Payment,10,2023-10-08,Soft
SYN-SC-000841177,Designation 23879,S00060705,SYN-ORG-SOFT,Other Sponsor,Payment,154,2024-01-03,Soft
SYN-SC-000841229,Designation 1,S00060803,SYN-ORG-SOFT,Other Sponsor,Payment,211,2024-03-13,Soft
SYN-SC-000842144,Designation 1,S00061550,SYN-ORG-SOFT,Other Sponsor,Payment,1128,2023-07-21,Soft
SYN-SC-000842585,Designation 1,S00061883,SYN-ORG-SOFT,Other Sponsor,Payment,5,2024-06-18,Soft
SYN-SC-000842966,Designation 1,S00062144,SYN-ORG-SOFT,Other Sponsor,Payment,6,2024-02-08,Soft
SYN-SC-000843387,Designation 1,S00062464,SYN-ORG-SOFT,Other Sponsor,Payment,10,2024-04-18,Soft
SYN-SC-000844156,Designation 76,S00063160,SYN-ORG-DAF,DAF Sponsor,Payment,954,2024-03-12,Soft
SYN-SC-000844238,Other,S00063238,SYN-ORG-DAF,DAF Sponsor,Payment,590,2023-08-28,Soft
SYN-SC-000844264,Other,S00063254,SYN-ORG-SOFT,Other Sponsor,Payment,540,2024-06-10,Soft
SYN-SC-000845299,Designation 1,S00064182,SYN-ORG-SOFT,Other Sponsor,Payment,2000,2024-03-14,Soft
SYN-SC-000845691,Designation 1,S00064530,SYN-ORG-SOFT,Other Sponsor,Payment,6,2024-03-18,Soft
SYN-SC-000845904,Designation 1,S00064700,SYN-ORG-SOFT,Other Sponsor,Payment,135,2023-12-05,Soft
SYN-SC-000846243,Designation 15064,S00064900,SYN-ORG-SOFT,Other Sponsor,Payment,15,2023-11-03,Soft
SYN-SC-000846529,Designation 18554,S00065167,SYN-ORG-SOFT,Other Sponsor,Payment,488,2024-06-30,Soft
SYN-SC-000846719,Designation 1,S00065290,SYN-ORG-DAF,DAF Sponsor,Payment,166,2023-10-02,Soft
SYN-SC-000846937,Designation 776,S00065477,SYN-ORG-DAF,DAF Sponsor,Payment,221,2023-10-29,Soft
SYN-SC-000846974,Designation 2557,S00065500,SYN-ORG-SOFT,Other Sponsor,Payment,15,2024-02-20,Soft
SYN-SC-000848454,Designation 84,S00066710,SYN-ORG-SOFT,Other Sponsor,Payment,600,2024-06-04,Soft
SYN-SC-000848496,Designation 1,S00066729,SYN-ORG-DAF,DAF Sponsor,Payment,367,2023-12-02,Soft
SYN-SC-000849756,Designation 1,S00067593,SYN-ORG-SOFT,Other Sponsor,Payment,199,2024-01-04,Soft
SYN-SC-000849888,Designation 5543,S00067690,SYN-ORG-SOFT,Other Sponsor,Payment,440,2023-08-12,Soft
SYN-SC-000850156,Designation 30709,S00067925,SYN-ORG-DAF,DAF Sponsor,Payment,126,2024-02-02,Soft
SYN-SC-000850171,Designation 32969,S00067937,SYN-ORG-DAF,DAF Sponsor,Payment,2,2023-12-25,Soft
SYN-SC-000851422,Other,S00068954,SYN-ORG-SOFT,Other Sponsor,Payment,218,2023-12-04,Soft
SYN-SC-000851543,Designation 9626,S00069070,SYN-ORG-SOFT,Other Sponsor,Payment,714,2024-01-16,Soft
SYN-SC-000851650,Designation 61,S00069166,SYN-ORG-DAF,DAF Sponsor,Payment,302,2024-01-17,Soft
SYN-SC-000852020,Designation 1,S00069450,SYN-ORG-SOFT,Other Sponsor,Payment,250,2024-06-11,Soft
SYN-SC-000852099,Designation 1,S00069469,SYN-ORG-SOFT,Other Sponsor,Payment,5,2024-02-05,Soft
SYN-SC-000852785,Designation 9,S00070088,SYN-ORG-SOFT,Other Sponsor,Payment,1940,2023-07-07,Soft
SYN-SC-000853741,Designation 6,S00070644,SYN-ORG-SOFT,Other Sponsor,Payment,1200,2024-01-25,Soft
SYN-SC-000853890,Other,S00070733,SYN-ORG-DAF,DAF Sponsor,Payment,600,2023-09-10,Soft
SYN-SC-000854628,Other,S00071234,SYN-ORG-DAF,DAF Sponsor,Payment,540,2023-11-13,Soft
SYN-SC-000854641,Other,S00071235,SYN-ORG-SOFT,Other Sponsor,Payment,120,2023-10-01,Soft
SYN-SC-000854765,Designation 15010,S00071376,SYN-ORG-SOFT,Other Sponsor,Payment,491,2023-09-10,Soft
SYN-SC-000855111,Designation 1,S00071659,SYN-ORG-SOFT,Other Sponsor,Payment,1200,2023-12-21,Soft
SYN-SC-000855592,Designation 51,S00072058,SYN-ORG-SOFT,Other Sponsor,Payment,328,2024-05-08,Soft
SYN-SC-000856264,Designation 1,S00072700,SYN-ORG-SOFT,Other Sponsor,Payment,7,2024-06-16,Soft
SYN-SC-000857028,Designation 14736,S00073197,SYN-ORG-SOFT,Other Sponsor,Payment,540,2023-12-07,Soft
SYN-SC-000857938,Designation 1,S00073911,SYN-ORG-DAF,DAF Sponsor,Payment,150,2023-07-30,Soft
SYN-SC-000858026,Designation 1,S00074044,SYN-ORG-SOFT,Other Sponsor,Payment,25,2023-12-10,Soft
SYN-SC-000858967,Designation 1,S00074778,SYN-ORG-SOFT,Other Sponsor,Payment,1010,2023-07-13,Soft
SYN-SC-000859176,Designation 987,S00074919,SYN-ORG-SOFT,Other Sponsor,Payment,130,2024-05-10,Soft
SYN-SC-000859829,Designation 1,S00075369,SYN-ORG-SOFT,Other Sponsor,Payment,3507,2023-12-04,Soft
SYN-SC-000860990,Designation 1,S00076256,SYN-ORG-DAF,DAF Sponsor,Payment,537,2024-06-05,Soft
SYN-SC-000861488,Designation 10,S00076641,SYN-ORG-DAF,DAF Sponsor,Payment,1200,2024-06-10,Soft
SYN-SC-000862432,Designation 29039,S00077470,SYN-ORG-SOFT,Other Sponsor,Payment,5,2024-01-28,Soft
SYN-SC-000862876,Designation 1,S00077770,SYN-ORG-SOFT,Other Sponsor,Payment,10,2023-09-21,Soft
SYN-SC-000863082,Designation 1,S00077884,SYN-ORG-DAF,DAF Sponsor,Payment,8,2023-11-01,Soft
SYN-SC-000863258,Designation 1,S00078010,SYN-ORG-DAF,DAF Sponsor,Payment,5,2023-08-02,Soft
SYN-SC-000863503,Designation 1,S00078177,SYN-ORG-SOFT,Other Sponsor,Payment,1734,2024-06-30,Soft
SYN-SC-000864027,Designation 1,S00078540,SYN-ORG-DAF,DAF Sponsor,Payment,70,2024-04-21,Soft
SYN-SC-000864173,Other,S00078682,SYN-ORG-SOFT,Other Sponsor,Payment,600,2023-08-15,Soft
SYN-SC-000864855,Designation 17528,S00079177,SYN-ORG-DAF,DAF Sponsor,Payment,600,2023-11-22,Soft
SYN-SC-000865313,Designation 1,S00079500,SYN-ORG-SOFT,Other Sponsor,Payment,10,2024-06-25,Soft
SYN-SC-000865597,Designation 1,S00079738,SYN-ORG-SOFT,Other Sponsor,Payment,250,2023-08-16,Soft
SYN-SC-000865664,Designation 1,S00079795,SYN-ORG-DAF,DAF Sponsor,Payment,251,2024-03-14,Soft
SYN-SC-000865977,Other,S00079998,SYN-ORG-DAF,DAF Sponsor,Payment,995,2023-10-27,Soft
SYN-SC-000867031,Designation 1909,S00080784,SYN-ORG-SOFT,Other Sponsor,Payment,15,2023-09-24,Soft
SYN-SC-000867070,Designation 18652,S00080817,SYN-ORG-SOFT,Other Sponsor,Payment,14,2024-04-08,Soft
SYN-SC-000867124,Designation 23,S00080840,SYN-ORG-SOFT,Other Sponsor,Payment,1080,2024-05-03,Soft
SYN-SC-000867224,Designation 16126,S00080919,SYN-ORG-SOFT,Other Sponsor,Payment,11,2024-02-04,Soft
SYN-SC-000867306,Designation 5,S00081002,SYN-ORG-DAF,DAF Sponsor,Payment,1200,2023-10-07,Soft
SYN-SC-000867642,Designation 1,S00081263,SYN-ORG-SOFT,Other Sponsor,Payment,250,2023-07-09,Soft
SYN-SC-000869927,Designation 1,S00082758,SYN-ORG-SOFT,Other Sponsor,Payment,141,2024-06-22,Soft
SYN-SC-000870818,Designation 5100,S00083358,SYN-ORG-SOFT,Other Sponsor,Payment,4,2023-11-28,Soft
SYN-SC-000870924,Designation 1,S00083424,SYN-ORG-SOFT,Other Sponsor,Payment,5,2024-06-20,Soft
SYN-SC-000871135,Designation 22311,S00083646,SYN-ORG-DAF,DAF Sponsor,Payment,74,2024-01-13,Soft
SYN-SC-000871787,Designation 1,S00084063,SYN-ORG-SOFT,Other Sponsor,Payment,21,2024-04-16,Soft
SYN-SC-000872409,Designation 28112,S00084534,SYN-ORG-SOFT,Other Sponsor,Payment,10,2023-12-14,Soft
SYN-SC-000872890,Designation 3387,S00084952,SYN-ORG-DAF,DAF Sponsor,Payment,5,2024-03-28,Soft
SYN-SC-000873172,Other,S00085180,SYN-ORG-SOFT,Other Sponsor,Payment,178,2024-01-09,Soft
SYN-SC-000873186,Designation 468,S00085186,SYN-ORG-SOFT,Other Sponsor,Payment,76,2023-08-01,Soft
SYN-SC-000873343,Designation 1,S00085335,SYN-ORG-SOFT,Other Sponsor,Payment,1200,2023-12-06,Soft
SYN-SC-000873670,Designation 1,S00085563,SYN-ORG-SOFT,Other Sponsor,Payment,100,2024-04-16,Soft
SYN-SC-000874538,Designation 1,S00086267,SYN-ORG-SOFT,Other Sponsor,Payment,167,2024-01-13,Soft
SYN-SC-000875126,Other,S00086700,SYN-ORG-SOFT,Other Sponsor,Payment,1880,2023-12-03,Soft
SYN-SC-000875340,Designation 22900,S00086903,SYN-ORG-SOFT,Other Sponsor,Payment,1200,2023-07-07,Soft
SYN-SC-000875922,Designation 1,S00087374,SYN-ORG-SOFT,Other Sponsor,Payment,190,2023-10-04,Soft
SYN-SC-000876951,Designation 1,S00088270,SYN-ORG-SOFT,Other Sponsor,Payment,225,2024-05-18,Soft
SYN-SC-000877242,Other,S00088434,SYN-ORG-SOFT,Other Sponsor,Payment,190,2023-11-02,Soft
SYN-SC-000879205,Designation 2077,S00089770,SYN-ORG-SOFT,Other Sponsor,Payment,135,2024-03-18,Soft
SYN-SC-000879566,Designation 1,S00090067,SYN-ORG-SOFT,Other Sponsor,Payment,250,2024-01-08,Soft
SYN-SC-000880489,Designation 18628,S00090911,SYN-ORG-SOFT,Other Sponsor,Payment,5,2024-02-11,Soft
SYN-SC-000880570,Designation 2563,S00091001,SYN-ORG-SOFT,Other Sponsor,Payment,121,2023-08-27,Soft
SYN-SC-000880617,Other,S00091059,SYN-ORG-DAF,DAF Sponsor,Payment,500,2024-03-12,Soft
SYN-SC-000881142,Designation 426,S00091491,SYN-ORG-SOFT,Other Sponsor,Payment,12,2024-02-02,Soft
SYN-SC-000881272,Designation 3747,S00091644,SYN-ORG-SOFT,Other Sponsor,Payment,5,2024-06-03,Soft
SYN-SC-000881572,Designation 14446,S00091821,SYN-ORG-SOFT,Other Sponsor,Payment,130,2023-07-21,Soft
SYN-SC-000883534,Designation 9972,S00093397,SYN-ORG-DAF,DAF Sponsor,Payment,864,2024-06-03,Soft
SYN-SC-000885105,Designation 8370,S00094624,SYN-ORG-SOFT,Other Sponsor,Payment,5,2024-02-17,Soft
SYN-SC-000885294,Designation 1,S00094790,SYN-ORG-SOFT,Other Sponsor,Payment,7,2024-04-11,Soft
SYN-SC-000885320,Designation 1,S00094803,SYN-ORG-SOFT,Other Sponsor,Payment,528,2023-12-12,Soft
SYN-SC-000885361,Designation 1,S00094814,SYN-ORG-SOFT,Other Sponsor,Payment,238,2024-01-31,Soft
SYN-SC-000886219,Designation 575,S00095558,SYN-ORG-SOFT,Other Sponsor,Payment,120,2023-11-09,Soft
SYN-SC-000886385,Designation 36087,S00095650,SYN-ORG-SOFT,Other Sponsor,Payment,10,2023-12-15,Soft
SYN-SC-000886885,Designation 1,S00095993,SYN-ORG-SOFT,Other Sponsor,Payment,143,2023-08-25,Soft
SYN-SC-000888712,Designation 12797,S00097380,SYN-ORG-DAF,DAF Sponsor,Payment,130,2024-06-23,Soft
SYN-SC-000888801,Designation 1,S00097469,SYN-ORG-SOFT,Other Sponsor,Payment,152,2024-02-27,Soft
SYN-SC-000889198,Designation 1,S00097851,SYN-ORG-SOFT,Other Sponsor,Payment,178,2024-01-01,Soft
SYN-SC-000889581,Designation 24289,S00098081,SYN-ORG-SOFT,Other Sponsor,Payment,5,2023-07-12,Soft
SYN-SC-000889758,Designation 1,S00098178,SYN-ORG-DAF,DAF Sponsor,Payment,14,2023-10-09,Soft
SYN-SC-000889913,Designation 1171,S00098345,SYN-ORG-SOFT,Other Sponsor,Payment,250,2023-10-04,Soft
SYN-SC-000890445,Designation 1,S00098783,SYN-ORG-SOFT,Other Sponsor,Payment,964,2023-12-12,Soft
SYN-SC-000890657,Designation 1,S00098956,SYN-ORG-DAF,DAF Sponsor,Payment,186,2024-06-26,Soft
SYN-SC-000891351,Designation 8405,S00099586,SYN-ORG-SOFT,Other Sponsor,Payment,600,2024-05-22,Soft
SYN-SC-000891376,Designation 6220,S00099595,SYN-ORG-SOFT,Other Sponsor,Payment,4,2024-02-02,Soft
SYN-SC-000891689,Designation 25932,S00099835,SYN-ORG-SOFT,Other Sponsor,Payment,6,2023-07-13,Soft
SYN-SC-000891821,Designation 2,S00099955,SYN-ORG-SOFT,Other Sponsor,Payment,360,2024-06-08,Soft
SYN-SC-000893181,Other,S00100964,SYN-ORG-SOFT,Other Sponsor,Payment,115,2023-12-17,Soft
SYN-SC-000893836,Designation 1,S00101528,SYN-ORG-SOFT,Other Sponsor,Payment,5,2024-01-01,Soft
SYN-SC-000894565,Other,S00101834,SYN-ORG-SOFT,Other Sponsor,Payment,190,2023-11-16,Soft
SYN-SC-000894635,Designation 1,S00101856,SYN-ORG-DAF,DAF Sponsor,Payment,250,2024-06-21,Soft
SYN-SC-000895088,Designation 13388,S00102016,SYN-ORG-SOFT,Other Sponsor,Payment,10,2023-07-08,Soft
SYN-SC-000896650,Designation 33869,S00102518,SYN-ORG-DAF,DAF Sponsor,Payment,10,2023-09-27,Soft
SYN-SC-000898008,Designation 40,S00102935,SYN-ORG-SOFT,Other Sponsor,Payment,250,2023-12-08,Soft
SYN-SC-000898826,Designation 8799,S00103158,SYN-ORG-SOFT,Other Sponsor,Payment,1140,2023-09-18,Soft
SYN-SC-000899001,Designation 1,S00103189,SYN-ORG-SOFT,Other Sponsor,Payment,178,2024-01-07,Soft
SYN-SC-000899641,Designation 13729,S00103394,SYN-ORG-SOFT,Other Sponsor,Payment,122,2023-09-11,Soft
SYN-SC-000899655,Designation 1,S00103395,SYN-ORG-SOFT,Other Sponsor,Payment,480,2024-06-20,Soft
SYN-SC-000900524,Designation 22,S00103621,SYN-ORG-SOFT,Other Sponsor,Payment,848,2024-03-21,Soft
SYN-SC-000901020,Designation 1996,S00103776,SYN-ORG-SOFT,Other Sponsor,Payment,5,2023-10-03,Soft
SYN-SC-000901119,Designation 11450,S00103794,SYN-ORG-SOFT,Other Sponsor,Payment,20,2024-01-13,Soft
SYN-SC-000901410,Designation 30796,S00103857,SYN-ORG-SOFT,Other Sponsor,Payment,253,2024-01-09,Soft
SYN-SC-000902007,Designation 2626,S00104067,SYN-ORG-DAF,DAF Sponsor,Payment,600,2023-08-23,Soft
SYN-SC-000902136,Designation 1,S00104107,SYN-ORG-DAF,DAF Sponsor,Payment,22,2024-05-22,Soft
SYN-SC-000902195,Designation 1,S00104140,SYN-ORG-SOFT,Other Sponsor,Payment,5,2024-03-11,Soft
SYN-SC-000902369,Designation 1,S00104185,SYN-ORG-SOFT,Other Sponsor,Payment,5,2024-03-05,Soft
SYN-SC-000902437,Designation 1,S00104195,SYN-ORG-SOFT,Other Sponsor,Payment,157,2024-01-19,Soft
SYN-SC-000902987,Designation 14631,S00104358,SYN-ORG-SOFT,Other Sponsor,Payment,10,2024-02-01,Soft
SYN-SC-000903099,Designation 2,S00104381,SYN-ORG-SOFT,Other Sponsor,Payment,480,2024-04-27,Soft
SYN-SC-000903874,Designation 18100,S00104570,SYN-ORG-SOFT,Other Sponsor,Payment,178,2023-07-18,Soft
SYN-SC-000904013,Designation 18,S00104606,SYN-ORG-SOFT,Other Sponsor,Payment,550,2024-05-27,Soft
SYN-SC-000904236,Designation 86,S00104664,SYN-ORG-SOFT,Other Sponsor,Payment,600,2024-01-27,Soft
SYN-SC-000904342,Designation 1,S00104690,SYN-ORG-DAF,DAF Sponsor,Payment,250,2023-08-02,Soft
SYN-SC-000905333,Designation 18221,S00104989,SYN-ORG-SOFT,Other Sponsor,Payment,385,2024-04-02,Soft
SYN-SC-000906700,Other,S00105395,SYN-ORG-SOFT,Other Sponsor,Payment,190,2024-04-10,Soft
SYN-SC-000907579,Designation 1,S00105659,SYN-ORG-DAF,DAF Sponsor,Payment,250,2023-07-30,Soft
SYN-SC-000907686,Other,S00105703,SYN-ORG-DAF,DAF Sponsor,Payment,13,2024-06-25,Soft
SYN-SC-000908421,Designation 1,S00105925,SYN-ORG-SOFT,Other Sponsor,Payment,5,2024-06-03,Soft
SYN-SC-000909439,Other,S00106263,SYN-ORG-SOFT,Other Sponsor,Payment,250,2023-09-20,Soft
SYN-SC-000910105,Other,S00106442,SYN-ORG-SOFT,Other Sponsor,Payment,463,2024-05-13,Soft
SYN-SC-000910467,Designation 1,S00106547,SYN-ORG-SOFT,Other Sponsor,Payment,250,2023-07-06,Soft
SYN-SC-000911352,Other,S00106842,SYN-ORG-DAF,DAF Sponsor,Payment,5,2023-11-26,Soft
SYN-SC-000911585,Designation 1,S00106904,SYN-ORG-SOFT,Other Sponsor,Payment,5,2023-11-19,Soft
SYN-SC-000911774,Designation 1,S00106947,SYN-ORG-SOFT,Other Sponsor,Payment,178,2023-08-07,Soft
SYN-SC-000912088,Designation 8713,S00107049,SYN-ORG-SOFT,Other Sponsor,Payment,5,2024-01-17,Soft
SYN-SC-000913595,Designation 13586,S00107476,SYN-ORG-SOFT,Other Sponsor,Payment,4,2024-01-25,Soft
SYN-SC-000914037,Designation 2179,S00107619,SYN-ORG-SOFT,Other Sponsor,Payment,74,2023-11-01,Soft
SYN-SC-000914051,Other,S00107622,SYN-ORG-SOFT,Other Sponsor,Payment,128,2024-02-05,Soft
SYN-SC-000914065,Designation 3409,S00107628,SYN-ORG-SOFT,Other Sponsor,Payment,5,2024-04-02,Soft
SYN-SC-000914141,Designation 11763,S00107650,SYN-ORG-SOFT,Other Sponsor,Payment,94,2024-01-21,Soft
SYN-SC-000915124,Designation 32,S00107935,SYN-ORG-SOFT,Other Sponsor,Payment,204,2023-12-27,Soft
SYN-SC-000915960,Other,S00108218,SYN-ORG-SOFT,Other Sponsor,Payment,190,2024-03-11,Soft
SYN-SC-000916039,Designation 1,S00108239,SYN-ORG-SOFT,Other Sponsor,Payment,8,2024-05-08,Soft
SYN-SC-000917921,Designation 1,S00108714,SYN-ORG-SOFT,Other Sponsor,Payment,5,2024-01-27,Soft
SYN-SC-000918235,Other,S00108777,SYN-ORG-SOFT,Other Sponsor,Payment,758,2023-10-03,Soft
SYN-SC-000919045,Other,S00108981,SYN-ORG-SOFT,Other Sponsor,Payment,80,2023-11-22,Soft
SYN-SC-000920300,Designation 1,S00109240,SYN-ORG-DAF,DAF Sponsor,Payment,12,2023-12-12,Soft
SYN-SC-000921038,Designation 1,S00109406,SYN-ORG-SOFT,Other Sponsor,Payment,3,2024-04-05,Soft
SYN-SC-000921327,Designation 19859,S00109476,SYN-ORG-SOFT,Other Sponsor,Payment,12,2023-08-03,Soft
SYN-SC-000921391,Designation 1,S00109487,SYN-ORG-SOFT,Other Sponsor,Payment,740,2023-11-25,Soft
SYN-SC-000921962,Designation 34087,S00109626,SYN-ORG-SOFT,Other Sponsor,Payment,190,2023-07-15,Soft
SYN-SC-000922431,Designation 1,S00109736,SYN-ORG-SOFT,Other Sponsor,Payment,118,2024-03-05,Soft
SYN-SC-000925699,Designation 12895,S00110513,SYN-ORG-SOFT,Other Sponsor,Payment,250,2023-10-02,Soft
SYN-SC-000925970,Other,S00110571,SYN-ORG-SOFT,Other Sponsor,Payment,290,2023-12-24,Soft
SYN-SC-000927539,Designation 7059,S00110934,SYN-ORG-DAF,DAF Sponsor,Payment,5,2023-12-13,Soft
SYN-SC-000929227,Other,S00111320,SYN-ORG-SOFT,Other Sponsor,Payment,14,2023-07-11,Soft
SYN-SC-000930057,Other,S00111517,SYN-ORG-SOFT,Other Sponsor,Payment,250,2024-03-09,Soft
SYN-SC-000930491,Designation 58,S00111625,SYN-ORG-SOFT,Other Sponsor,Payment,540,2024-06-23,Soft
SYN-SC-000930914,Designation 1,S00111714,SYN-ORG-SOFT,Other Sponsor,Payment,6,2023-10-31,Soft
SYN-SC-000931468,Designation 2834,S00111847,SYN-ORG-SOFT,Other Sponsor,Payment,16,2023-12-07,Soft
SYN-SC-000931997,Designation 1,S00111976,SYN-ORG-SOFT,Other Sponsor,Payment,250,2023-12-16,Soft
SYN-SC-000932085,Designation 11,S00112000,SYN-ORG-SOFT,Other Sponsor,Payment,1140,2023-12-31,Soft
SYN-SC-000932653,Designation 1,S00112124,SYN-ORG-SOFT,Other Sponsor,Payment,5,2024-05-03,Soft
SYN-SC-000933844,Designation 1,S00112401,SYN-ORG-SOFT,Other Sponsor,Payment,40,2024-03-27,Soft
SYN-SC-000934104,Designation 1,S00112454,SYN-ORG-DAF,DAF Sponsor,Payment,540,2023-08-11,Soft
SYN-SC-000934118,Designation 12034,S00112460,SYN-ORG-SOFT,Other Sponsor,Payment,29,2024-02-27,Soft
SYN-SC-000934717,Designation 3236,S00112593,SYN-ORG-DAF,DAF Sponsor,Payment,654,2024-03-28,Soft
SYN-SC-000934897,Other,S00112638,SYN-ORG-DAF,DAF Sponsor,Payment,250,2023-10-08,Soft
SYN-SC-000935294,Designation 1,S00112733,SYN-ORG-SOFT,Other Sponsor,Payment,100,2023-09-27,Soft
SYN-SC-000935410,Designation 1,S00112758,SYN-ORG-SOFT,Other Sponsor,Payment,5,2024-04-15,Soft
SYN-SC-000936051,Designation 1,S00112910,SYN-ORG-DAF,DAF Sponsor,Payment,105,2023-09-25,Soft
SYN-SC-000936347,Designation 7983,S00112958,SYN-ORG-SOFT,Other Sponsor,Payment,11,2024-04-05,Soft
SYN-SC-000937031,Other,S00113121,SYN-ORG-SOFT,Other Sponsor,Payment,178,2023-07-14,Soft
SYN-SC-000937072,Designation 1,S00113126,SYN-ORG-SOFT,Other Sponsor,Payment,190,2023-10-11,Soft
SYN-SC-000937275,Designation 1,S00113179,SYN-ORG-DAF,DAF Sponsor,Payment,372,2023-07-09,Soft
SYN-SC-000939409,Designation 1,S00113685,SYN-ORG-DAF,DAF Sponsor,Payment,154,2024-01-14,Soft
SYN-SC-000940183,Designation 1,S00113861,SYN-ORG-DAF,DAF Sponsor,Payment,250,2024-03-04,Soft
SYN-SC-000940346,Designation 795,S00113900,SYN-ORG-SOFT,Other Sponsor,Payment,2,2023-12-19,Soft
SYN-SC-000941025,Designation 11037,S00114058,SYN-ORG-SOFT,Other Sponsor,Payment,20,2024-06-05,Soft
SYN-SC-000942216,Designation 17476,S00114313,SYN-ORG-SOFT,Other Sponsor,Payment,171,2023-07-08,Soft
SYN-SC-000943084,Other,S00114546,SYN-ORG-DAF,DAF Sponsor,Payment,250,2024-02-10,Soft
SYN-SC-000945348,Designation 1,S00115122,SYN-ORG-SOFT,Other Sponsor,Payment,4,2024-02-08,Soft
SYN-SC-000945907,Designation 1,S00115237,SYN-ORG-SOFT,Other Sponsor,Payment,15,2024-04-13,Soft
SYN-SC-000946394,Designation 1,S00115346,SYN-ORG-SOFT,Other Sponsor,Payment,12,2024-03-11,Soft
SYN-SC-000947031,Designation 1,S00115509,SYN-ORG-SOFT,Other Sponsor,Payment,5,2023-10-01,Soft
SYN-SC-000947109,Designation 5849,S00115520,SYN-ORG-SOFT,Other Sponsor,Payment,10,2024-03-25,Soft
SYN-SC-000947124,Other,S00115523,SYN-ORG-SOFT,Other Sponsor,Payment,15,2024-06-09,Soft
SYN-SC-000947927,Designation 6461,S00115709,SYN-ORG-SOFT,Other Sponsor,Payment,480,2024-04-27,Soft
SYN-SC-000947941,Designation 13,S00115710,SYN-ORG-SOFT,Other Sponsor,Payment,314,2023-10-10,Soft
SYN-SC-000948197,Designation 1,S00115791,SYN-ORG-SOFT,Other Sponsor,Payment,150,2023-09-05,Soft
SYN-SC-000948594,Designation 20890,S00115881,SYN-ORG-DAF,DAF Sponsor,Payment,190,2024-04-10,Soft
SYN-SC-000949427,Designation 1,S00116079,SYN-ORG-SOFT,Other Sponsor,Payment,250,2023-08-02,Soft
SYN-SC-000949709,Designation 1,S00116138,SYN-ORG-SOFT,Other Sponsor,Payment,20,2024-05-20,Soft
SYN-SC-000950527,Designation 8878,S00116291,SYN-ORG-SOFT,Other Sponsor,Payment,5,2024-06-28,Soft
SYN-SC-000951369,Designation 1,S00116438,SYN-ORG-SOFT,Other Sponsor,Payment,7,2023-08-04,Soft
SYN-SC-000952636,Designation 2709,S00116656,SYN-ORG-SOFT,Other Sponsor,Payment,22,2023-09-21,Soft
SYN-SC-000954660,Designation 19795,S00116993,SYN-ORG-SOFT,Other Sponsor,Payment,190,2023-12-09,Soft
SYN-SC-000954710,Designation 34357,S00117001,SYN-ORG-SOFT,Other Sponsor,Payment,480,2023-11-22,Soft
SYN-SC-000954853,Other,S00117033,SYN-ORG-SOFT,Other Sponsor,Payment,150,2024-03-20,Soft
SYN-SC-000954890,Designation 1,S00117037,SYN-ORG-DAF,DAF Sponsor,Payment,190,2024-03-01,Soft
SYN-SC-000955887,Designation 17061,S00117229,SYN-ORG-SOFT,Other Sponsor,Payment,5,2023-08-24,Soft
SYN-SC-000957320,Designation 5250,S00117486,SYN-ORG-SOFT,Other Sponsor,Payment,16,2023-08-26,Soft
SYN-SC-000958436,Designation 31917,S00117673,SYN-ORG-SOFT,Other Sponsor,Payment,5,2024-05-20,Soft
SYN-SC-000959291,Designation 35339,S00117808,SYN-ORG-DAF,DAF Sponsor,Payment,5,2023-11-15,Soft
SYN-SC-000959822,Designation 1,S00117892,SYN-ORG-SOFT,Other Sponsor,Payment,3,2023-12-29,Soft
SYN-SC-000959860,Designation 1,S00117896,SYN-ORG-SOFT,Other Sponsor,Payment,190,2024-03-20,Soft
SYN-SC-000961483,Designation 1,S00118186,SYN-ORG-SOFT,Other Sponsor,Payment,540,2023-12-12,Soft
SYN-SC-000961599,Designation 33926,S00118201,SYN-ORG-DAF,DAF Sponsor,Payment,3,2024-05-19,Soft
SYN-SC-000962043,Designation 1,S00118264,SYN-ORG-SOFT,Other Sponsor,Payment,332,2024-03-21,Soft
SYN-SC-000962093,Designation 1,S00118270,SYN-ORG-SOFT,Other Sponsor,Payment,10,2024-06-01,Soft
SYN-SC-000962410,Designation 1,S00118322,SYN-ORG-SOFT,Other Sponsor,Payment,273,2023-10-11,Soft
SYN-SC-000963065,Designation 16251,S00118425,SYN-ORG-DAF,DAF Sponsor,Payment,37,2023-08-18,Soft
SYN-SC-000963280,Designation 3034,S00118468,SYN-ORG-DAF,DAF Sponsor,Payment,5,2023-07-11,Soft
SYN-SC-000964038,Designation 1,S00118581,SYN-ORG-SOFT,Other Sponsor,Payment,190,2023-11-21,Soft
SYN-SC-000964068,Designation 9666,S00118585,SYN-ORG-SOFT,Other Sponsor,Payment,3,2024-02-11,Soft
SYN-SC-000964376,Designation 2626,S00118629,SYN-ORG-SOFT,Other Sponsor,Payment,480,2024-03-02,Soft
SYN-SC-000965918,Designation 1,S00118906,SYN-ORG-DAF,DAF Sponsor,Payment,4,2023-10-15,Soft
SYN-SC-000967752,Designation 3728,S00119206,SYN-ORG-SOFT,Other Sponsor,Payment,304,2023-07-27,Soft
SYN-SC-000968791,Designation 26,S00119367,SYN-ORG-SOFT,Other Sponsor,Payment,540,2023-09-03,Soft
SYN-SC-000970052,Designation 8358,S00119566,SYN-ORG-SOFT,Other Sponsor,Payment,5,2023-08-28,Soft
SYN-SC-000970639,Designation 8028,S00119664,SYN-ORG-SOFT,Other Sponsor,Payment,10,2023-10-01,Soft
SYN-SC-000973690,Designation 1,S00120219,SYN-ORG-SOFT,Other Sponsor,Payment,6,2024-02-23,Soft
SYN-SC-000974448,Designation 1,S00120352,SYN-ORG-DAF,DAF Sponsor,Payment,190,2024-02-01,Soft
SYN-SC-000974940,Designation 837,S00120430,SYN-ORG-SOFT,Other Sponsor,Payment,360,2024-03-05,Soft
SYN-SC-000974993,Designation 1,S00120441,SYN-ORG-SOFT,Other Sponsor,Payment,217,2023-12-09,Soft
SYN-SC-000975074,Designation 6837,S00120457,SYN-ORG-SOFT,Other Sponsor,Payment,5,2023-12-12,Soft
SYN-SC-000976960,Designation 17,S00120785,SYN-ORG-SOFT,Other Sponsor,Payment,380,2023-10-31,Soft
SYN-SC-000977539,Designation 35987,S00120910,SYN-ORG-SOFT,Other Sponsor,Payment,15,2024-02-23,Soft
SYN-SC-000979427,Other,S00121239,SYN-ORG-SOFT,Other Sponsor,Payment,5,2023-11-27,Soft
SYN-SC-000980406,Other,S00121413,SYN-ORG-SOFT,Other Sponsor,Payment,250,2024-03-10,Soft
SYN-SC-000980576,Designation 4654,S00121438,SYN-ORG-SOFT,Other Sponsor,Payment,9,2023-08-15,Soft
SYN-SC-000982075,Designation 1,S00121656,SYN-ORG-SOFT,Other Sponsor,Payment,1140,2024-01-14,Soft
SYN-SC-000982225,Designation 75,S00121676,SYN-ORG-SOFT,Other Sponsor,Payment,273,2023-07-02,Soft
SYN-SC-000982375,Designation 1,S00121694,SYN-ORG-SOFT,Other Sponsor,Payment,190,2024-06-27,Soft
SYN-SC-000982876,Designation 1,S00121767,SYN-ORG-SOFT,Other Sponsor,Payment,391,2023-09-25,Soft
SYN-SC-000984899,Designation 1,S00122066,SYN-ORG-SOFT,Other Sponsor,Payment,3,2024-01-03,Soft
SYN-SC-000985954,Designation 1,S00122219,SYN-ORG-SOFT,Other Sponsor,Payment,190,2024-04-03,Soft
SYN-SC-000986674,Designation 1,S00122327,SYN-ORG-SOFT,Other Sponsor,Payment,12,2024-05-19,Soft
SYN-SC-000987943,Designation 1,S00122521,SYN-ORG-DAF,DAF Sponsor,Payment,11,2024-02-18,Soft
SYN-SC-000988516,Designation 13418,S00122616,SYN-ORG-SOFT,Other Sponsor,Payment,20,2023-10-01,Soft
SYN-SC-000988721,Designation 8560,S00122655,SYN-ORG-DAF,DAF Sponsor,Payment,3,2023-12-20,Soft
SYN-SC-000989090,Designation 3198,S00122718,SYN-ORG-SOFT,Other Sponsor,Payment,346,2023-09-21,Soft
SYN-SC-000989636,Other,S00122798,SYN-ORG-DAF,DAF Sponsor,Payment,540,2023-11-02,Soft
SYN-SC-000989725,Designation 1,S00122815,SYN-ORG-SOFT,Other Sponsor,Payment,130,2023-11-28,Soft
SYN-SC-000990763,Designation 9852,S00122983,SYN-ORG-SOFT,Other Sponsor,Payment,8,2024-05-04,Soft
SYN-SC-000992456,Designation 6805,S00123219,SYN-ORG-SOFT,Other Sponsor,Payment,14,2023-07-18,Soft
SYN-SC-000992674,Designation 1336,S00123258,SYN-ORG-SOFT,Other Sponsor,Payment,7,2024-04-01,Soft
SYN-SC-000993726,Designation 3644,S00123412,SYN-ORG-SOFT,Other Sponsor,Payment,160,2023-12-10,Soft
SYN-SC-000993845,Other,S00123430,SYN-ORG-SOFT,Other Sponsor,Payment,274,2023-12-08,Soft
SYN-SC-000995079,Designation 1,S00123602,SYN-ORG-SOFT,Other Sponsor,Payment,5,2023-08-16,Soft
SYN-SC-000995080,Designation 7251,S00123604,SYN-ORG-SOFT,Other Sponsor,Payment,5,2024-01-26,Soft
SYN-SC-000996564,Designation 9095,S00123839,SYN-ORG-SOFT,Other Sponsor,Payment,200,2024-02-02,Soft
SYN-SC-001001026,Designation 1,S00124500,SYN-ORG-SOFT,Other Sponsor,Payment,4,2024-05-30,Soft
SYN-SC-001001304,Designation 11643,S00124543,SYN-ORG-SOFT,Other Sponsor,Payment,10,2024-03-21,Soft
SYN-SC-001001695,Designation 62,S00124606,SYN-ORG-SOFT,Other Sponsor,Payment,229,2023-11-02,Soft
SYN-SC-001002889,Designation 1,S00124783,SYN-ORG-SOFT,Other Sponsor,Payment,234,2023-08-18,Soft
SYN-SC-001004230,Designation 2898,S00124965,SYN-ORG-SOFT,Other Sponsor,Payment,5,2024-06-04,Soft
SYN-SC-001004822,Designation 1,S00125061,SYN-ORG-SOFT,Other Sponsor,Payment,190,2024-02-10,Soft
SYN-SC-001005868,Designation 16091,S00125214,SYN-ORG-SOFT,Other Sponsor,Payment,10,2023-08-01,Soft
SYN-SC-001007344,Designation 4282,S00125445,SYN-ORG-SOFT,Other Sponsor,Payment,5,2023-09-07,Soft
SYN-SC-001010646,Designation 1,S00125960,SYN-ORG-SOFT,Other Sponsor,Payment,10,2023-08-07,Soft
SYN-SC-001010735,Designation 8615,S00125974,SYN-ORG-SOFT,Other Sponsor,Payment,10,2024-04-11,Soft
SYN-SC-001010861,Designation 1,S00125996,SYN-ORG-SOFT,Other Sponsor,Payment,11,2024-04-10,Soft
SYN-SC-001011521,Designation 1,S00126086,SYN-ORG-SOFT,Other Sponsor,Payment,13,2023-10-19,Soft
SYN-SC-001011992,Designation 1,S00126147,SYN-ORG-SOFT,Other Sponsor,Payment,5,2023-10-12,Soft
SYN-SC-001012517,Designation 1,S00126223,SYN-ORG-SOFT,Other Sponsor,Payment,183,2023-08-24,Soft
SYN-SC-001013700,Designation 1,S00126392,SYN-ORG-SOFT,Other Sponsor,Payment,3,2023-09-14,Soft
SYN-SC-001013959,Designation 1,S00126425,SYN-ORG-DAF,DAF Sponsor,Payment,178,2024-05-21,Soft
SYN-SC-001014529,Designation 6850,S00126509,SYN-ORG-SOFT,Other Sponsor,Payment,190,2024-05-09,Soft
SYN-SC-001016275,Other,S00126773,SYN-ORG-SOFT,Other Sponsor,Payment,5,2024-02-11,Soft
SYN-SC-001017879,Designation 1,S00127023,SYN-ORG-SOFT,Other Sponsor,Payment,6,2023-07-15,Soft
SYN-SC-001018144,Designation 1,S00127055,SYN-ORG-SOFT,Other Sponsor,Payment,325,2024-04-21,Soft
SYN-SC-001018218,Designation 1,S00127063,SYN-ORG-SOFT,Other Sponsor,Payment,5,2023-08-11,Soft
SYN-SC-001018622,Designation 3279,S00127124,SYN-ORG-SOFT,Other Sponsor,Payment,14,2023-07-12,Soft
SYN-SC-001019710,Designation 1,S00127247,SYN-ORG-SOFT,Other Sponsor,Payment,12,2023-12-12,Soft
SYN-SC-001019949,Designation 1,S00127273,SYN-ORG-SOFT,Other Sponsor,Payment,10,2024-01-05,Soft
SYN-SC-001020565,Other,S00127350,SYN-ORG-SOFT,Other Sponsor,Payment,250,2023-11-04,Soft
SYN-SC-001020703,Designation 1,S00127370,SYN-ORG-SOFT,Other Sponsor,Payment,46,2023-11-01,Soft
SYN-SC-001020857,Other,S00127390,SYN-ORG-SOFT,Other Sponsor,Payment,10,2023-08-25,Soft
SYN-SC-001021069,Designation 1,S00127412,SYN-ORG-SOFT,Other Sponsor,Payment,44,2024-04-01,Soft
SYN-SC-001022505,Designation 1,S00127589,SYN-ORG-SOFT,Other Sponsor,Payment,164,2023-12-04,Soft
SYN-SC-001023615,Designation 1,S00127715,SYN-ORG-SOFT,Other Sponsor,Payment,165,2024-04-01,Soft
SYN-SC-001024070,Designation 14828,S00127767,SYN-ORG-SOFT,Other Sponsor,Payment,12,2023-12-21,Soft
SYN-SC-001024393,Designation 18301,S00127807,SYN-ORG-SOFT,Other Sponsor,Payment,120,2023-08-18,Soft
SYN-SC-001024640,Designation 1,S00127836,SYN-ORG-SOFT,Other Sponsor,Payment,540,2023-11-20,Soft
SYN-SC-001025328,Designation 5263,S00127925,SYN-ORG-SOFT,Other Sponsor,Payment,5,2023-11-11,Soft
SYN-SC-001026227,Designation 1,S00128042,SYN-ORG-SOFT,Other Sponsor,Payment,63,2024-02-26,Soft
SYN-SC-001026482,Designation 1,S00128077,SYN-ORG-DAF,DAF Sponsor,Payment,74,2024-05-01,Soft
SYN-SC-001026789,Designation 1204,S00128119,SYN-ORG-SOFT,Other Sponsor,Payment,8,2024-02-03,Soft
SYN-SC-001026802,Designation 1,S00128121,SYN-ORG-SOFT,Other Sponsor,Payment,25,2024-01-02,Soft
SYN-SC-001027642,Designation 1,S00128222,SYN-ORG-SOFT,Other Sponsor,Payment,5,2023-12-08,Soft
SYN-SC-001028066,Other,S00128270,SYN-ORG-DAF,DAF Sponsor,Payment,74,2023-10-10,Soft
SYN-SC-001030339,Designation 1,S00128558,SYN-ORG-SOFT,Other Sponsor,Payment,10,2024-02-03,Soft
SYN-SC-001030662,Designation 13705,S00128602,SYN-ORG-SOFT,Other Sponsor,Payment,11,2024-01-27,Soft
SYN-SC-001030891,Designation 1,S00128629,SYN-ORG-SOFT,Other Sponsor,Payment,46,2024-05-17,Soft
SYN-SC-001033703,Designation 1,S00128962,SYN-ORG-SOFT,Other Sponsor,Payment,314,2023-09-13,Soft
SYN-SC-001034503,Designation 1,S00129067,SYN-ORG-SOFT,Other Sponsor,Payment,4,2023-07-26,Soft
SYN-SC-001034600,Designation 1,S00129082,SYN-ORG-DAF,DAF Sponsor,Payment,10,2023-11-23,Soft
SYN-SC-001036020,Designation 1,S00129271,SYN-ORG-SOFT,Other Sponsor,Payment,225,2024-03-21,Soft
SYN-SC-001036925,Designation 4552,S00129384,SYN-ORG-SOFT,Other Sponsor,Payment,190,2024-04-05,Soft
SYN-SC-001037188,Other,S00129418,SYN-ORG-DAF,DAF Sponsor,Payment,18,2023-09-12,Soft
SYN-SC-001038487,Designation 19756,S00129577,SYN-ORG-SOFT,Other Sponsor,Payment,10,2024-03-21,Soft
SYN-SC-001039122,Designation 8,S00129654,SYN-ORG-SOFT,Other Sponsor,Payment,540,2023-11-04,Soft
SYN-SC-001041800,Designation 2372,S00129989,SYN-ORG-SOFT,Other Sponsor,Payment,5,2024-06-01,Soft
SYN-SC-001042857,Designation 1,S00130119,SYN-ORG-SOFT,Other Sponsor,Payment,15,2024-01-20,Soft
SYN-SC-001042934,Designation 4751,S00130128,SYN-ORG-SOFT,Other Sponsor,Payment,47,2023-08-07,Soft
SYN-SC-001043061,Designation 1,S00130148,SYN-ORG-SOFT,Other Sponsor,Payment,7,2024-04-01,Soft
SYN-SC-001043327,Designation 1,S00130175,SYN-ORG-SOFT,Other Sponsor,Payment,5,2024-04-12,Soft
SYN-SC-001043596,Designation 1,S00130213,SYN-ORG-SOFT,Other Sponsor,Payment,338,2023-07-21,Soft
SYN-SC-001044658,Designation 1,S00130347,SYN-ORG-SOFT,Other Sponsor,Payment,5,2024-02-22,Soft
SYN-SC-001044926,Designation 2746,S00130375,SYN-ORG-SOFT,Other Sponsor,Payment,4,2024-01-01,Soft
SYN-SC-001046439,Designation 14877,S00130566,SYN-ORG-SOFT,Other Sponsor,Payment,250,2023-12-02,Soft
SYN-SC-001047892,Designation 21370,S00130766,SYN-ORG-SOFT,Other Sponsor,Payment,6,2024-05-01,Soft
SYN-SC-001048144,Designation 1,S00130799,SYN-ORG-SOFT,Other Sponsor,Payment,10,2023-07-27,Soft
SYN-SC-001048598,Designation 33421,S00130843,SYN-ORG-SOFT,Other Sponsor,Payment,8,2024-05-24,Soft
SYN-SC-001050946,Designation 1,S00131137,SYN-ORG-SOFT,Other Sponsor,Payment,190,2024-06-03,Soft
SYN-SC-001052507,Designation 3714,S00131332,SYN-ORG-SOFT,Other Sponsor,Payment,200,2023-09-08,Soft
SYN-SC-001052593,Designation 1,S00000023,SYN-ORG-SOFT,Other Sponsor,Payment,298,2025-05-03,Soft
SYN-SC-001052844,Designation 1,S00000273,SYN-ORG-SOFT,Other Sponsor,Payment,178,2025-05-19,Soft
SYN-SC-001052874,Designation 1,S00000336,SYN-ORG-SOFT,Other Sponsor,Payment,1403,2025-02-16,Soft
SYN-SC-001052986,Designation 18504,S00000442,SYN-ORG-SOFT,Other Sponsor,Payment,14,2025-03-03,Soft
SYN-SC-001052988,Designation 5067,S00000444,SYN-ORG-SOFT,Other Sponsor,Payment,950,2024-08-11,Soft
SYN-SC-001053270,Designation 1,S00000670,SYN-ORG-SOFT,Other Sponsor,Payment,540,2024-10-15,Soft
SYN-SC-001053442,Designation 5573,S00000864,SYN-ORG-DAF,DAF Sponsor,Payment,267,2024-07-09,Soft
SYN-SC-001053549,Designation 1,S00000993,SYN-ORG-DAF,DAF Sponsor,Payment,263,2025-01-03,Soft
SYN-SC-001053807,Designation 1,S00001300,SYN-ORG-DAF,DAF Sponsor,Payment,202,2024-12-04,Soft
SYN-SC-001054648,Designation 29873,S00002202,SYN-ORG-SOFT,Other Sponsor,Payment,250,2024-07-01,Soft
SYN-SC-001055221,Designation 1,S00002719,SYN-ORG-SOFT,Other Sponsor,Payment,679,2025-02-14,Soft
SYN-SC-001055718,Designation 10,S00003160,SYN-ORG-SOFT,Other Sponsor,Payment,1200,2025-04-01,Soft
SYN-SC-001056555,Designation 9,S00004028,SYN-ORG-SOFT,Other Sponsor,Payment,2000,2024-07-25,Soft
SYN-SC-001056853,Designation 1,S00004284,SYN-ORG-SOFT,Other Sponsor,Payment,5,2024-10-31,Soft
SYN-SC-001056907,Designation 1,S00004349,SYN-ORG-SOFT,Other Sponsor,Payment,7,2025-05-30,Soft
SYN-SC-001056961,Designation 26364,S00004405,SYN-ORG-SOFT,Other Sponsor,Payment,7,2024-07-27,Soft
SYN-SC-001057175,Designation 1,S00004592,SYN-ORG-SOFT,Other Sponsor,Payment,1702,2024-11-19,Soft
SYN-SC-001057243,Designation 11590,S00004648,SYN-ORG-SOFT,Other Sponsor,Payment,6,2025-02-01,Soft
SYN-SC-001057561,Designation 1,S00004953,SYN-ORG-SOFT,Other Sponsor,Payment,6,2025-03-31,Soft
SYN-SC-001057739,Designation 1,S00005082,SYN-ORG-SOFT,Other Sponsor,Payment,41,2025-05-03,Soft
SYN-SC-001058543,Designation 1,S00005842,SYN-ORG-DAF,DAF Sponsor,Payment,190,2025-04-11,Soft
SYN-SC-001058583,Designation 25578,S00005874,SYN-ORG-SOFT,Other Sponsor,Payment,250,2025-03-28,Soft
SYN-SC-001059497,Designation 14718,S00006665,SYN-ORG-DAF,DAF Sponsor,Payment,600,2024-11-07,Soft
SYN-SC-001059992,Designation 8,S00007040,SYN-ORG-SOFT,Other Sponsor,Payment,3062,2024-07-16,Soft
SYN-SC-001060111,Designation 1,S00007187,SYN-ORG-SOFT,Other Sponsor,Payment,101,2024-08-16,Soft
SYN-SC-001060242,Designation 1,S00007306,SYN-ORG-SOFT,Other Sponsor,Payment,8,2025-06-01,Soft
SYN-SC-001060351,Designation 4651,S00007399,SYN-ORG-SOFT,Other Sponsor,Payment,15,2024-10-06,Soft
SYN-SC-001060731,Other,S00007706,SYN-ORG-SOFT,Other Sponsor,Payment,190,2025-01-10,Soft
SYN-SC-001060756,Designation 1,S00007710,SYN-ORG-SOFT,Other Sponsor,Payment,480,2025-06-01,Soft
SYN-SC-001060757,Designation 1,S00007722,SYN-ORG-SOFT,Other Sponsor,Payment,1200,2024-10-04,Soft
SYN-SC-001060958,Designation 1,S00007879,SYN-ORG-SOFT,Other Sponsor,Payment,2000,2025-06-23,Soft
SYN-SC-001061047,Designation 1,S00007951,SYN-ORG-SOFT,Other Sponsor,Payment,190,2025-01-21,Soft
SYN-SC-001061647,Designation 4,S00008511,SYN-ORG-SOFT,Other Sponsor,Payment,1306,2025-01-03,Soft
SYN-SC-001061859,Designation 25769,S00008734,SYN-ORG-DAF,DAF Sponsor,Payment,1009,2025-03-21,Soft
SYN-SC-001061909,Designation 8,S00008802,SYN-ORG-SOFT,Other Sponsor,Payment,1684,2024-10-29,Soft
SYN-SC-001062213,Designation 1,S00009068,SYN-ORG-DAF,DAF Sponsor,Payment,190,2024-12-06,Soft
SYN-SC-001062421,Designation 1,S00009251,SYN-ORG-SOFT,Other Sponsor,Payment,500,2024-11-27,Soft
SYN-SC-001062437,Designation 1,S00009255,SYN-ORG-SOFT,Other Sponsor,Payment,190,2025-06-19,Soft
SYN-SC-001062558,Designation 85,S00009403,SYN-ORG-SOFT,Other Sponsor,Payment,600,2025-05-06,Soft
SYN-SC-001062766,Designation 20269,S00009537,SYN-ORG-SOFT,Other Sponsor,Payment,20,2025-05-04,Soft
SYN-SC-001062767,Designation 1,S00009544,SYN-ORG-SOFT,Other Sponsor,Payment,250,2025-01-02,Soft
SYN-SC-001062768,Designation 668,S00009548,SYN-ORG-SOFT,Other Sponsor,Payment,43,2024-08-08,Soft
SYN-SC-001063085,Designation 6580,S00009917,SYN-ORG-SOFT,Other Sponsor,Payment,10,2025-01-05,Soft
SYN-SC-001063523,Other,S00010305,SYN-ORG-SOFT,Other Sponsor,Payment,250,2024-08-09,Soft
SYN-SC-001063762,Designation 31646,S00010510,SYN-ORG-SOFT,Other Sponsor,Payment,250,2024-07-08,Soft
SYN-SC-001063978,Designation 1,S00010643,SYN-ORG-SOFT,Other Sponsor,Payment,1140,2025-05-13,Soft
SYN-SC-001063992,Designation 1,S00010650,SYN-ORG-SOFT,Other Sponsor,Payment,490,2025-05-14,Soft
SYN-SC-001064484,Designation 1,S00011120,SYN-ORG-DAF,DAF Sponsor,Payment,118,2024-10-11,Soft
SYN-SC-001064912,Designation 1,S00011536,SYN-ORG-SOFT,Other Sponsor,Payment,5,2024-10-02,Soft
SYN-SC-001065104,Designation 1,S00011782,SYN-ORG-SOFT,Other Sponsor,Payment,1200,2025-03-06,Soft
SYN-SC-001065210,Designation 2741,S00011907,SYN-ORG-SOFT,Other Sponsor,Payment,183,2025-02-18,Soft
SYN-SC-001065270,Other,S00011998,SYN-ORG-SOFT,Other Sponsor,Payment,307,2024-11-11,Soft
SYN-SC-001065365,Other,S00012069,SYN-ORG-SOFT,Other Sponsor,Payment,1200,2024-10-05,Soft
SYN-SC-001065724,Designation 1,S00012379,SYN-ORG-DAF,DAF Sponsor,Payment,607,2025-05-05,Soft
SYN-SC-001065726,Designation 13096,S00012398,SYN-ORG-SOFT,Other Sponsor,Payment,6,2024-09-30,Soft
SYN-SC-001066042,Designation 13295,S00012629,SYN-ORG-SOFT,Other Sponsor,Payment,600,2025-06-11,Soft
SYN-SC-001066225,Designation 1,S00012775,SYN-ORG-SOFT,Other Sponsor,Payment,1150,2025-03-08,Soft
SYN-SC-001066366,Designation 1,S00012929,SYN-ORG-SOFT,Other Sponsor,Payment,1950,2025-01-05,Soft
SYN-SC-001066567,Designation 31884,S00013038,SYN-ORG-DAF,DAF Sponsor,Payment,145,2025-04-25,Soft
SYN-SC-001066786,Designation 35433,S00013279,SYN-ORG-SOFT,Other Sponsor,Payment,600,2025-05-11,Soft
SYN-SC-001066932,Other,S00013450,SYN-ORG-SOFT,Other Sponsor,Payment,473,2025-03-08,Soft
SYN-SC-001066934,Designation 1,S00013452,SYN-ORG-SOFT,Other Sponsor,Payment,4,2025-04-15,Soft
SYN-SC-001067208,Designation 1,S00013679,SYN-ORG-SOFT,Other Sponsor,Payment,1130,2025-06-10,Soft
SYN-SC-001067421,Designation 14855,S00013944,SYN-ORG-SOFT,Other Sponsor,Payment,5,2024-10-02,Soft
SYN-SC-001067703,Designation 2542,S00014175,SYN-ORG-SOFT,Other Sponsor,Payment,12,2024-09-20,Soft
SYN-SC-001067952,Designation 12,S00014385,SYN-ORG-SOFT,Other Sponsor,Payment,1200,2024-07-29,Soft
SYN-SC-001068647,Designation 56,S00015002,SYN-ORG-SOFT,Other Sponsor,Payment,190,2024-09-04,Soft
SYN-SC-001068728,Designation 24604,S00015086,SYN-ORG-SOFT,Other Sponsor,Payment,45,2024-10-02,Soft
SYN-SC-001070088,Designation 1,S00016385,SYN-ORG-SOFT,Other Sponsor,Payment,190,2025-04-26,Soft
SYN-SC-001070130,Designation 1,S00016464,SYN-ORG-SOFT,Other Sponsor,Payment,540,2024-10-03,Soft
SYN-SC-001071422,Designation 29478,S00017767,SYN-ORG-SOFT,Other Sponsor,Payment,130,2025-03-05,Soft
SYN-SC-001071658,Designation 1,S00017979,SYN-ORG-SOFT,Other Sponsor,Payment,600,2025-02-09,Soft
SYN-SC-001071714,Designation 2548,S00018062,SYN-ORG-SOFT,Other Sponsor,Payment,600,2024-11-17,Soft
SYN-SC-001072660,Designation 3741,S00018823,SYN-ORG-SOFT,Other Sponsor,Payment,8,2025-01-07,Soft
SYN-SC-001072675,Other,S00018860,SYN-ORG-SOFT,Other Sponsor,Payment,1200,2025-03-18,Soft
SYN-SC-001072818,Other,S00018968,SYN-ORG-SOFT,Other Sponsor,Payment,822,2024-11-05,Soft
SYN-SC-001073069,Designation 1,S00019227,SYN-ORG-DAF,DAF Sponsor,Payment,480,2025-02-07,Soft
SYN-SC-001073670,Designation 1,S00019854,SYN-ORG-DAF,DAF Sponsor,Payment,5,2025-03-17,Soft
SYN-SC-001074171,Designation 7,S00020327,SYN-ORG-DAF,DAF Sponsor,Payment,1128,2025-04-12,Soft
SYN-SC-001074387,Other,S00020572,SYN-ORG-SOFT,Other Sponsor,Payment,600,2025-05-01,Soft
SYN-SC-001074861,Designation 6934,S00020971,SYN-ORG-SOFT,Other Sponsor,Payment,140,2025-03-13,Soft
SYN-SC-001075047,Other,S00021137,SYN-ORG-SOFT,Other Sponsor,Payment,1928,2024-11-02,Soft
SYN-SC-001075163,Designation 28,S00021253,SYN-ORG-SOFT,Other Sponsor,Payment,4114,2024-11-09,Soft
SYN-SC-001075249,Designation 27300,S00021346,SYN-ORG-SOFT,Other Sponsor,Payment,528,2024-11-10,Soft
SYN-SC-001075306,Designation 1,S00021408,SYN-ORG-SOFT,Other Sponsor,Payment,600,2024-10-20,Soft
SYN-SC-001076094,Designation 1,S00022102,SYN-ORG-SOFT,Other Sponsor,Payment,10,2024-11-08,Soft
SYN-SC-001076313,Designation 29692,S00022332,SYN-ORG-SOFT,Other Sponsor,Payment,355,2024-12-27,Soft
SYN-SC-001076957,Designation 10,S00022879,SYN-ORG-SOFT,Other Sponsor,Payment,587,2025-06-03,Soft
SYN-SC-001077015,Other,S00022954,SYN-ORG-DAF,DAF Sponsor,Payment,1017,2024-09-05,Soft
SYN-SC-001077277,Designation 1,S00023209,SYN-ORG-DAF,DAF Sponsor,Payment,1617,2025-02-28,Soft
SYN-SC-001077477,Other,S00023424,SYN-ORG-SOFT,Other Sponsor,Payment,372,2025-05-01,Soft
SYN-SC-001077730,Designation 6299,S00023637,SYN-ORG-SOFT,Other Sponsor,Payment,31,2024-08-08,Soft
SYN-SC-001077972,Other,S00023847,SYN-ORG-SOFT,Other Sponsor,Payment,540,2025-06-02,Soft
SYN-SC-001078169,Designation 1,S00024005,SYN-ORG-SOFT,Other Sponsor,Payment,1831,2025-02-18,Soft
SYN-SC-001078840,Designation 14,S00024728,SYN-ORG-DAF,DAF Sponsor,Payment,2000,2025-03-10,Soft
SYN-SC-001079878,Designation 1,S00025673,SYN-ORG-SOFT,Other Sponsor,Payment,600,2025-03-05,Soft
SYN-SC-001079993,Other,S00025779,SYN-ORG-SOFT,Other Sponsor,Payment,1200,2024-09-08,Soft
SYN-SC-001080165,Designation 16110,S00025931,SYN-ORG-SOFT,Other Sponsor,Payment,34575,2024-10-22,Soft
SYN-SC-001080166,Designation 1,S00025937,SYN-ORG-SOFT,Other Sponsor,Payment,547,2025-01-26,Soft
SYN-SC-001080680,Designation 1,S00026358,SYN-ORG-SOFT,Other Sponsor,Payment,540,2024-10-08,Soft
SYN-SC-001080847,Designation 1,S00026539,SYN-ORG-SOFT,Other Sponsor,Payment,154,2024-10-17,Soft
SYN-SC-001081588,Designation 1,S00027115,SYN-ORG-SOFT,Other Sponsor,Payment,5,2025-03-28,Soft
SYN-SC-001081682,Designation 5053,S00027209,SYN-ORG-SOFT,Other Sponsor,Payment,10,2025-05-21,Soft
SYN-SC-001082120,Designation 20255,S00027599,SYN-ORG-DAF,DAF Sponsor,Payment,4,2025-03-10,Soft
SYN-SC-001082884,Designation 22900,S00028207,SYN-ORG-SOFT,Other Sponsor,Payment,2000,2025-04-15,Soft
SYN-SC-001083338,Designation 31079,S00028643,SYN-ORG-DAF,DAF Sponsor,Payment,600,2024-09-11,Soft
SYN-SC-001083801,Designation 86,S00029059,SYN-ORG-SOFT,Other Sponsor,Payment,177,2025-03-14,Soft
SYN-SC-001084317,Other,S00029489,SYN-ORG-SOFT,Other Sponsor,Payment,250,2024-09-16,Soft
SYN-SC-001084355,Other,S00029516,SYN-ORG-SOFT,Other Sponsor,Payment,1500,2024-10-22,Soft
SYN-SC-001085160,Designation 1,S00030193,SYN-ORG-SOFT,Other Sponsor,Payment,3,2025-05-06,Soft
SYN-SC-001085276,Other,S00030355,SYN-ORG-DAF,DAF Sponsor,Payment,1354,2024-12-16,Soft
SYN-SC-001085328,Designation 1,S00030417,SYN-ORG-SOFT,Other Sponsor,Payment,5,2024-10-21,Soft
SYN-SC-001085416,Designation 14529,S00030489,SYN-ORG-SOFT,Other Sponsor,Payment,527,2025-01-19,Soft
SYN-SC-001085659,Designation 1,S00030757,SYN-ORG-SOFT,Other Sponsor,Payment,134,2025-04-17,Soft
SYN-SC-001086116,Designation 1,S00031139,SYN-ORG-SOFT,Other Sponsor,Payment,190,2025-04-14,Soft
SYN-SC-001086613,Designation 4,S00031713,SYN-ORG-SOFT,Other Sponsor,Payment,1900,2024-09-05,Soft
SYN-SC-001086723,Other,S00031885,SYN-ORG-SOFT,Other Sponsor,Payment,395,2024-07-19,Soft
SYN-SC-001088185,Designation 1738,S00033265,SYN-ORG-SOFT,Other Sponsor,Payment,250,2025-02-01,Soft
SYN-SC-001088456,Designation 1,S00033511,SYN-ORG-SOFT,Other Sponsor,Payment,10,2024-10-06,Soft
SYN-SC-001089015,Other,S00034020,SYN-ORG-DAF,DAF Sponsor,Payment,540,2024-12-27,Soft
SYN-SC-001089265,Designation 5178,S00034218,SYN-ORG-SOFT,Other Sponsor,Payment,74,2024-11-30,Soft
SYN-SC-001089311,Designation 6209,S00034267,SYN-ORG-SOFT,Other Sponsor,Payment,1080,2024-10-15,Soft
SYN-SC-001089326,Designation 9589,S00034286,SYN-ORG-SOFT,Other Sponsor,Payment,737,2024-12-18,Soft
SYN-SC-001089733,Designation 1,S00034591,SYN-ORG-DAF,DAF Sponsor,Payment,190,2025-02-28,Soft
SYN-SC-001090161,Other,S00035090,SYN-ORG-SOFT,Other Sponsor,Payment,1755,2024-10-04,Soft
SYN-SC-001091024,Designation 1,S00035768,SYN-ORG-SOFT,Other Sponsor,Payment,128,2024-11-04,Soft
SYN-SC-001091356,Designation 1,S00036131,SYN-ORG-SOFT,Other Sponsor,Payment,5,2024-12-03,Soft
SYN-SC-001091475,Designation 1948,S00036272,SYN-ORG-SOFT,Other Sponsor,Payment,600,2025-01-02,Soft
SYN-SC-001092911,Other,S00037359,SYN-ORG-SOFT,Other Sponsor,Payment,863,2024-12-03,Soft
SYN-SC-001093087,Designation 670,S00037521,SYN-ORG-SOFT,Other Sponsor,Payment,162,2024-12-26,Soft
SYN-SC-001093139,Designation 51,S00037573,SYN-ORG-SOFT,Other Sponsor,Payment,341,2025-04-10,Soft
SYN-SC-001094010,Other,S00038276,SYN-ORG-SOFT,Other Sponsor,Payment,2190,2024-11-04,Soft
SYN-SC-001094892,Other,S00039129,SYN-ORG-SOFT,Other Sponsor,Payment,600,2025-02-08,Soft
SYN-SC-001095527,Other,S00039706,SYN-ORG-SOFT,Other Sponsor,Payment,275,2024-09-19,Soft
SYN-SC-001095957,Designation 11076,S00040122,SYN-ORG-SOFT,Other Sponsor,Payment,7,2024-09-09,Soft
SYN-SC-001096054,Designation 7,S00040203,SYN-ORG-SOFT,Other Sponsor,Payment,591,2025-05-12,Soft
SYN-SC-001096279,Other,S00040430,SYN-ORG-SOFT,Other Sponsor,Payment,540,2025-01-01,Soft
SYN-SC-001096309,Designation 24531,S00040461,SYN-ORG-SOFT,Other Sponsor,Payment,6,2025-02-07,Soft
SYN-SC-001096997,Designation 78,S00041144,SYN-ORG-SOFT,Other Sponsor,Payment,430,2025-06-24,Soft
SYN-SC-001097468,Other,S00041562,SYN-ORG-SOFT,Other Sponsor,Payment,403,2025-01-26,Soft
SYN-SC-001097537,Designation 1,S00041593,SYN-ORG-SOFT,Other Sponsor,Payment,190,2024-12-05,Soft
SYN-SC-001098603,Designation 12,S00042545,SYN-ORG-DAF,DAF Sponsor,Payment,1200,2024-07-10,Soft
SYN-SC-001099315,Designation 1,S00043113,SYN-ORG-SOFT,Other Sponsor,Payment,307,2024-08-22,Soft
SYN-SC-001099344,Designation 1,S00043141,SYN-ORG-SOFT,Other Sponsor,Payment,4,2025-01-13,Soft
SYN-SC-001099608,Designation 14,S00043347,SYN-ORG-SOFT,Other Sponsor,Payment,1050,2024-12-26,Soft
SYN-SC-001099803,Designation 1,S00043466,SYN-ORG-SOFT,Other Sponsor,Payment,298,2024-07-30,Soft
SYN-SC-001100139,Other,S00043744,SYN-ORG-SOFT,Other Sponsor,Payment,439,2025-03-04,Soft
SYN-SC-001100780,Designation 1,S00044194,SYN-ORG-SOFT,Other Sponsor,Payment,8,2025-01-16,Soft
SYN-SC-001100840,Designation 18,S00044249,SYN-ORG-SOFT,Other Sponsor,Payment,600,2025-06-10,Soft
SYN-SC-001100958,Designation 1,S00044418,SYN-ORG-DAF,DAF Sponsor,Payment,301,2024-12-20,Soft
SYN-SC-001101880,Other,S00045225,SYN-ORG-SOFT,Other Sponsor,Payment,52,2024-08-01,Soft
SYN-SC-001101956,Designation 6256,S00045297,SYN-ORG-SOFT,Other Sponsor,Payment,5,2024-10-03,Soft
SYN-SC-001101968,Designation 3398,S00045308,SYN-ORG-DAF,DAF Sponsor,Payment,25,2024-10-24,Soft
SYN-SC-001102259,Other,S00045496,SYN-ORG-SOFT,Other Sponsor,Payment,106,2024-12-27,Soft
SYN-SC-001102934,Other,S00046143,SYN-ORG-DAF,DAF Sponsor,Payment,178,2025-04-01,Soft
SYN-SC-001103130,Other,S00046266,SYN-ORG-SOFT,Other Sponsor,Payment,2000,2024-10-14,Soft
SYN-SC-001103282,Designation 1,S00046369,SYN-ORG-SOFT,Other Sponsor,Payment,600,2025-01-04,Soft
SYN-SC-001103677,Designation 1820,S00046714,SYN-ORG-SOFT,Other Sponsor,Payment,6,2025-06-08,Soft
SYN-SC-001103743,Other,S00046758,SYN-ORG-SOFT,Other Sponsor,Payment,135,2024-11-13,Soft
SYN-SC-001103989,Designation 5046,S00046973,SYN-ORG-SOFT,Other Sponsor,Payment,5,2024-12-01,Soft
SYN-SC-001104175,Designation 1,S00047123,SYN-ORG-SOFT,Other Sponsor,Payment,28,2025-06-19,Soft
SYN-SC-001104447,Designation 22,S00047316,SYN-ORG-DAF,DAF Sponsor,Payment,561,2025-03-02,Soft
SYN-SC-001104461,Designation 19812,S00047338,SYN-ORG-SOFT,Other Sponsor,Payment,138,2025-05-04,Soft
SYN-SC-001104492,Designation 10,S00047418,SYN-ORG-SOFT,Other Sponsor,Payment,1200,2024-10-20,Soft
SYN-SC-001105640,Other,S00048520,SYN-ORG-DAF,DAF Sponsor,Payment,480,2025-02-06,Soft
SYN-SC-001105705,Designation 223,S00048571,SYN-ORG-SOFT,Other Sponsor,Payment,1200,2025-03-06,Soft
SYN-SC-001106085,Designation 1,S00048937,SYN-ORG-SOFT,Other Sponsor,Payment,5,2025-03-04,Soft
SYN-SC-001106246,Designation 1,S00049118,SYN-ORG-SOFT,Other Sponsor,Payment,600,2025-03-30,Soft
SYN-SC-001106697,Other,S00049509,SYN-ORG-SOFT,Other Sponsor,Payment,1446,2025-04-24,Soft
SYN-SC-001107002,Designation 1,S00049843,SYN-ORG-SOFT,Other Sponsor,Payment,398,2025-02-28,Soft
SYN-SC-001107122,Designation 1,S00049954,SYN-ORG-SOFT,Other Sponsor,Payment,130,2025-03-21,Soft
SYN-SC-001107197,Designation 1,S00050023,SYN-ORG-SOFT,Other Sponsor,Payment,5,2025-04-05,Soft
SYN-SC-001107563,Other,S00050356,SYN-ORG-SOFT,Other Sponsor,Payment,250,2025-04-03,Soft
SYN-SC-001107637,Designation 976,S00050418,SYN-ORG-SOFT,Other Sponsor,Payment,250,2024-10-03,Soft
SYN-SC-001108008,Designation 1,S00050813,SYN-ORG-SOFT,Other Sponsor,Payment,5,2024-10-22,Soft
SYN-SC-001109471,Designation 1,S00052138,SYN-ORG-SOFT,Other Sponsor,Payment,575,2025-04-14,Soft
SYN-SC-001109707,Designation 1265,S00052342,SYN-ORG-SOFT,Other Sponsor,Payment,99,2024-10-04,Soft
SYN-SC-001109723,Other,S00052350,SYN-ORG-SOFT,Other Sponsor,Payment,2994,2025-03-08,Soft
SYN-SC-001109986,Designation 31679,S00052609,SYN-ORG-SOFT,Other Sponsor,Payment,5,2025-01-02,Soft
SYN-SC-001110132,Designation 1782,S00052715,SYN-ORG-SOFT,Other Sponsor,Payment,10,2025-01-01,Soft
SYN-SC-001110508,Designation 4835,S00053103,SYN-ORG-SOFT,Other Sponsor,Payment,250,2025-04-25,Soft
SYN-SC-001111119,Other,S00053598,SYN-ORG-SOFT,Other Sponsor,Payment,2971,2025-06-04,Soft
SYN-SC-001111198,Designation 31805,S00053650,SYN-ORG-SOFT,Other Sponsor,Payment,74,2025-02-17,Soft
SYN-SC-001111317,Designation 67,S00053776,SYN-ORG-DAF,DAF Sponsor,Payment,250,2024-09-14,Soft
SYN-SC-001112381,Designation 1,S00054710,SYN-ORG-SOFT,Other Sponsor,Payment,5,2024-08-27,Soft
SYN-SC-001112488,Designation 534,S00054785,SYN-ORG-SOFT,Other Sponsor,Payment,5,2024-12-27,Soft
SYN-SC-001114007,Designation 8,S00056057,SYN-ORG-SOFT,Other Sponsor,Payment,4175,2025-02-17,Soft
SYN-SC-001114361,Designation 3455,S00056458,SYN-ORG-SOFT,Other Sponsor,Payment,190,2024-09-14,Soft
SYN-SC-001114547,Designation 37,S00056692,SYN-ORG-SOFT,Other Sponsor,Payment,429,2025-01-28,Soft
SYN-SC-001114672,Designation 1,S00056737,SYN-ORG-DAF,DAF Sponsor,Payment,10,2025-06-19,Soft
SYN-SC-001116240,Designation 8912,S00058047,SYN-ORG-SOFT,Other Sponsor,Payment,108,2025-03-15,Soft
SYN-SC-001116269,Designation 1,S00058084,SYN-ORG-DAF,DAF Sponsor,Payment,438,2024-08-12,Soft
SYN-SC-001116475,Designation 15010,S00058247,SYN-ORG-SOFT,Other Sponsor,Payment,540,2025-06-01,Soft
SYN-SC-001117284,Designation 1,S00058889,SYN-ORG-DAF,DAF Sponsor,Payment,5,2024-08-17,Soft
SYN-SC-001117717,Designation 29,S00059207,SYN-ORG-SOFT,Other Sponsor,Payment,500,2024-09-16,Soft
SYN-SC-001118127,Other,S00059479,SYN-ORG-SOFT,Other Sponsor,Payment,151,2024-11-01,Soft
SYN-SC-001118265,Designation 1,S00059602,SYN-ORG-DAF,DAF Sponsor,Payment,190,2024-11-13,Soft
SYN-SC-001118610,Designation 43,S00059906,SYN-ORG-SOFT,Other Sponsor,Payment,250,2024-12-08,Soft
SYN-SC-001120809,Designation 6149,S00061718,SYN-ORG-SOFT,Other Sponsor,Payment,540,2024-11-09,Soft
SYN-SC-001121481,Designation 9606,S00062213,SYN-ORG-SOFT,Other Sponsor,Payment,13,2025-01-08,Soft
SYN-SC-001122750,Other,S00063254,SYN-ORG-SOFT,Other Sponsor,Payment,494,2025-04-19,Soft
SYN-SC-001123165,Designation 1,S00063643,SYN-ORG-DAF,DAF Sponsor,Payment,190,2024-08-08,Soft
SYN-SC-001123202,Other,S00063649,SYN-ORG-SOFT,Other Sponsor,Payment,540,2024-11-28,Soft
SYN-SC-001123405,Designation 9,S00063867,SYN-ORG-SOFT,Other Sponsor,Payment,365,2025-06-20,Soft
SYN-SC-001123755,Designation 1,S00064182,SYN-ORG-SOFT,Other Sponsor,Payment,3343,2024-11-07,Soft
SYN-SC-001124090,Designation 1,S00064519,SYN-ORG-SOFT,Other Sponsor,Payment,5,2025-03-23,Soft
SYN-SC-001124192,Designation 6234,S00064636,SYN-ORG-SOFT,Other Sponsor,Payment,128,2025-05-08,Soft
SYN-SC-001124776,Designation 1,S00065049,SYN-ORG-DAF,DAF Sponsor,Payment,3,2024-08-16,Soft
SYN-SC-001125100,Designation 1,S00065290,SYN-ORG-DAF,DAF Sponsor,Payment,100,2024-12-02,Soft
SYN-SC-001125354,Designation 15671,S00065508,SYN-ORG-SOFT,Other Sponsor,Payment,4,2025-02-02,Soft
SYN-SC-001126101,Designation 13178,S00066099,SYN-ORG-DAF,DAF Sponsor,Payment,94,2024-09-25,Soft
SYN-SC-001126297,Other,S00066272,SYN-ORG-SOFT,Other Sponsor,Payment,250,2025-04-22,Soft
SYN-SC-001126671,Designation 11,S00066641,SYN-ORG-SOFT,Other Sponsor,Payment,917,2025-03-14,Soft
SYN-SC-001126766,Other,S00066719,SYN-ORG-SOFT,Other Sponsor,Payment,891,2025-01-02,Soft
SYN-SC-001127157,Designation 20391,S00067011,SYN-ORG-SOFT,Other Sponsor,Payment,3,2025-05-17,Soft
SYN-SC-001127413,Designation 3738,S00067225,SYN-ORG-SOFT,Other Sponsor,Payment,225,2025-01-30,Soft
SYN-SC-001127442,Designation 1,S00067265,SYN-ORG-DAF,DAF Sponsor,Payment,1200,2024-12-05,Soft
SYN-SC-001127551,Designation 1,S00067334,SYN-ORG-SOFT,Other Sponsor,Payment,100,2024-12-19,Soft
SYN-SC-001128089,Designation 1,S00067690,SYN-ORG-DAF,DAF Sponsor,Payment,1140,2025-05-30,Soft
SYN-SC-001128356,Designation 1,S00067925,SYN-ORG-DAF,DAF Sponsor,Payment,250,2024-07-14,Soft
SYN-SC-001128554,Designation 20630,S00068094,SYN-ORG-SOFT,Other Sponsor,Payment,24,2025-01-12,Soft
SYN-SC-001129084,Designation 24697,S00068587,SYN-ORG-SOFT,Other Sponsor,Payment,5,2024-12-10,Soft
SYN-SC-001129197,Designation 14148,S00068706,SYN-ORG-SOFT,Other Sponsor,Payment,164,2025-03-10,Soft
SYN-SC-001129287,Designation 1,S00068756,SYN-ORG-SOFT,Other Sponsor,Payment,123,2024-08-12,Soft
SYN-SC-001129764,Designation 1,S00069166,SYN-ORG-SOFT,Other Sponsor,Payment,944,2025-03-01,Soft
SYN-SC-001130192,Designation 18181,S00069474,SYN-ORG-SOFT,Other Sponsor,Payment,5,2024-09-02,Soft
SYN-SC-001130217,Other,S00069484,SYN-ORG-SOFT,Other Sponsor,Payment,468,2025-01-01,Soft
SYN-SC-001130321,Designation 512,S00069526,SYN-ORG-SOFT,Other Sponsor,Payment,130,2024-11-02,Soft
SYN-SC-001130479,Designation 32799,S00069747,SYN-ORG-SOFT,Other Sponsor,Payment,250,2024-09-05,Soft
SYN-SC-001130654,Designation 1,S00069944,SYN-ORG-SOFT,Other Sponsor,Payment,150,2024-08-11,Soft
SYN-SC-001131577,Designation 1,S00070644,SYN-ORG-SOFT,Other Sponsor,Payment,233,2024-11-22,Soft
SYN-SC-001131873,Other,S00070837,SYN-ORG-SOFT,Other Sponsor,Payment,250,2024-09-12,Soft
SYN-SC-001131934,Designation 1,S00070892,SYN-ORG-SOFT,Other Sponsor,Payment,188,2024-07-02,Soft
SYN-SC-001132154,Designation 1,S00071030,SYN-ORG-SOFT,Other Sponsor,Payment,5,2025-05-27,Soft
SYN-SC-001132457,Other,S00071234,SYN-ORG-DAF,DAF Sponsor,Payment,600,2024-07-18,Soft
SYN-SC-001133032,Designation 1,S00071845,SYN-ORG-SOFT,Other Sponsor,Payment,138,2024-11-14,Soft
SYN-SC-001133172,Designation 3227,S00071969,SYN-ORG-SOFT,Other Sponsor,Payment,6,2024-11-30,Soft
SYN-SC-001133564,Designation 1,S00072267,SYN-ORG-SOFT,Other Sponsor,Payment,500,2025-03-21,Soft
SYN-SC-001133692,Designation 1,S00072394,SYN-ORG-SOFT,Other Sponsor,Payment,130,2025-02-15,Soft
SYN-SC-001134172,Other,S00072833,SYN-ORG-SOFT,Other Sponsor,Payment,9820,2024-07-10,Soft
SYN-SC-001135555,Designation 15,S00073911,SYN-ORG-DAF,DAF Sponsor,Payment,600,2024-11-19,Soft
SYN-SC-001136014,Other,S00074294,SYN-ORG-SOFT,Other Sponsor,Payment,540,2024-12-02,Soft
SYN-SC-001136058,Designation 2924,S00074327,SYN-ORG-SOFT,Other Sponsor,Payment,7,2025-04-10,Soft
SYN-SC-001136197,Other,S00074518,SYN-ORG-SOFT,Other Sponsor,Payment,600,2025-04-06,Soft
SYN-SC-001136551,Designation 11582,S00074778,SYN-ORG-SOFT,Other Sponsor,Payment,1200,2024-11-18,Soft
SYN-SC-001136954,Designation 2689,S00075030,SYN-ORG-SOFT,Other Sponsor,Payment,8,2024-08-23,Soft
SYN-SC-001137099,Designation 1,S00075100,SYN-ORG-SOFT,Other Sponsor,Payment,70,2025-01-22,Soft
SYN-SC-001137229,Designation 12647,S00075215,SYN-ORG-DAF,DAF Sponsor,Payment,105,2025-06-04,Soft
SYN-SC-001137394,Other,S00075369,SYN-ORG-SOFT,Other Sponsor,Payment,500,2025-06-02,Soft
SYN-SC-001137441,Designation 1,S00075387,SYN-ORG-DAF,DAF Sponsor,Payment,100,2025-04-01,Soft
SYN-SC-001137632,Designation 20,S00075547,SYN-ORG-SOFT,Other Sponsor,Payment,428,2025-01-03,Soft
SYN-SC-001137948,Designation 1,S00075829,SYN-ORG-DAF,DAF Sponsor,Payment,250,2025-04-15,Soft
SYN-SC-001138371,Designation 10815,S00076192,SYN-ORG-SOFT,Other Sponsor,Payment,106,2024-11-12,Soft
SYN-SC-001138461,Other,S00076256,SYN-ORG-DAF,DAF Sponsor,Payment,279,2024-07-15,Soft
SYN-SC-001138816,Designation 18138,S00076538,SYN-ORG-SOFT,Other Sponsor,Payment,74,2024-09-24,Soft
SYN-SC-001138906,Other,S00076616,SYN-ORG-DAF,DAF Sponsor,Payment,1872,2025-06-02,Soft
SYN-SC-001138920,Designation 25844,S00076641,SYN-ORG-DAF,DAF Sponsor,Payment,1200,2024-08-19,Soft
SYN-SC-001139015,Other,S00076756,SYN-ORG-SOFT,Other Sponsor,Payment,600,2024-07-08,Soft
SYN-SC-001139200,Designation 1,S00076931,SYN-ORG-SOFT,Other Sponsor,Payment,2,2025-01-12,Soft
SYN-SC-001139327,Designation 7550,S00077008,SYN-ORG-DAF,DAF Sponsor,Payment,12,2024-09-08,Soft
SYN-SC-001139518,Designation 29081,S00077182,SYN-ORG-SOFT,Other Sponsor,Payment,7,2025-03-11,Soft
SYN-SC-001139580,Designation 15858,S00077230,SYN-ORG-SOFT,Other Sponsor,Payment,540,2024-08-02,Soft
SYN-SC-001140029,Designation 10,S00077607,SYN-ORG-SOFT,Other Sponsor,Payment,1100,2024-10-05,Soft
SYN-SC-001140753,Designation 1,S00078117,SYN-ORG-DAF,DAF Sponsor,Payment,250,2025-06-22,Soft
SYN-SC-001140828,Designation 3,S00078177,SYN-ORG-SOFT,Other Sponsor,Payment,1140,2025-05-15,Soft
SYN-SC-001141344,Designation 15888,S00078575,SYN-ORG-SOFT,Other Sponsor,Payment,27,2024-10-20,Soft
SYN-SC-001141402,Designation 31056,S00078605,SYN-ORG-SOFT,Other Sponsor,Payment,190,2024-12-07,Soft
SYN-SC-001142018,Designation 1,S00079105,SYN-ORG-SOFT,Other Sponsor,Payment,99,2024-09-11,Soft
SYN-SC-001142404,Other,S00079394,SYN-ORG-SOFT,Other Sponsor,Payment,8,2025-06-05,Soft
SYN-SC-001142770,Designation 1,S00079686,SYN-ORG-SOFT,Other Sponsor,Payment,540,2025-01-30,Soft
SYN-SC-001142871,Other,S00079795,SYN-ORG-DAF,DAF Sponsor,Payment,362,2025-03-05,Soft
SYN-SC-001142941,Designation 1,S00079867,SYN-ORG-SOFT,Other Sponsor,Payment,1271,2025-03-19,Soft
SYN-SC-001143036,Designation 13693,S00079949,SYN-ORG-SOFT,Other Sponsor,Payment,480,2025-04-15,Soft
SYN-SC-001143277,Designation 5445,S00080103,SYN-ORG-SOFT,Other Sponsor,Payment,45,2025-01-16,Soft
SYN-SC-001143494,Other,S00080261,SYN-ORG-SOFT,Other Sponsor,Payment,13,2025-02-18,Soft
SYN-SC-001143903,Other,S00080551,SYN-ORG-SOFT,Other Sponsor,Payment,5,2024-08-14,Soft
SYN-SC-001144209,Other,S00080840,SYN-ORG-SOFT,Other Sponsor,Payment,1200,2024-07-31,Soft
SYN-SC-001144333,Designation 1,S00080940,SYN-ORG-SOFT,Other Sponsor,Payment,67,2025-05-20,Soft
SYN-SC-001144401,Designation 1,S00081002,SYN-ORG-SOFT,Other Sponsor,Payment,2871,2025-02-05,Soft
SYN-SC-001144404,Designation 1,S00081033,SYN-ORG-SOFT,Other Sponsor,Payment,250,2025-01-12,Soft
SYN-SC-001145654,Other,S00081959,SYN-ORG-SOFT,Other Sponsor,Payment,190,2024-12-24,Soft
SYN-SC-001146079,Other,S00082279,SYN-ORG-SOFT,Other Sponsor,Payment,11,2024-09-16,Soft
SYN-SC-001147086,Designation 17464,S00083033,SYN-ORG-SOFT,Other Sponsor,Payment,4,2024-11-20,Soft
SYN-SC-001147640,Designation 1,S00083387,SYN-ORG-SOFT,Other Sponsor,Payment,120,2024-10-27,Soft
SYN-SC-001149567,Designation 1,S00084846,SYN-ORG-SOFT,Other Sponsor,Payment,70,2024-12-30,Soft
SYN-SC-001149653,Designation 12,S00084943,SYN-ORG-SOFT,Other Sponsor,Payment,1128,2025-01-05,Soft
SYN-SC-001149856,Other,S00085121,SYN-ORG-SOFT,Other Sponsor,Payment,565,2024-11-05,Soft
SYN-SC-001149971,Other,S00085201,SYN-ORG-SOFT,Other Sponsor,Payment,438,2024-12-12,Soft
SYN-SC-001150268,Designation 4502,S00085523,SYN-ORG-SOFT,Other Sponsor,Payment,43,2024-10-27,Soft
SYN-SC-001150281,Designation 1,S00085524,SYN-ORG-SOFT,Other Sponsor,Payment,130,2025-02-02,Soft
SYN-SC-001150322,Designation 1,S00085587,SYN-ORG-SOFT,Other Sponsor,Payment,10,2025-02-09,Soft
SYN-SC-001150493,Other,S00085721,SYN-ORG-SOFT,Other Sponsor,Payment,190,2025-05-09,Soft
SYN-SC-001150657,Designation 5224,S00085885,SYN-ORG-SOFT,Other Sponsor,Payment,250,2024-11-20,Soft
SYN-SC-001150914,Designation 1,S00086070,SYN-ORG-DAF,DAF Sponsor,Payment,444,2024-10-06,Soft
SYN-SC-001151561,Designation 6124,S00086619,SYN-ORG-SOFT,Other Sponsor,Payment,250,2024-07-09,Soft
SYN-SC-001151654,Designation 11,S00086700,SYN-ORG-SOFT,Other Sponsor,Payment,980,2025-05-05,Soft
SYN-SC-001151879,Designation 1,S00086903,SYN-ORG-DAF,DAF Sponsor,Payment,2000,2024-09-17,Soft
SYN-SC-001152509,Other,S00087399,SYN-ORG-SOFT,Other Sponsor,Payment,190,2025-01-19,Soft
SYN-SC-001152636,Designation 1,S00087584,SYN-ORG-SOFT,Other Sponsor,Payment,188,2024-12-08,Soft
SYN-SC-001152802,Designation 1,S00087761,SYN-ORG-SOFT,Other Sponsor,Payment,298,2024-12-04,Soft
SYN-SC-001153463,Other,S00088302,SYN-ORG-SOFT,Other Sponsor,Payment,8,2024-12-01,Soft
SYN-SC-001153881,Designation 5409,S00088559,SYN-ORG-SOFT,Other Sponsor,Payment,480,2024-09-09,Soft
SYN-SC-001153897,Designation 260,S00088600,SYN-ORG-SOFT,Other Sponsor,Payment,200,2024-07-21,Soft
SYN-SC-001153975,Other,S00088664,SYN-ORG-SOFT,Other Sponsor,Payment,1200,2025-03-31,Soft
SYN-SC-001154366,Designation 2767,S00088933,SYN-ORG-DAF,DAF Sponsor,Payment,14,2025-01-22,Soft
SYN-SC-001154456,Other,S00089004,SYN-ORG-SOFT,Other Sponsor,Payment,49,2024-10-10,Soft
SYN-SC-001155599,Other,S00089865,SYN-ORG-SOFT,Other Sponsor,Payment,600,2025-03-02,Soft
SYN-SC-001156190,Designation 22409,S00090540,SYN-ORG-SOFT,Other Sponsor,Payment,250,2024-12-19,Soft
SYN-SC-001156749,Designation 1,S00091059,SYN-ORG-DAF,DAF Sponsor,Payment,220,2024-07-02,Soft
SYN-SC-001157144,Other,S00091386,SYN-ORG-SOFT,Other Sponsor,Payment,142,2024-08-07,Soft
SYN-SC-001157429,Designation 1,S00091673,SYN-ORG-SOFT,Other Sponsor,Payment,118,2024-10-12,Soft
SYN-SC-001158111,Designation 13338,S00092197,SYN-ORG-SOFT,Other Sponsor,Payment,5,2025-05-12,Soft
SYN-SC-001158770,Other,S00092715,SYN-ORG-SOFT,Other Sponsor,Payment,480,2024-07-02,Soft
SYN-SC-001159445,Other,S00093397,SYN-ORG-DAF,DAF Sponsor,Payment,1080,2025-06-04,Soft
SYN-SC-001159593,Designation 1,S00093516,SYN-ORG-SOFT,Other Sponsor,Payment,279,2025-04-03,Soft
SYN-SC-001160423,Designation 1,S00094147,SYN-ORG-SOFT,Other Sponsor,Payment,250,2025-03-02,Soft
SYN-SC-001160745,Designation 1,S00094389,SYN-ORG-SOFT,Other Sponsor,Payment,1200,2024-09-08,Soft
SYN-SC-001162177,Designation 1213,S00095632,SYN-ORG-SOFT,Other Sponsor,Payment,5,2024-08-14,Soft
SYN-SC-001162767,Designation 1,S00096123,SYN-ORG-DAF,DAF Sponsor,Payment,115,2025-05-20,Soft
SYN-SC-001162795,Designation 1,S00096137,SYN-ORG-DAF,DAF Sponsor,Payment,9,2024-11-20,Soft
SYN-SC-001162873,Designation 1,S00096190,SYN-ORG-SOFT,Other Sponsor,Payment,7,2025-02-03,Soft
SYN-SC-001164131,Designation 1,S00097277,SYN-ORG-SOFT,Other Sponsor,Payment,13,2024-10-15,Soft
SYN-SC-001164247,Designation 50,S00097357,SYN-ORG-SOFT,Other Sponsor,Payment,501,2025-02-18,Soft
SYN-SC-001164280,Designation 3470,S00097380,SYN-ORG-DAF,DAF Sponsor,Payment,130,2024-11-01,Soft
SYN-SC-001164639,Other,S00097775,SYN-ORG-SOFT,Other Sponsor,Payment,39112,2024-12-07,Soft
SYN-SC-001166337,Designation 1,S00099120,SYN-ORG-SOFT,Other Sponsor,Payment,10,2024-09-14,Soft
SYN-SC-001166566,Other,S00099334,SYN-ORG-SOFT,Other Sponsor,Payment,250,2025-06-20,Soft
SYN-SC-001166841,Designation 31114,S00099613,SYN-ORG-SOFT,Other Sponsor,Payment,14,2025-04-08,Soft
SYN-SC-001167040,Designation 4,S00099727,SYN-ORG-DAF,DAF Sponsor,Payment,2661,2025-02-28,Soft
SYN-SC-001167189,Other,S00099955,SYN-ORG-DAF,DAF Sponsor,Payment,405,2024-09-08,Soft
SYN-SC-001168103,Designation 1,S00100686,SYN-ORG-SOFT,Other Sponsor,Payment,13,2025-01-23,Soft
SYN-SC-001168421,Other,S00100879,SYN-ORG-DAF,DAF Sponsor,Payment,540,2024-11-04,Soft
SYN-SC-001168911,Designation 1,S00101296,SYN-ORG-SOFT,Other Sponsor,Payment,6,2025-01-19,Soft
SYN-SC-001169069,Designation 26812,S00101451,SYN-ORG-DAF,DAF Sponsor,Payment,7,2024-12-25,Soft
SYN-SC-001169832,Designation 1,S00101856,SYN-ORG-DAF,DAF Sponsor,Payment,248,2025-05-17,Soft
SYN-SC-001169968,Designation 1,S00101915,SYN-ORG-SOFT,Other Sponsor,Payment,12,2025-04-20,Soft
SYN-SC-001170157,Designation 3060,S00101995,SYN-ORG-DAF,DAF Sponsor,Payment,190,2025-04-17,Soft
SYN-SC-001171413,Designation 20804,S00102447,SYN-ORG-SOFT,Other Sponsor,Payment,148,2024-07-29,Soft
SYN-SC-001171580,Designation 16103,S00102518,SYN-ORG-DAF,DAF Sponsor,Payment,10,2024-11-12,Soft
SYN-SC-001171673,Designation 13368,S00102547,SYN-ORG-SOFT,Other Sponsor,Payment,5,2024-11-30,Soft
SYN-SC-001171910,Designation 10525,S00102637,SYN-ORG-SOFT,Other Sponsor,Payment,407,2025-06-25,Soft
SYN-SC-001171975,Other,S00102667,SYN-ORG-SOFT,Other Sponsor,Payment,13,2025-06-27,Soft
SYN-SC-001172647,Designation 1,S00102891,SYN-ORG-DAF,DAF Sponsor,Payment,25,2025-03-14,Soft
SYN-SC-001173565,Designation 1460,S00103170,SYN-ORG-DAF,DAF Sponsor,Payment,5,2025-05-13,Soft
SYN-SC-001173621,Other,S00103189,SYN-ORG-DAF,DAF Sponsor,Payment,178,2024-11-03,Soft
SYN-SC-001173686,Designation 1,S00103214,SYN-ORG-SOFT,Other Sponsor,Payment,200,2024-09-01,Soft
SYN-SC-001174671,Designation 14811,S00103537,SYN-ORG-SOFT,Other Sponsor,Payment,7,2025-01-03,Soft
SYN-SC-001175123,Designation 21991,S00103679,SYN-ORG-SOFT,Other Sponsor,Payment,5,2024-07-17,Soft
SYN-SC-001176207,Designation 1,S00104067,SYN-ORG-DAF,DAF Sponsor,Payment,1200,2025-06-05,Soft
SYN-SC-001177009,Designation 12710,S00104336,SYN-ORG-SOFT,Other Sponsor,Payment,483,2024-07-10,Soft
SYN-SC-001177245,Other,S00104394,SYN-ORG-DAF,DAF Sponsor,Payment,325,2025-01-11,Soft
SYN-SC-001177519,Other,S00104473,SYN-ORG-SOFT,Other Sponsor,Payment,1787,2025-01-15,Soft
SYN-SC-001178009,Designation 25065,S00104606,SYN-ORG-SOFT,Other Sponsor,Payment,500,2024-12-20,Soft
SYN-SC-001178914,Designation 209,S00104927,SYN-ORG-SOFT,Other Sponsor,Payment,5,2025-05-01,Soft
SYN-SC-001178915,Designation 1,S00104934,SYN-ORG-SOFT,Other Sponsor,Payment,7,2024-12-08,Soft
SYN-SC-001179838,Other,S00105292,SYN-ORG-SOFT,Other Sponsor,Payment,348,2024-07-30,Soft
SYN-SC-001180147,Designation 1,S00105371,SYN-ORG-SOFT,Other Sponsor,Payment,10,2024-11-02,Soft
SYN-SC-001180431,Designation 1,S00105445,SYN-ORG-DAF,DAF Sponsor,Payment,130,2024-12-15,Soft
SYN-SC-001180800,Designation 1,S00105593,SYN-ORG-DAF,DAF Sponsor,Payment,238,2025-06-02,Soft
SYN-SC-001180967,Other,S00105659,SYN-ORG-DAF,DAF Sponsor,Payment,210,2025-04-09,Soft
SYN-SC-001181746,Designation 39,S00105937,SYN-ORG-SOFT,Other Sponsor,Payment,410,2025-03-19,Soft
SYN-SC-001182089,Designation 1,S00106056,SYN-ORG-SOFT,Other Sponsor,Payment,250,2024-12-11,Soft
SYN-SC-001182141,Designation 1,S00106091,SYN-ORG-SOFT,Other Sponsor,Payment,10,2025-04-11,Soft
SYN-SC-001182842,Designation 23684,S00106376,SYN-ORG-SOFT,Other Sponsor,Payment,5,2025-01-16,Soft
SYN-SC-001182997,Designation 1,S00106423,SYN-ORG-DAF,DAF Sponsor,Payment,5,2025-05-07,Soft
SYN-SC-001183036,Other,S00106442,SYN-ORG-SOFT,Other Sponsor,Payment,154,2025-06-24,Soft
SYN-SC-001183982,Designation 10074,S00106800,SYN-ORG-SOFT,Other Sponsor,Payment,6,2024-07-04,Soft
SYN-SC-001184097,Designation 4172,S00106842,SYN-ORG-DAF,DAF Sponsor,Payment,5,2024-09-09,Soft
SYN-SC-001184313,Designation 67,S00106907,SYN-ORG-SOFT,Other Sponsor,Payment,190,2024-11-07,Soft
SYN-SC-001184513,Designation 144,S00106962,SYN-ORG-SOFT,Other Sponsor,Payment,528,2024-09-26,Soft
SYN-SC-001185719,Designation 1,S00107334,SYN-ORG-SOFT,Other Sponsor,Payment,440,2025-02-20,Soft
SYN-SC-001186519,Designation 8644,S00107617,SYN-ORG-SOFT,Other Sponsor,Payment,5,2024-09-08,Soft
SYN-SC-001186648,Other,S00107667,SYN-ORG-SOFT,Other Sponsor,Payment,90,2024-08-04,Soft
SYN-SC-001187779,Other,S00108075,SYN-ORG-SOFT,Other Sponsor,Payment,98,2024-12-24,Soft
SYN-SC-001188410,Other,S00108287,SYN-ORG-SOFT,Other Sponsor,Payment,82,2024-10-30,Soft
SYN-SC-001188568,Designation 10008,S00108338,SYN-ORG-SOFT,Other Sponsor,Payment,5,2025-01-15,Soft
SYN-SC-001188608,Designation 11,S00108354,SYN-ORG-SOFT,Other Sponsor,Payment,1080,2024-07-02,Soft
SYN-SC-001189182,Designation 1,S00108571,SYN-ORG-SOFT,Other Sponsor,Payment,94,2024-10-06,Soft
SYN-SC-001189586,Designation 3368,S00108662,SYN-ORG-SOFT,Other Sponsor,Payment,20,2024-11-12,Soft
SYN-SC-001190492,Designation 4660,S00108857,SYN-ORG-SOFT,Other Sponsor,Payment,4,2025-06-19,Soft
SYN-SC-001190863,Designation 5586,S00108981,SYN-ORG-SOFT,Other Sponsor,Payment,130,2024-09-21,Soft
SYN-SC-001191361,Designation 3984,S00109099,SYN-ORG-SOFT,Other Sponsor,Payment,46,2024-10-07,Soft
SYN-SC-001192379,Designation 155,S00109350,SYN-ORG-SOFT,Other Sponsor,Payment,10,2025-06-09,Soft
SYN-SC-001193349,Designation 17602,S00109606,SYN-ORG-SOFT,Other Sponsor,Payment,5,2025-02-20,Soft
SYN-SC-001193967,Designation 8338,S00109790,SYN-ORG-SOFT,Other Sponsor,Payment,22,2024-08-03,Soft
SYN-SC-001194324,Designation 24313,S00109897,SYN-ORG-DAF,DAF Sponsor,Payment,8,2024-09-01,Soft
SYN-SC-001195251,Designation 1,S00110187,SYN-ORG-SOFT,Other Sponsor,Payment,250,2024-07-02,Soft
SYN-SC-001195813,Other,S00110326,SYN-ORG-SOFT,Other Sponsor,Payment,5,2024-10-20,Soft
SYN-SC-001196203,Designation 10690,S00110416,SYN-ORG-SOFT,Other Sponsor,Payment,14,2024-08-03,Soft
SYN-SC-001197502,Other,S00110766,SYN-ORG-SOFT,Other Sponsor,Payment,100,2025-04-23,Soft
SYN-SC-001197531,Designation 1,S00110775,SYN-ORG-SOFT,Other Sponsor,Payment,4,2025-02-19,Soft
SYN-SC-001198217,Other,S00110942,SYN-ORG-SOFT,Other Sponsor,Payment,6,2025-04-23,Soft
SYN-SC-001199305,Designation 1,S00111217,SYN-ORG-DAF,DAF Sponsor,Payment,17,2024-10-12,Soft
SYN-SC-001199908,Designation 77,S00111398,SYN-ORG-SOFT,Other Sponsor,Payment,190,2025-02-27,Soft
SYN-SC-001200192,Other,S00111483,SYN-ORG-SOFT,Other Sponsor,Payment,70,2025-04-12,Soft
SYN-SC-001200680,Other,S00111591,SYN-ORG-SOFT,Other Sponsor,Payment,190,2024-10-15,Soft
SYN-SC-001201641,Designation 6938,S00111849,SYN-ORG-SOFT,Other Sponsor,Payment,14,2024-12-02,Soft
SYN-SC-001202188,Designation 54,S00112000,SYN-ORG-SOFT,Other Sponsor,Payment,1140,2024-09-10,Soft
SYN-SC-001202805,Designation 2246,S00112154,SYN-ORG-DAF,DAF Sponsor,Payment,130,2024-09-29,Soft
SYN-SC-001203064,Designation 34931,S00112219,SYN-ORG-SOFT,Other Sponsor,Payment,504,2025-06-18,Soft
SYN-SC-001204248,Designation 36,S00112552,SYN-ORG-SOFT,Other Sponsor,Payment,25,2024-11-14,Soft
SYN-SC-001205091,Designation 1,S00112768,SYN-ORG-SOFT,Other Sponsor,Payment,9,2025-06-08,Soft
SYN-SC-001205538,Designation 4415,S00112910,SYN-ORG-DAF,DAF Sponsor,Payment,250,2024-12-01,Soft
SYN-SC-001206225,Designation 1,S00113073,SYN-ORG-SOFT,Other Sponsor,Payment,540,2025-01-30,Soft
SYN-SC-001208152,Designation 1,S00113608,SYN-ORG-DAF,DAF Sponsor,Payment,60,2024-11-08,Soft
SYN-SC-001208335,Designation 1,S00113641,SYN-ORG-SOFT,Other Sponsor,Payment,190,2024-12-20,Soft
SYN-SC-001209204,Designation 24950,S00113861,SYN-ORG-DAF,DAF Sponsor,Payment,600,2024-10-11,Soft
SYN-SC-001209255,Designation 390,S00113875,SYN-ORG-SOFT,Other Sponsor,Payment,8,2024-12-27,Soft
SYN-SC-001210279,Designation 1,S00114159,SYN-ORG-SOFT,Other Sponsor,Payment,190,2024-07-08,Soft
SYN-SC-001210723,Other,S00114280,SYN-ORG-SOFT,Other Sponsor,Payment,130,2024-07-19,Soft
SYN-SC-001211146,Designation 1,S00114392,SYN-ORG-DAF,DAF Sponsor,Payment,257,2025-01-08,Soft
SYN-SC-001211709,Designation 1,S00114555,SYN-ORG-SOFT,Other Sponsor,Payment,30,2025-01-25,Soft
SYN-SC-001212750,Designation 8584,S00114882,SYN-ORG-SOFT,Other Sponsor,Payment,410,2024-08-16,Soft
SYN-SC-001213433,Designation 1,S00115067,SYN-ORG-DAF,DAF Sponsor,Payment,1614,2025-01-23,Soft
SYN-SC-001214693,Designation 2548,S00115406,SYN-ORG-SOFT,Other Sponsor,Payment,430,2024-09-03,Soft
SYN-SC-001214833,Designation 4219,S00115458,SYN-ORG-SOFT,Other Sponsor,Payment,70,2025-05-27,Soft
SYN-SC-001214891,Designation 1,S00115471,SYN-ORG-SOFT,Other Sponsor,Payment,600,2025-04-17,Soft
SYN-SC-001215854,Designation 31500,S00115709,SYN-ORG-SOFT,Other Sponsor,Payment,303,2024-11-30,Soft
SYN-SC-001216354,Designation 7069,S00115864,SYN-ORG-SOFT,Other Sponsor,Payment,190,2024-07-31,Soft
SYN-SC-001217043,Designation 10006,S00116046,SYN-ORG-SOFT,Other Sponsor,Payment,130,2025-05-15,Soft
SYN-SC-001217352,Designation 13,S00116130,SYN-ORG-SOFT,Other Sponsor,Payment,488,2025-02-18,Soft
SYN-SC-001217598,Designation 14176,S00116193,SYN-ORG-SOFT,Other Sponsor,Payment,5,2025-01-13,Soft
SYN-SC-001217710,Designation 3532,S00116212,SYN-ORG-SOFT,Other Sponsor,Payment,5,2025-04-27,Soft
SYN-SC-001217872,Designation 1,S00116252,SYN-ORG-SOFT,Other Sponsor,Payment,5,2025-02-18,Soft
SYN-SC-001218916,Designation 827,S00116462,SYN-ORG-SOFT,Other Sponsor,Payment,298,2025-02-10,Soft
SYN-SC-001219027,Designation 1,S00116481,SYN-ORG-SOFT,Other Sponsor,Payment,50,2024-11-10,Soft
SYN-SC-001219041,Designation 1,S00116482,SYN-ORG-SOFT,Other Sponsor,Payment,190,2024-10-18,Soft
SYN-SC-001221148,Designation 1,S00116907,SYN-ORG-SOFT,Other Sponsor,Payment,5,2024-10-27,Soft
SYN-SC-001221404,Designation 7919,S00116955,SYN-ORG-SOFT,Other Sponsor,Payment,1140,2024-07-17,Soft
SYN-SC-001221688,Designation 7431,S00117006,SYN-ORG-SOFT,Other Sponsor,Payment,10,2024-10-01,Soft
SYN-SC-001223422,Other,S00117419,SYN-ORG-SOFT,Other Sponsor,Payment,250,2024-11-16,Soft
SYN-SC-001224275,Designation 1,S00117610,SYN-ORG-SOFT,Other Sponsor,Payment,190,2024-09-05,Soft
SYN-SC-001226127,Designation 8247,S00117946,SYN-ORG-SOFT,Other Sponsor,Payment,5,2024-07-02,Soft
SYN-SC-001226587,Designation 27536,S00118048,SYN-ORG-SOFT,Other Sponsor,Payment,178,2025-01-18,Soft
SYN-SC-001227156,Designation 1,S00118159,SYN-ORG-SOFT,Other Sponsor,Payment,800,2025-04-01,Soft
SYN-SC-001227382,Other,S00118204,SYN-ORG-SOFT,Other Sponsor,Payment,8,2025-05-09,Soft
SYN-SC-001228051,Designation 32111,S00118323,SYN-ORG-DAF,DAF Sponsor,Payment,5,2025-06-13,Soft
SYN-SC-001228831,Designation 2069,S00118486,SYN-ORG-DAF,DAF Sponsor,Payment,95,2025-01-12,Soft
SYN-SC-001230089,Designation 1636,S00118720,SYN-ORG-SOFT,Other Sponsor,Payment,5,2024-10-06,Soft
SYN-SC-001230421,Other,S00118787,SYN-ORG-SOFT,Other Sponsor,Payment,178,2025-05-13,Soft
SYN-SC-001230751,Designation 1,S00118864,SYN-ORG-SOFT,Other Sponsor,Payment,226,2025-06-06,Soft
SYN-SC-001233390,Designation 1965,S00119367,SYN-ORG-DAF,DAF Sponsor,Payment,500,2024-07-08,Soft
SYN-SC-001234372,Designation 6230,S00119550,SYN-ORG-SOFT,Other Sponsor,Payment,5,2024-08-05,Soft
SYN-SC-001236945,Designation 22175,S00120088,SYN-ORG-SOFT,Other Sponsor,Payment,5,2024-07-04,Soft
SYN-SC-001236993,Designation 26407,S00120095,SYN-ORG-SOFT,Other Sponsor,Payment,10,2025-01-05,Soft
SYN-SC-001237075,Designation 1,S00120119,SYN-ORG-SOFT,Other Sponsor,Payment,250,2024-11-19,Soft
SYN-SC-001238262,Designation 1,S00120352,SYN-ORG-SOFT,Other Sponsor,Payment,3,2025-01-11,Soft
SYN-SC-001238687,Designation 17,S00120430,SYN-ORG-SOFT,Other Sponsor,Payment,341,2025-03-20,Soft
SYN-SC-001239139,Designation 1,S00120521,SYN-ORG-SOFT,Other Sponsor,Payment,10,2025-04-01,Soft
SYN-SC-001240221,Other,S00120754,SYN-ORG-SOFT,Other Sponsor,Payment,10,2025-01-01,Soft
SYN-SC-001243191,Designation 1,S00121384,SYN-ORG-SOFT,Other Sponsor,Payment,190,2025-03-07,Soft
SYN-SC-001243780,Designation 1,S00121483,SYN-ORG-SOFT,Other Sponsor,Payment,8,2025-01-25,Soft
SYN-SC-001243897,Designation 1,S00121502,SYN-ORG-SOFT,Other Sponsor,Payment,15,2025-03-27,Soft
SYN-SC-001244363,Designation 15120,S00121584,SYN-ORG-SOFT,Other Sponsor,Payment,63,2024-11-01,Soft
SYN-SC-001244821,Other,S00121656,SYN-ORG-SOFT,Other Sponsor,Payment,449,2025-03-03,Soft
SYN-SC-001245212,Designation 1,S00121718,SYN-ORG-SOFT,Other Sponsor,Payment,65,2024-09-18,Soft
SYN-SC-001245485,Designation 25342,S00121767,SYN-ORG-SOFT,Other Sponsor,Payment,540,2024-09-20,Soft
SYN-SC-001245573,Designation 10609,S00121783,SYN-ORG-SOFT,Other Sponsor,Payment,190,2025-03-13,Soft
SYN-SC-001246431,Designation 1,S00121916,SYN-ORG-SOFT,Other Sponsor,Payment,3,2024-08-01,Soft
SYN-SC-001246924,Designation 671,S00122007,SYN-ORG-SOFT,Other Sponsor,Payment,190,2024-12-19,Soft
SYN-SC-001247138,Designation 33037,S00122042,SYN-ORG-SOFT,Other Sponsor,Payment,200,2025-01-11,Soft
SYN-SC-001247263,Designation 1,S00122060,SYN-ORG-SOFT,Other Sponsor,Payment,10,2025-06-11,Soft
SYN-SC-001247335,Designation 1,S00122074,SYN-ORG-SOFT,Other Sponsor,Payment,15,2025-05-09,Soft
SYN-SC-001248099,Designation 1,S00122217,SYN-ORG-SOFT,Other Sponsor,Payment,5,2024-07-09,Soft
SYN-SC-001248426,Designation 60,S00122283,SYN-ORG-SOFT,Other Sponsor,Payment,100,2025-06-30,Soft
SYN-SC-001248491,Designation 13,S00122291,SYN-ORG-SOFT,Other Sponsor,Payment,298,2025-06-02,Soft
SYN-SC-001248707,Designation 5715,S00122335,SYN-ORG-SOFT,Other Sponsor,Payment,7,2024-07-20,Soft
SYN-SC-001248754,Designation 1,S00122345,SYN-ORG-SOFT,Other Sponsor,Payment,5,2024-08-18,Soft
SYN-SC-001249783,Other,S00122521,SYN-ORG-DAF,DAF Sponsor,Payment,4,2024-10-08,Soft
SYN-SC-001250738,Designation 1,S00122718,SYN-ORG-SOFT,Other Sponsor,Payment,500,2025-03-15,Soft
SYN-SC-001251542,Designation 12738,S00122855,SYN-ORG-SOFT,Other Sponsor,Payment,5,2024-08-18,Soft
SYN-SC-001252019,Designation 12138,S00122945,SYN-ORG-SOFT,Other Sponsor,Payment,16,2025-06-11,Soft
SYN-SC-001252654,Designation 10544,S00123068,SYN-ORG-SOFT,Other Sponsor,Payment,5,2024-08-18,Soft
SYN-SC-001253554,Designation 13267,S00123196,SYN-ORG-SOFT,Other Sponsor,Payment,10,2024-12-05,Soft
SYN-SC-001254810,Designation 1226,S00123412,SYN-ORG-SOFT,Other Sponsor,Payment,98,2024-10-07,Soft
SYN-SC-001255136,Designation 3008,S00123457,SYN-ORG-SOFT,Other Sponsor,Payment,292,2025-06-01,Soft
SYN-SC-001258421,Designation 690,S00124069,SYN-ORG-SOFT,Other Sponsor,Payment,5,2024-08-29,Soft
SYN-SC-001259054,Designation 9860,S00124193,SYN-ORG-SOFT,Other Sponsor,Payment,10,2025-02-02,Soft
SYN-SC-001260966,Designation 12111,S00124500,SYN-ORG-SOFT,Other Sponsor,Payment,3,2025-01-05,Soft
SYN-SC-001261541,Designation 1,S00124601,SYN-ORG-SOFT,Other Sponsor,Payment,490,2024-07-23,Soft
SYN-SC-001261854,Designation 1,S00124657,SYN-ORG-SOFT,Other Sponsor,Payment,190,2025-06-17,Soft
SYN-SC-001262453,Designation 6342,S00124772,SYN-ORG-SOFT,Other Sponsor,Payment,74,2025-06-19,Soft
SYN-SC-001262821,Designation 1,S00124832,SYN-ORG-SOFT,Other Sponsor,Payment,432,2025-01-15,Soft
SYN-SC-001263124,Designation 13834,S00124881,SYN-ORG-SOFT,Other Sponsor,Payment,341,2025-04-01,Soft
SYN-SC-001263418,Designation 2876,S00124938,SYN-ORG-SOFT,Other Sponsor,Payment,5,2024-12-02,Soft
SYN-SC-001264387,Designation 1,S00125101,SYN-ORG-SOFT,Other Sponsor,Payment,5,2024-12-04,Soft
SYN-SC-001264843,Designation 1,S00125182,SYN-ORG-SOFT,Other Sponsor,Payment,14,2025-02-27,Soft
SYN-SC-001265654,Designation 1,S00125324,SYN-ORG-SOFT,Other Sponsor,Payment,5,2024-12-01,Soft
SYN-SC-001266066,Designation 245,S00125418,SYN-ORG-SOFT,Other Sponsor,Payment,75,2024-10-16,Soft
SYN-SC-001266287,Designation 16841,S00125453,SYN-ORG-SOFT,Other Sponsor,Payment,5,2025-05-04,Soft
SYN-SC-001266724,Designation 2845,S00125531,SYN-ORG-SOFT,Other Sponsor,Payment,5,2024-08-13,Soft
SYN-SC-001266789,Designation 1,S00125539,SYN-ORG-SOFT,Other Sponsor,Payment,250,2024-09-13,Soft
SYN-SC-001267352,Designation 19901,S00125655,SYN-ORG-SOFT,Other Sponsor,Payment,8,2025-03-22,Soft
SYN-SC-001267906,Designation 29097,S00125746,SYN-ORG-SOFT,Other Sponsor,Payment,5,2024-10-23,Soft
SYN-SC-001268191,Designation 1,S00125797,SYN-ORG-SOFT,Other Sponsor,Payment,250,2024-11-04,Soft
SYN-SC-001268580,Designation 1,S00125883,SYN-ORG-SOFT,Other Sponsor,Payment,15,2024-12-15,Soft
SYN-SC-001268682,Designation 1,S00125899,SYN-ORG-SOFT,Other Sponsor,Payment,142,2024-09-14,Soft
SYN-SC-001269415,Designation 1,S00126021,SYN-ORG-SOFT,Other Sponsor,Payment,5,2024-09-24,Soft
SYN-SC-001270786,Other,S00126240,SYN-ORG-SOFT,Other Sponsor,Payment,2000,2025-02-04,Soft
SYN-SC-001271140,Designation 9234,S00126307,SYN-ORG-SOFT,Other Sponsor,Payment,2,2025-03-25,Soft
SYN-SC-001271155,Designation 1,S00126308,SYN-ORG-SOFT,Other Sponsor,Payment,190,2025-02-28,Soft
SYN-SC-001271819,Designation 10479,S00126425,SYN-ORG-DAF,DAF Sponsor,Payment,127,2025-03-11,Soft
SYN-SC-001273519,Designation 19473,S00126736,SYN-ORG-SOFT,Other Sponsor,Payment,5,2025-01-02,Soft
SYN-SC-001276318,Designation 16828,S00127226,SYN-ORG-DAF,DAF Sponsor,Payment,190,2025-02-27,Soft
SYN-SC-001276907,Designation 1,S00127311,SYN-ORG-SOFT,Other Sponsor,Payment,250,2025-04-25,Soft
SYN-SC-001277232,Designation 1,S00127358,SYN-ORG-SOFT,Other Sponsor,Payment,5,2025-06-08,Soft
SYN-SC-001278097,Other,S00127480,SYN-ORG-DAF,DAF Sponsor,Payment,375,2025-02-02,Soft
SYN-SC-001280219,Designation 1,S00127778,SYN-ORG-SOFT,Other Sponsor,Payment,190,2025-03-03,Soft
SYN-SC-001281879,Designation 1,S00128030,SYN-ORG-SOFT,Other Sponsor,Payment,250,2024-11-19,Soft
SYN-SC-001282531,Designation 1,S00128146,SYN-ORG-SOFT,Other Sponsor,Payment,134,2024-10-12,Soft
SYN-SC-001284428,Designation 30931,S00128429,SYN-ORG-SOFT,Other Sponsor,Payment,250,2025-05-25,Soft
SYN-SC-001284924,Other,S00128509,SYN-ORG-SOFT,Other Sponsor,Payment,21,2025-06-19,Soft
SYN-SC-001285117,Designation 6672,S00128544,SYN-ORG-DAF,DAF Sponsor,Payment,14,2024-08-23,Soft
SYN-SC-001285311,Designation 1,S00128581,SYN-ORG-SOFT,Other Sponsor,Payment,21,2025-04-01,Soft
SYN-SC-001286182,Designation 35340,S00128706,SYN-ORG-SOFT,Other Sponsor,Payment,30,2025-06-21,Soft
SYN-SC-001286245,Designation 45,S00128712,SYN-ORG-SOFT,Other Sponsor,Payment,388,2025-01-22,Soft
SYN-SC-001286762,Designation 8111,S00128786,SYN-ORG-SOFT,Other Sponsor,Payment,130,2024-10-03,Soft
SYN-SC-001287185,Designation 19517,S00128846,SYN-ORG-SOFT,Other Sponsor,Payment,5,2024-08-09,Soft
SYN-SC-001287917,Designation 1,S00128944,SYN-ORG-DAF,DAF Sponsor,Payment,190,2024-07-04,Soft
SYN-SC-001288343,Designation 6343,S00129018,SYN-ORG-SOFT,Other Sponsor,Payment,35,2025-03-22,Soft
SYN-SC-001288600,Designation 1,S00129051,SYN-ORG-SOFT,Other Sponsor,Payment,5,2024-08-17,Soft
SYN-SC-001290647,Designation 3031,S00129365,SYN-ORG-SOFT,Other Sponsor,Payment,11,2024-11-04,Soft
SYN-SC-001290757,Designation 1,S00129384,SYN-ORG-SOFT,Other Sponsor,Payment,190,2024-08-18,Soft
SYN-SC-001291137,Designation 1,S00129446,SYN-ORG-SOFT,Other Sponsor,Payment,172,2025-04-30,Soft
SYN-SC-001291693,Designation 1,S00129534,SYN-ORG-SOFT,Other Sponsor,Payment,5,2024-08-09,Soft
SYN-SC-001291730,Designation 6351,S00129540,SYN-ORG-SOFT,Other Sponsor,Payment,5,2025-04-08,Soft
SYN-SC-001292753,Designation 8742,S00129702,SYN-ORG-SOFT,Other Sponsor,Payment,22,2024-11-14,Soft
SYN-SC-001294249,Designation 2263,S00129908,SYN-ORG-SOFT,Other Sponsor,Payment,4,2024-08-21,Soft
SYN-SC-001294409,Designation 1,S00129932,SYN-ORG-SOFT,Other Sponsor,Payment,10,2024-12-30,Soft
SYN-SC-001295765,Designation 1,S00130137,SYN-ORG-SOFT,Other Sponsor,Payment,25,2024-09-15,Soft
SYN-SC-001295793,Designation 1,S00130141,SYN-ORG-SOFT,Other Sponsor,Payment,148,2025-04-29,Soft
SYN-SC-001295963,Other,S00130163,SYN-ORG-SOFT,Other Sponsor,Payment,178,2024-11-19,Soft
SYN-SC-001296451,Designation 184,S00130235,SYN-ORG-SOFT,Other Sponsor,Payment,9,2024-07-07,Soft
SYN-SC-001296638,Designation 1,S00130264,SYN-ORG-SOFT,Other Sponsor,Payment,100,2024-07-10,Soft
SYN-SC-001296871,Other,S00130314,SYN-ORG-DAF,DAF Sponsor,Payment,322,2024-10-20,Soft
SYN-SC-001296938,Designation 7913,S00130327,SYN-ORG-SOFT,Other Sponsor,Payment,250,2024-11-26,Soft
SYN-SC-001297239,Other,S00130366,SYN-ORG-SOFT,Other Sponsor,Payment,495,2024-09-02,Soft
SYN-SC-001297462,Other,S00130395,SYN-ORG-SOFT,Other Sponsor,Payment,190,2024-10-09,Soft
SYN-SC-001298295,Other,S00130520,SYN-ORG-SOFT,Other Sponsor,Payment,542,2024-11-22,Soft
SYN-SC-001299165,Designation 1,S00130665,SYN-ORG-SOFT,Other Sponsor,Payment,356,2025-05-13,Soft
SYN-SC-001300519,Designation 1,S00130867,SYN-ORG-SOFT,Other Sponsor,Payment,5,2024-11-04,Soft
SYN-SC-001301934,Designation 6601,S00131092,SYN-ORG-SOFT,Other Sponsor,Payment,142,2024-09-07,Soft
SYN-SC-001304744,Designation 25,S00131468,SYN-ORG-SOFT,Other Sponsor,Payment,250,2024-10-14,Soft
SYN-SC-001305486,Designation 17159,S00131560,SYN-ORG-SOFT,Other Sponsor,Payment,199,2025-02-28,Soft
SYN-SC-001306021,Designation 1,S00131621,SYN-ORG-SOFT,Other Sponsor,Payment,260,2024-09-02,Soft
SYN-SC-001308304,Designation 1,S00131901,SYN-ORG-SOFT,Other Sponsor,Payment,5,2024-09-01,Soft
SYN-SC-001308529,Designation 1,S00131926,SYN-ORG-SOFT,Other Sponsor,Payment,3,2025-06-28,Soft
SYN-SC-001308605,Designation 3422,S00131935,SYN-ORG-SOFT,Other Sponsor,Payment,62,2025-06-09,Soft
SYN-SC-001310362,Designation 1,S00132131,SYN-ORG-SOFT,Other Sponsor,Payment,44,2025-04-20,Soft
SYN-SC-001311238,Designation 16686,S00132238,SYN-ORG-SOFT,Other Sponsor,Payment,20,2024-10-03,Soft
SYN-SC-001311597,Other,S00132286,SYN-ORG-SOFT,Other Sponsor,Payment,8,2024-08-29,Soft
SYN-SC-001311846,Designation 4717,S00132317,SYN-ORG-SOFT,Other Sponsor,Payment,5,2024-09-19,Soft
SYN-SC-001312671,Designation 1,S00132411,SYN-ORG-SOFT,Other Sponsor,Payment,190,2024-11-12,Soft
SYN-SC-001312689,Designation 4336,S00132416,SYN-ORG-SOFT,Other Sponsor,Payment,5,2025-03-31,Soft
SYN-SC-001312877,Designation 18571,S00132436,SYN-ORG-SOFT,Other Sponsor,Payment,8,2025-02-03,Soft
SYN-SC-001314071,Designation 9864,S00132580,SYN-ORG-SOFT,Other Sponsor,Payment,8,2024-09-24,Soft
SYN-SC-001315371,Designation 22535,S00132736,SYN-ORG-SOFT,Other Sponsor,Payment,4,2025-02-28,Soft
SYN-SC-001315746,Designation 17980,S00132779,SYN-ORG-SOFT,Other Sponsor,Payment,250,2025-04-21,Soft
SYN-SC-001317703,Designation 1,S00133015,SYN-ORG-SOFT,Other Sponsor,Payment,125,2024-07-09,Soft
SYN-SC-001317881,Designation 422,S00133036,SYN-ORG-SOFT,Other Sponsor,Payment,5,2025-01-21,Soft
SYN-SC-001317946,Designation 1,S00133043,SYN-ORG-SOFT,Other Sponsor,Payment,250,2025-06-05,Soft
SYN-SC-001318159,Designation 1,S00133065,SYN-ORG-SOFT,Other Sponsor,Payment,5,2024-08-06,Soft
SYN-SC-001318199,Designation 33389,S00133072,SYN-ORG-SOFT,Other Sponsor,Payment,15,2024-11-28,Soft
SYN-SC-001318751,Designation 1,S00133139,SYN-ORG-SOFT,Other Sponsor,Payment,33,2025-01-19,Soft
SYN-SC-001320537,Designation 21251,S00133354,SYN-ORG-DAF,DAF Sponsor,Payment,5,2025-01-19,Soft
SYN-SC-001321001,Designation 613,S00133404,SYN-ORG-SOFT,Other Sponsor,Payment,7,2024-08-01,Soft
SYN-SC-001323930,Designation 1,S00133755,SYN-ORG-SOFT,Other Sponsor,Payment,167,2024-07-24,Soft
SYN-SC-001324989,Designation 1,S00133879,SYN-ORG-SOFT,Other Sponsor,Payment,20,2024-09-04,Soft
SYN-SC-001326834,Designation 14430,S00134083,SYN-ORG-SOFT,Other Sponsor,Payment,600,2025-01-25,Soft
SYN-SC-001327701,Other,S00134190,SYN-ORG-SOFT,Other Sponsor,Payment,3,2024-12-17,Soft
SYN-SC-001328330,Designation 1,S00134262,SYN-ORG-SOFT,Other Sponsor,Payment,130,2025-06-25,Soft
SYN-SC-001328634,Designation 1,S00134301,SYN-ORG-SOFT,Other Sponsor,Payment,5,2024-12-13,Soft
SYN-SC-001330269,Designation 1,S00134490,SYN-ORG-SOFT,Other Sponsor,Payment,10,2025-02-02,Soft
SYN-SC-001331089,Designation 11672,S00134581,SYN-ORG-SOFT,Other Sponsor,Payment,21,2024-11-11,Soft
SYN-SC-001331830,Other,S00134657,SYN-ORG-SOFT,Other Sponsor,Payment,359,2024-09-11,Soft
SYN-SC-001331958,Designation 8032,S00134669,SYN-ORG-SOFT,Other Sponsor,Payment,114,2024-12-08,Soft
SYN-SC-001332747,Designation 34571,S00134764,SYN-ORG-SOFT,Other Sponsor,Payment,4,2024-10-15,Soft
SYN-SC-001333228,Designation 9165,S00134820,SYN-ORG-SOFT,Other Sponsor,Payment,6,2024-07-03,Soft
SYN-SC-001333331,Designation 1,S00134833,SYN-ORG-SOFT,Other Sponsor,Payment,20,2025-02-28,Soft
SYN-SC-001334794,Designation 1,S00135008,SYN-ORG-SOFT,Other Sponsor,Payment,130,2024-12-16,Soft
SYN-SC-001335065,Designation 1,S00135042,SYN-ORG-SOFT,Other Sponsor,Payment,7,2025-01-27,Soft
SYN-SC-001335224,Designation 1,S00135060,SYN-ORG-SOFT,Other Sponsor,Payment,30,2025-04-02,Soft
SYN-SC-001336448,Designation 1,S00135217,SYN-ORG-SOFT,Other Sponsor,Payment,10,2024-08-07,Soft
SYN-SC-001336709,Other,S00135248,SYN-ORG-SOFT,Other Sponsor,Payment,237,2025-01-09,Soft
SYN-SC-001337146,Designation 20943,S00135299,SYN-ORG-SOFT,Other Sponsor,Payment,10,2025-04-02,Soft
SYN-SC-001339429,Designation 1,S00135575,SYN-ORG-SOFT,Other Sponsor,Payment,190,2025-01-07,Soft
SYN-SC-001339466,Designation 13083,S00135579,SYN-ORG-SOFT,Other Sponsor,Payment,5,2024-07-09,Soft
SYN-SC-001340445,Designation 7725,S00135694,SYN-ORG-SOFT,Other Sponsor,Payment,238,2024-08-05,Soft
SYN-SC-001340660,Designation 396,S00135715,SYN-ORG-SOFT,Other Sponsor,Payment,3,2025-02-04,Soft
SYN-SC-001342393,Designation 223,S00000444,SYN-ORG-SOFT,Other Sponsor,Payment,1200,2025-09-13,Soft
SYN-SC-001342750,Designation 1,S00000749,SYN-ORG-SOFT,Other Sponsor,Payment,5,2025-11-09,Soft
SYN-SC-001342818,Designation 1,S00000817,SYN-ORG-SOFT,Other Sponsor,Payment,11,2025-07-11,Soft
SYN-SC-001342865,Designation 6,S00000864,SYN-ORG-DAF,DAF Sponsor,Payment,1009,2026-01-02,Soft
SYN-SC-001342961,Designation 1,S00000993,SYN-ORG-SOFT,Other Sponsor,Payment,53936,2026-02-10,Soft
SYN-SC-001343023,Designation 1,S00001051,SYN-ORG-SOFT,Other Sponsor,Payment,5,2025-10-01,Soft
SYN-SC-001343171,Designation 1,S00001246,SYN-ORG-SOFT,Other Sponsor,Payment,5,2025-12-22,Soft
SYN-SC-001343489,Designation 1,S00001555,SYN-ORG-SOFT,Other Sponsor,Payment,592,2026-02-11,Soft
SYN-SC-001344364,Designation 1,S00002331,SYN-ORG-SOFT,Other Sponsor,Payment,367,2026-02-02,Soft
SYN-SC-001344772,Designation 58,S00002719,SYN-ORG-DAF,DAF Sponsor,Payment,600,2026-06-04,Soft
SYN-SC-001345126,Designation 1,S00003013,SYN-ORG-SOFT,Other Sponsor,Payment,18,2025-11-14,Soft
SYN-SC-001345169,Designation 1,S00003051,SYN-ORG-SOFT,Other Sponsor,Payment,51,2026-06-21,Soft
SYN-SC-001345572,Designation 7158,S00003534,SYN-ORG-SOFT,Other Sponsor,Payment,154,2026-03-04,Soft
SYN-SC-001346049,Other,S00003989,SYN-ORG-SOFT,Other Sponsor,Payment,575,2026-03-16,Soft
SYN-SC-001346089,Designation 18616,S00004028,SYN-ORG-SOFT,Other Sponsor,Payment,296,2026-05-05,Soft
SYN-SC-001346251,Designation 1,S00004133,SYN-ORG-SOFT,Other Sponsor,Payment,5,2026-03-22,Soft
SYN-SC-001346267,Designation 32,S00004138,SYN-ORG-SOFT,Other Sponsor,Payment,492,2026-01-13,Soft
SYN-SC-001346443,Designation 1,S00004327,SYN-ORG-SOFT,Other Sponsor,Payment,290,2026-05-07,Soft
SYN-SC-001346787,Other,S00004592,SYN-ORG-SOFT,Other Sponsor,Payment,2000,2026-05-09,Soft
SYN-SC-001347379,Designation 1,S00005092,SYN-ORG-SOFT,Other Sponsor,Payment,7,2026-02-20,Soft
SYN-SC-001347621,Designation 1,S00005262,SYN-ORG-SOFT,Other Sponsor,Payment,138,2026-01-21,Soft
SYN-SC-001347661,Designation 7,S00005340,SYN-ORG-DAF,DAF Sponsor,Payment,1200,2025-08-11,Soft
SYN-SC-001348115,Designation 8850,S00005752,SYN-ORG-SOFT,Other Sponsor,Payment,127,2026-02-02,Soft
SYN-SC-001348142,Designation 2193,S00005773,SYN-ORG-SOFT,Other Sponsor,Payment,480,2026-03-31,Soft
SYN-SC-001348276,Other,S00005842,SYN-ORG-SOFT,Other Sponsor,Payment,1314,2025-08-05,Soft
SYN-SC-001348708,Designation 17330,S00006261,SYN-ORG-DAF,DAF Sponsor,Payment,140,2025-09-02,Soft
SYN-SC-001348802,Designation 1,S00006318,SYN-ORG-SOFT,Other Sponsor,Payment,415,2026-03-19,Soft
SYN-SC-001348930,Designation 1,S00006417,SYN-ORG-SOFT,Other Sponsor,Payment,190,2025-10-24,Soft
SYN-SC-001349257,Designation 5445,S00006709,SYN-ORG-SOFT,Other Sponsor,Payment,190,2026-02-28,Soft
SYN-SC-001349479,Designation 1,S00006874,SYN-ORG-SOFT,Other Sponsor,Payment,5,2025-08-04,Soft
SYN-SC-001349556,Designation 14017,S00006939,SYN-ORG-SOFT,Other Sponsor,Payment,600,2026-06-09,Soft
SYN-SC-001349595,Designation 1,S00006969,SYN-ORG-SOFT,Other Sponsor,Payment,1056,2025-07-04,Soft
SYN-SC-001349742,Designation 35,S00007105,SYN-ORG-DAF,DAF Sponsor,Payment,974,2025-07-24,Soft
SYN-SC-001349807,Designation 5720,S00007158,SYN-ORG-DAF,DAF Sponsor,Payment,5,2026-04-26,Soft
SYN-SC-001350646,Designation 1,S00007821,SYN-ORG-SOFT,Other Sponsor,Payment,600,2025-08-09,Soft
SYN-SC-001350689,Other,S00007879,SYN-ORG-SOFT,Other Sponsor,Payment,2000,2026-01-02,Soft
SYN-SC-001350869,Designation 15863,S00008018,SYN-ORG-SOFT,Other Sponsor,Payment,6,2026-06-05,Soft
SYN-SC-001350923,Designation 3029,S00008086,SYN-ORG-SOFT,Other Sponsor,Payment,100,2025-09-02,Soft
SYN-SC-001350940,Designation 1,S00008102,SYN-ORG-SOFT,Other Sponsor,Payment,14,2026-02-28,Soft
SYN-SC-001351046,Designation 13348,S00008221,SYN-ORG-SOFT,Other Sponsor,Payment,9950,2026-02-25,Soft
SYN-SC-001351140,Designation 1474,S00008281,SYN-ORG-SOFT,Other Sponsor,Payment,59,2025-09-05,Soft
SYN-SC-001351267,Designation 1,S00008349,SYN-ORG-SOFT,Other Sponsor,Payment,5,2025-10-12,Soft
SYN-SC-001351353,Designation 5979,S00008409,SYN-ORG-SOFT,Other Sponsor,Payment,6,2026-01-02,Soft
SYN-SC-001351428,Designation 1,S00008509,SYN-ORG-DAF,DAF Sponsor,Payment,468,2026-01-19,Soft
SYN-SC-001351498,Designation 29959,S00008645,SYN-ORG-SOFT,Other Sponsor,Payment,10,2025-10-23,Soft
SYN-SC-001351625,Other,S00008734,SYN-ORG-DAF,DAF Sponsor,Payment,709,2026-04-28,Soft
SYN-SC-001351977,Designation 1,S00009068,SYN-ORG-DAF,DAF Sponsor,Payment,190,2026-04-14,Soft
SYN-SC-001352419,Designation 4286,S00009489,SYN-ORG-DAF,DAF Sponsor,Payment,190,2025-12-27,Soft
SYN-SC-001352462,Designation 1,S00009544,SYN-ORG-SOFT,Other Sponsor,Payment,250,2025-07-02,Soft
SYN-SC-001353425,Designation 21434,S00010510,SYN-ORG-SOFT,Other Sponsor,Payment,250,2025-08-28,Soft
SYN-SC-001353943,Other,S00010933,SYN-ORG-SOFT,Other Sponsor,Payment,2068,2026-02-08,Soft
SYN-SC-001354035,Designation 14,S00010991,SYN-ORG-SOFT,Other Sponsor,Payment,513,2026-04-06,Soft
SYN-SC-001354107,Designation 1,S00011060,SYN-ORG-SOFT,Other Sponsor,Payment,21,2025-08-11,Soft
SYN-SC-001354160,Other,S00011120,SYN-ORG-SOFT,Other Sponsor,Payment,948,2025-11-06,Soft
SYN-SC-001354787,Designation 1,S00011703,SYN-ORG-DAF,DAF Sponsor,Payment,1200,2025-07-04,Soft
SYN-SC-001355198,Designation 13002,S00012157,SYN-ORG-SOFT,Other Sponsor,Payment,5,2025-10-21,Soft
SYN-SC-001355363,Designation 1,S00012323,SYN-ORG-SOFT,Other Sponsor,Payment,12,2026-04-04,Soft
SYN-SC-001355718,Designation 22,S00012603,SYN-ORG-DAF,DAF Sponsor,Payment,732,2026-04-04,Soft
SYN-SC-001355760,Other,S00012629,SYN-ORG-DAF,DAF Sponsor,Payment,1270,2026-05-19,Soft
SYN-SC-001355887,Designation 7,S00012744,SYN-ORG-SOFT,Other Sponsor,Payment,459,2026-02-10,Soft
SYN-SC-001355920,Designation 5,S00012775,SYN-ORG-DAF,DAF Sponsor,Payment,867,2025-10-27,Soft
SYN-SC-001356101,Designation 1,S00012929,SYN-ORG-SOFT,Other Sponsor,Payment,1657,2025-10-18,Soft
SYN-SC-001356723,Other,S00013471,SYN-ORG-DAF,DAF Sponsor,Payment,9,2026-04-14,Soft
SYN-SC-001357142,Other,S00013942,SYN-ORG-SOFT,Other Sponsor,Payment,600,2026-01-06,Soft
SYN-SC-001357589,Designation 29341,S00014269,SYN-ORG-SOFT,Other Sponsor,Payment,5,2025-10-22,Soft
SYN-SC-001357700,Designation 32098,S00014360,SYN-ORG-SOFT,Other Sponsor,Payment,130,2026-01-06,Soft
SYN-SC-001357727,Designation 13834,S00014385,SYN-ORG-SOFT,Other Sponsor,Payment,317,2026-03-22,Soft
SYN-SC-001358341,Designation 1,S00014984,SYN-ORG-SOFT,Other Sponsor,Payment,336,2026-06-15,Soft
SYN-SC-001358421,Designation 3,S00015086,SYN-ORG-SOFT,Other Sponsor,Payment,477,2026-02-13,Soft
SYN-SC-001358523,Other,S00015143,SYN-ORG-SOFT,Other Sponsor,Payment,10,2026-06-04,Soft
SYN-SC-001359848,Designation 13693,S00016385,SYN-ORG-SOFT,Other Sponsor,Payment,280,2026-05-16,Soft
SYN-SC-001359902,Designation 28,S00016464,SYN-ORG-SOFT,Other Sponsor,Payment,4417,2026-05-11,Soft
SYN-SC-001360254,Other,S00016777,SYN-ORG-SOFT,Other Sponsor,Payment,1975,2025-07-12,Soft
SYN-SC-001360499,Other,S00016948,SYN-ORG-SOFT,Other Sponsor,Payment,8,2025-11-19,Soft
SYN-SC-001360731,Designation 1,S00017166,SYN-ORG-SOFT,Other Sponsor,Payment,9928,2025-09-24,Soft
SYN-SC-001361196,Designation 1,S00017635,SYN-ORG-SOFT,Other Sponsor,Payment,465,2026-02-09,Soft
SYN-SC-001361197,Designation 1,S00017649,SYN-ORG-SOFT,Other Sponsor,Payment,1983,2026-03-06,Soft
SYN-SC-001361471,Designation 1,S00017974,SYN-ORG-SOFT,Other Sponsor,Payment,300,2025-11-02,Soft
SYN-SC-001361473,Designation 26,S00017979,SYN-ORG-SOFT,Other Sponsor,Payment,425,2026-02-27,Soft
SYN-SC-001361666,Designation 1,S00018134,SYN-ORG-SOFT,Other Sponsor,Payment,497,2026-06-27,Soft
SYN-SC-001362403,Designation 9,S00018707,SYN-ORG-SOFT,Other Sponsor,Payment,1874,2025-12-11,Soft
SYN-SC-001362599,Designation 1,S00018860,SYN-ORG-DAF,DAF Sponsor,Payment,782,2026-02-11,Soft
SYN-SC-001362933,Designation 1,S00019227,SYN-ORG-DAF,DAF Sponsor,Payment,250,2026-03-11,Soft
SYN-SC-001362961,Designation 2635,S00019302,SYN-ORG-SOFT,Other Sponsor,Payment,5,2025-07-19,Soft
SYN-SC-001363121,Designation 1,S00019487,SYN-ORG-SOFT,Other Sponsor,Payment,1652,2026-05-02,Soft
SYN-SC-001363570,Designation 1,S00019854,SYN-ORG-DAF,DAF Sponsor,Payment,6,2026-04-01,Soft
SYN-SC-001363649,Designation 15269,S00019937,SYN-ORG-DAF,DAF Sponsor,Payment,93,2025-07-09,Soft
SYN-SC-001364039,Designation 3236,S00020327,SYN-ORG-DAF,DAF Sponsor,Payment,764,2025-08-27,Soft
SYN-SC-001364697,Other,S00020971,SYN-ORG-SOFT,Other Sponsor,Payment,162,2026-06-04,Soft
SYN-SC-001364891,Designation 1,S00021137,SYN-ORG-DAF,DAF Sponsor,Payment,923,2026-03-02,Soft
SYN-SC-001364960,Designation 1,S00021253,SYN-ORG-DAF,DAF Sponsor,Payment,1729,2026-01-02,Soft
SYN-SC-001365433,Designation 11325,S00021660,SYN-ORG-DAF,DAF Sponsor,Payment,74,2026-04-13,Soft
SYN-SC-001365458,Designation 1,S00021681,SYN-ORG-SOFT,Other Sponsor,Payment,250,2025-08-09,Soft
SYN-SC-001365913,Designation 1,S00022153,SYN-ORG-DAF,DAF Sponsor,Payment,178,2025-07-12,Soft
SYN-SC-001366029,Other,S00022260,SYN-ORG-DAF,DAF Sponsor,Payment,3331,2026-04-18,Soft
SYN-SC-001366074,Other,S00022332,SYN-ORG-SOFT,Other Sponsor,Payment,2000,2025-10-04,Soft
SYN-SC-001366075,Designation 10960,S00022357,SYN-ORG-SOFT,Other Sponsor,Payment,476,2026-03-05,Soft
SYN-SC-001366183,Designation 1,S00022433,SYN-ORG-SOFT,Other Sponsor,Payment,150,2025-12-18,Soft
SYN-SC-001366535,Designation 12605,S00022654,SYN-ORG-SOFT,Other Sponsor,Payment,11,2025-11-02,Soft
SYN-SC-001366630,Designation 1,S00022781,SYN-ORG-SOFT,Other Sponsor,Payment,874,2025-12-05,Soft
SYN-SC-001366742,Other,S00022868,SYN-ORG-SOFT,Other Sponsor,Payment,13,2026-02-23,Soft
SYN-SC-001366760,Designation 17,S00022879,SYN-ORG-SOFT,Other Sponsor,Payment,757,2025-09-03,Soft
SYN-SC-001366816,Designation 68,S00022954,SYN-ORG-SOFT,Other Sponsor,Payment,1200,2025-11-08,Soft
SYN-SC-001367299,Other,S00023424,SYN-ORG-SOFT,Other Sponsor,Payment,1020,2025-08-29,Soft
SYN-SC-001367407,Designation 1,S00023510,SYN-ORG-SOFT,Other Sponsor,Payment,187,2025-07-24,Soft
SYN-SC-001367583,Designation 1,S00023665,SYN-ORG-SOFT,Other Sponsor,Payment,35,2025-10-29,Soft
SYN-SC-001367605,Other,S00023698,SYN-ORG-SOFT,Other Sponsor,Payment,1899,2025-08-20,Soft
SYN-SC-001368202,Other,S00024175,SYN-ORG-SOFT,Other Sponsor,Payment,600,2025-12-13,Soft
SYN-SC-001368272,Designation 1,S00024270,SYN-ORG-SOFT,Other Sponsor,Payment,178,2025-10-23,Soft
SYN-SC-001368595,Designation 25002,S00024607,SYN-ORG-SOFT,Other Sponsor,Payment,178,2026-05-02,Soft
SYN-SC-001368690,Designation 21044,S00024664,SYN-ORG-SOFT,Other Sponsor,Payment,4,2026-02-17,Soft
SYN-SC-001368751,Other,S00024728,SYN-ORG-SOFT,Other Sponsor,Payment,2000,2025-11-03,Soft
SYN-SC-001369092,Designation 58,S00025072,SYN-ORG-SOFT,Other Sponsor,Payment,416,2025-09-02,Soft
SYN-SC-001369870,Designation 39,S00025769,SYN-ORG-SOFT,Other Sponsor,Payment,1021,2025-09-07,Soft
SYN-SC-001369874,Designation 1,S00025779,SYN-ORG-SOFT,Other Sponsor,Payment,1100,2026-01-27,Soft
SYN-SC-001370975,Designation 1,S00026626,SYN-ORG-SOFT,Other Sponsor,Payment,14,2026-06-01,Soft
SYN-SC-001371038,Designation 20919,S00026646,SYN-ORG-SOFT,Other Sponsor,Payment,600,2025-07-12,Soft
SYN-SC-001371601,Designation 1,S00027125,SYN-ORG-SOFT,Other Sponsor,Payment,5,2025-11-18,Soft
SYN-SC-001372005,Designation 1,S00027524,SYN-ORG-SOFT,Other Sponsor,Payment,49,2026-04-11,Soft
SYN-SC-001372089,Designation 20660,S00027619,SYN-ORG-SOFT,Other Sponsor,Payment,5,2026-01-22,Soft
SYN-SC-001372659,Designation 5301,S00028103,SYN-ORG-SOFT,Other Sponsor,Payment,250,2025-09-25,Soft
SYN-SC-001372788,Designation 10092,S00028193,SYN-ORG-SOFT,Other Sponsor,Payment,528,2026-05-20,Soft
SYN-SC-001373233,Other,S00028643,SYN-ORG-DAF,DAF Sponsor,Payment,1200,2026-01-25,Soft
SYN-SC-001373413,Designation 4,S00028843,SYN-ORG-SOFT,Other Sponsor,Payment,5765,2025-12-11,Soft
SYN-SC-001373674,Designation 1,S00029059,SYN-ORG-SOFT,Other Sponsor,Payment,1190,2025-08-05,Soft
SYN-SC-001374210,Designation 39,S00029516,SYN-ORG-SOFT,Other Sponsor,Payment,2076,2026-03-18,Soft
SYN-SC-001374212,Designation 1,S00029526,SYN-ORG-SOFT,Other Sponsor,Payment,250,2026-03-13,Soft
SYN-SC-001374270,Designation 1,S00029586,SYN-ORG-SOFT,Other Sponsor,Payment,5,2026-05-19,Soft
SYN-SC-001375229,Designation 1,S00030337,SYN-ORG-SOFT,Other Sponsor,Payment,11,2026-05-08,Soft
SYN-SC-001375246,Designation 1,S00030355,SYN-ORG-SOFT,Other Sponsor,Payment,1471,2026-06-15,Soft
SYN-SC-001375517,Designation 1,S00030645,SYN-ORG-DAF,DAF Sponsor,Payment,250,2026-01-05,Soft
SYN-SC-001375644,Designation 23719,S00030759,SYN-ORG-SOFT,Other Sponsor,Payment,23,2025-10-01,Soft
SYN-SC-001375796,Designation 1,S00030875,SYN-ORG-DAF,DAF Sponsor,Payment,381,2025-08-15,Soft
SYN-SC-001375929,Other,S00031009,SYN-ORG-SOFT,Other Sponsor,Payment,80,2025-12-20,Soft
SYN-SC-001376193,Designation 1520,S00031299,SYN-ORG-SOFT,Other Sponsor,Payment,22,2025-10-01,Soft
SYN-SC-001376583,Designation 1,S00031667,SYN-ORG-SOFT,Other Sponsor,Payment,977,2025-07-29,Soft
SYN-SC-001376597,Designation 17852,S00031669,SYN-ORG-SOFT,Other Sponsor,Payment,166,2026-01-10,Soft
SYN-SC-001377067,Other,S00032132,SYN-ORG-DAF,DAF Sponsor,Payment,250,2026-06-15,Soft
SYN-SC-001377509,Designation 1,S00032488,SYN-ORG-DAF,DAF Sponsor,Payment,9,2025-12-25,Soft
SYN-SC-001377677,Designation 240,S00032651,SYN-ORG-SOFT,Other Sponsor,Payment,6,2026-04-06,Soft
SYN-SC-001377715,Designation 1,S00032687,SYN-ORG-DAF,DAF Sponsor,Payment,25,2026-05-04,Soft
SYN-SC-001377744,Designation 1,S00032701,SYN-ORG-SOFT,Other Sponsor,Payment,190,2025-12-04,Soft
SYN-SC-001377773,Designation 26926,S00032728,SYN-ORG-SOFT,Other Sponsor,Payment,145,2026-03-21,Soft
SYN-SC-001378752,Designation 33278,S00033648,SYN-ORG-SOFT,Other Sponsor,Payment,74,2026-03-27,Soft
SYN-SC-001378870,Designation 1,S00033816,SYN-ORG-SOFT,Other Sponsor,Payment,5,2025-11-02,Soft
SYN-SC-001379043,Designation 7238,S00033931,SYN-ORG-SOFT,Other Sponsor,Payment,315,2026-02-27,Soft
SYN-SC-001379145,Designation 1,S00034020,SYN-ORG-SOFT,Other Sponsor,Payment,1940,2026-05-27,Soft
SYN-SC-001379295,Other,S00034164,SYN-ORG-SOFT,Other Sponsor,Payment,275,2026-04-30,Soft
SYN-SC-001379391,Other,S00034253,SYN-ORG-SOFT,Other Sponsor,Payment,1190,2026-04-17,Soft
SYN-SC-001379419,Designation 1,S00034286,SYN-ORG-SOFT,Other Sponsor,Payment,1200,2026-04-30,Soft
SYN-SC-001379870,Designation 7,S00034591,SYN-ORG-DAF,DAF Sponsor,Payment,372,2025-08-28,Soft
SYN-SC-001380134,Other,S00034862,SYN-ORG-SOFT,Other Sponsor,Payment,1090,2025-10-14,Soft
SYN-SC-001380326,Designation 1,S00035090,SYN-ORG-SOFT,Other Sponsor,Payment,2000,2025-08-23,Soft
SYN-SC-001380397,Designation 68,S00035151,SYN-ORG-DAF,DAF Sponsor,Payment,793,2025-08-01,Soft
SYN-SC-001380576,Designation 14,S00035252,SYN-ORG-SOFT,Other Sponsor,Payment,1810,2026-03-14,Soft
SYN-SC-001380876,Designation 6323,S00035522,SYN-ORG-SOFT,Other Sponsor,Payment,456,2025-12-24,Soft
SYN-SC-001380978,Designation 524,S00035617,SYN-ORG-SOFT,Other Sponsor,Payment,6,2026-05-15,Soft
SYN-SC-001381536,Designation 483,S00036062,SYN-ORG-SOFT,Other Sponsor,Payment,10,2026-03-01,Soft
SYN-SC-001381551,Other,S00036122,SYN-ORG-SOFT,Other Sponsor,Payment,2000,2026-01-21,Soft
SYN-SC-001381957,Designation 1,S00036423,SYN-ORG-SOFT,Other Sponsor,Payment,166,2026-06-18,Soft
SYN-SC-001382296,Designation 1,S00036793,SYN-ORG-DAF,DAF Sponsor,Payment,190,2026-06-25,Soft
SYN-SC-001383101,Designation 7055,S00037359,SYN-ORG-SOFT,Other Sponsor,Payment,480,2025-12-20,Soft
SYN-SC-001384196,Other,S00038276,SYN-ORG-DAF,DAF Sponsor,Payment,1542,2026-03-03,Soft
SYN-SC-001385792,Designation 37,S00039752,SYN-ORG-SOFT,Other Sponsor,Payment,421,2025-07-10,Soft
SYN-SC-001385854,Designation 4946,S00039815,SYN-ORG-SOFT,Other Sponsor,Payment,468,2026-02-11,Soft
SYN-SC-001385915,Designation 1,S00039867,SYN-ORG-SOFT,Other Sponsor,Payment,6,2026-05-28,Soft
SYN-SC-001385981,Designation 10186,S00039926,SYN-ORG-SOFT,Other Sponsor,Payment,14,2025-12-24,Soft
SYN-SC-001386306,Other,S00040203,SYN-ORG-SOFT,Other Sponsor,Payment,448,2025-11-03,Soft
SYN-SC-001386503,Designation 5,S00040430,SYN-ORG-SOFT,Other Sponsor,Payment,1200,2026-01-03,Soft
SYN-SC-001386621,Designation 1,S00040516,SYN-ORG-DAF,DAF Sponsor,Payment,3,2026-04-06,Soft
SYN-SC-001386727,Designation 1,S00040622,SYN-ORG-SOFT,Other Sponsor,Payment,12,2025-08-05,Soft
SYN-SC-001387189,Other,S00041007,SYN-ORG-SOFT,Other Sponsor,Payment,960,2025-08-16,Soft
SYN-SC-001387369,Designation 11,S00041144,SYN-ORG-SOFT,Other Sponsor,Payment,1200,2026-01-08,Soft
SYN-SC-001387539,Designation 47,S00041326,SYN-ORG-SOFT,Other Sponsor,Payment,344,2025-08-19,Soft
SYN-SC-001389136,Designation 1,S00042571,SYN-ORG-SOFT,Other Sponsor,Payment,5,2025-07-02,Soft
SYN-SC-001389625,Designation 1,S00042908,SYN-ORG-SOFT,Other Sponsor,Payment,1140,2025-08-06,Soft
SYN-SC-001389947,Other,S00043167,SYN-ORG-SOFT,Other Sponsor,Payment,250,2026-02-18,Soft
SYN-SC-001390095,Designation 29,S00043279,SYN-ORG-SOFT,Other Sponsor,Payment,212,2026-03-05,Soft
SYN-SC-001390169,Other,S00043347,SYN-ORG-SOFT,Other Sponsor,Payment,1750,2026-04-03,Soft
SYN-SC-001390209,Designation 1,S00043382,SYN-ORG-DAF,DAF Sponsor,Payment,250,2026-01-06,Soft
SYN-SC-001390212,Designation 1,S00043383,SYN-ORG-SOFT,Other Sponsor,Payment,290,2025-09-06,Soft
SYN-SC-001390302,Designation 1,S00043429,SYN-ORG-SOFT,Other Sponsor,Payment,11,2026-02-05,Soft
SYN-SC-001390449,Other,S00043527,SYN-ORG-SOFT,Other Sponsor,Payment,1200,2026-06-27,Soft
SYN-SC-001390479,Designation 1,S00043554,SYN-ORG-SOFT,Other Sponsor,Payment,16,2026-02-28,Soft
SYN-SC-001390674,Designation 5,S00043723,SYN-ORG-SOFT,Other Sponsor,Payment,616,2025-11-01,Soft
SYN-SC-001390930,Designation 1,S00043844,SYN-ORG-SOFT,Other Sponsor,Payment,70,2025-11-15,Soft
SYN-SC-001391447,Designation 1,S00044249,SYN-ORG-SOFT,Other Sponsor,Payment,600,2025-08-15,Soft
SYN-SC-001391539,Other,S00044418,SYN-ORG-SOFT,Other Sponsor,Payment,1020,2026-04-17,Soft
SYN-SC-001392220,Designation 4,S00044948,SYN-ORG-SOFT,Other Sponsor,Payment,1940,2025-12-19,Soft
SYN-SC-001392378,Designation 4903,S00045090,SYN-ORG-SOFT,Other Sponsor,Payment,118,2025-09-15,Soft
SYN-SC-001392407,Designation 2741,S00045120,SYN-ORG-DAF,DAF Sponsor,Payment,206,2025-07-10,Soft
SYN-SC-001392679,Designation 78,S00045321,SYN-ORG-SOFT,Other Sponsor,Payment,813,2026-02-26,Soft
SYN-SC-001393026,Other,S00045654,SYN-ORG-DAF,DAF Sponsor,Payment,9,2026-04-19,Soft
SYN-SC-001393400,Designation 14,S00045997,SYN-ORG-SOFT,Other Sponsor,Payment,1741,2026-03-19,Soft
SYN-SC-001393743,Designation 1,S00046266,SYN-ORG-SOFT,Other Sponsor,Payment,5000,2025-11-04,Soft
SYN-SC-001393757,Designation 4,S00046298,SYN-ORG-SOFT,Other Sponsor,Payment,1500,2026-06-27,Soft
SYN-SC-001393861,Designation 1,S00046388,SYN-ORG-DAF,DAF Sponsor,Payment,3,2025-10-13,Soft
SYN-SC-001393940,Designation 10,S00046511,SYN-ORG-SOFT,Other Sponsor,Payment,941,2026-01-16,Soft
SYN-SC-001394933,Designation 5,S00047316,SYN-ORG-SOFT,Other Sponsor,Payment,1140,2026-02-08,Soft
SYN-SC-001394947,Designation 1,S00047339,SYN-ORG-SOFT,Other Sponsor,Payment,250,2025-08-02,Soft
SYN-SC-001395001,Other,S00047418,SYN-ORG-SOFT,Other Sponsor,Payment,1177,2026-04-11,Soft
SYN-SC-001395059,Designation 1,S00047456,SYN-ORG-SOFT,Other Sponsor,Payment,131,2026-02-01,Soft
SYN-SC-001395364,Designation 1,S00047710,SYN-ORG-SOFT,Other Sponsor,Payment,238,2026-01-11,Soft
SYN-SC-001395388,Designation 20698,S00047723,SYN-ORG-SOFT,Other Sponsor,Payment,99,2025-07-21,Soft
SYN-SC-001395458,Designation 5147,S00047836,SYN-ORG-SOFT,Other Sponsor,Payment,3,2025-07-12,Soft
SYN-SC-001395751,Designation 1,S00048133,SYN-ORG-SOFT,Other Sponsor,Payment,1809,2025-12-27,Soft
SYN-SC-001395837,Other,S00048267,SYN-ORG-SOFT,Other Sponsor,Payment,1293,2026-05-06,Soft
SYN-SC-001396108,Designation 7,S00048520,SYN-ORG-SOFT,Other Sponsor,Payment,1080,2026-04-17,Soft
SYN-SC-001396403,Designation 30539,S00048796,SYN-ORG-SOFT,Other Sponsor,Payment,4,2025-12-14,Soft
SYN-SC-001396730,Other,S00049167,SYN-ORG-SOFT,Other Sponsor,Payment,5,2026-05-06,Soft
SYN-SC-001397009,Designation 7055,S00049355,SYN-ORG-SOFT,Other Sponsor,Payment,151,2026-01-23,Soft
SYN-SC-001397209,Designation 1,S00049509,SYN-ORG-SOFT,Other Sponsor,Payment,1200,2025-09-18,Soft
SYN-SC-001397561,Designation 1,S00049843,SYN-ORG-SOFT,Other Sponsor,Payment,4691,2026-06-27,Soft
SYN-SC-001397702,Designation 7919,S00050013,SYN-ORG-SOFT,Other Sponsor,Payment,878,2026-05-10,Soft
SYN-SC-001397914,Designation 1,S00050166,SYN-ORG-DAF,DAF Sponsor,Payment,172,2026-04-24,Soft
SYN-SC-001398200,Designation 34688,S00050484,SYN-ORG-SOFT,Other Sponsor,Payment,6,2026-06-10,Soft
SYN-SC-001399608,Designation 9920,S00051824,SYN-ORG-SOFT,Other Sponsor,Payment,528,2025-07-12,Soft
SYN-SC-001399921,Designation 7644,S00052053,SYN-ORG-SOFT,Other Sponsor,Payment,10,2025-11-08,Soft
SYN-SC-001400011,Other,S00052138,SYN-ORG-DAF,DAF Sponsor,Payment,600,2026-05-19,Soft
SYN-SC-001400253,Designation 1,S00052350,SYN-ORG-DAF,DAF Sponsor,Payment,644,2026-01-04,Soft
SYN-SC-001400761,Other,S00052815,SYN-ORG-SOFT,Other Sponsor,Payment,6,2026-01-15,Soft
SYN-SC-001401346,Designation 1661,S00053322,SYN-ORG-SOFT,Other Sponsor,Payment,7,2025-12-08,Soft
SYN-SC-001401436,Designation 14773,S00053408,SYN-ORG-SOFT,Other Sponsor,Payment,21,2025-09-15,Soft
SYN-SC-001401451,Designation 1,S00053435,SYN-ORG-DAF,DAF Sponsor,Payment,46,2025-07-02,Soft
SYN-SC-001401732,Designation 9,S00053598,SYN-ORG-SOFT,Other Sponsor,Payment,1736,2025-10-20,Soft
SYN-SC-001403434,Other,S00054963,SYN-ORG-SOFT,Other Sponsor,Payment,500,2025-10-02,Soft
SYN-SC-001404171,Designation 1,S00055590,SYN-ORG-DAF,DAF Sponsor,Payment,118,2025-12-08,Soft
SYN-SC-001404448,Other,S00055795,SYN-ORG-SOFT,Other Sponsor,Payment,190,2025-10-20,Soft
SYN-SC-001404732,Designation 11,S00056057,SYN-ORG-DAF,DAF Sponsor,Payment,1200,2025-12-15,Soft
SYN-SC-001405416,Designation 1,S00056737,SYN-ORG-DAF,DAF Sponsor,Payment,10,2026-06-19,Soft
SYN-SC-001406052,Designation 1,S00057242,SYN-ORG-SOFT,Other Sponsor,Payment,5,2025-10-19,Soft
SYN-SC-001406083,Designation 4723,S00057295,SYN-ORG-SOFT,Other Sponsor,Payment,14,2026-02-08,Soft
SYN-SC-001406296,Designation 10326,S00057407,SYN-ORG-DAF,DAF Sponsor,Payment,5,2026-03-11,Soft
SYN-SC-001406384,Designation 1,S00057457,SYN-ORG-SOFT,Other Sponsor,Payment,190,2025-12-25,Soft
SYN-SC-001406849,Designation 29,S00057857,SYN-ORG-SOFT,Other Sponsor,Payment,503,2026-01-14,Soft
SYN-SC-001407273,Other,S00058247,SYN-ORG-DAF,DAF Sponsor,Payment,1128,2026-05-06,Soft
SYN-SC-001408940,Designation 1,S00059565,SYN-ORG-SOFT,Other Sponsor,Payment,500,2026-01-14,Soft
SYN-SC-001409006,Designation 1,S00059602,SYN-ORG-DAF,DAF Sponsor,Payment,540,2025-12-01,Soft
SYN-SC-001409414,Other,S00059932,SYN-ORG-DAF,DAF Sponsor,Payment,4,2026-01-08,Soft
SYN-SC-001409998,Designation 89,S00060435,SYN-ORG-SOFT,Other Sponsor,Payment,404,2025-12-07,Soft
SYN-SC-001410030,Designation 1,S00060482,SYN-ORG-SOFT,Other Sponsor,Payment,5,2025-09-17,Soft
SYN-SC-001410108,Designation 9808,S00060529,SYN-ORG-SOFT,Other Sponsor,Payment,141,2026-02-01,Soft
SYN-SC-001410353,Designation 1,S00060708,SYN-ORG-SOFT,Other Sponsor,Payment,600,2026-02-07,Soft
SYN-SC-001410719,Designation 1,S00061067,SYN-ORG-SOFT,Other Sponsor,Payment,7,2026-01-06,Soft
SYN-SC-001411316,Designation 8,S00061457,SYN-ORG-SOFT,Other Sponsor,Payment,1167,2026-01-04,Soft
SYN-SC-001412352,Designation 10068,S00062211,SYN-ORG-SOFT,Other Sponsor,Payment,5,2025-11-28,Soft
SYN-SC-001412549,Designation 1,S00062386,SYN-ORG-DAF,DAF Sponsor,Payment,130,2025-10-04,Soft
SYN-SC-001412899,Designation 2275,S00062642,SYN-ORG-DAF,DAF Sponsor,Payment,3,2025-07-03,Soft
SYN-SC-001412913,Designation 3256,S00062671,SYN-ORG-SOFT,Other Sponsor,Payment,5,2026-03-21,Soft
SYN-SC-001413024,Designation 87,S00062777,SYN-ORG-SOFT,Other Sponsor,Payment,536,2026-01-22,Soft
SYN-SC-001413590,Other,S00063160,SYN-ORG-SOFT,Other Sponsor,Payment,1809,2026-03-20,Soft
SYN-SC-001413904,Designation 30529,S00063483,SYN-ORG-SOFT,Other Sponsor,Payment,250,2026-01-14,Soft
SYN-SC-001414248,Designation 15923,S00063839,SYN-ORG-SOFT,Other Sponsor,Payment,1065,2025-08-15,Soft
SYN-SC-001414347,Designation 1,S00063908,SYN-ORG-SOFT,Other Sponsor,Payment,190,2025-12-11,Soft
SYN-SC-001414618,Designation 1,S00064125,SYN-ORG-SOFT,Other Sponsor,Payment,7,2025-08-19,Soft
SYN-SC-001414671,Designation 1,S00064180,SYN-ORG-SOFT,Other Sponsor,Payment,7,2025-07-03,Soft
SYN-SC-001414672,Designation 28,S00064182,SYN-ORG-SOFT,Other Sponsor,Payment,1958,2025-09-04,Soft
SYN-SC-001414833,Other,S00064321,SYN-ORG-SOFT,Other Sponsor,Payment,250,2026-02-05,Soft
SYN-SC-001414882,Designation 9,S00064377,SYN-ORG-SOFT,Other Sponsor,Payment,1041,2025-07-06,Soft
SYN-SC-001415253,Designation 31281,S00064668,SYN-ORG-SOFT,Other Sponsor,Payment,95,2026-04-20,Soft
SYN-SC-001415541,Designation 26087,S00064864,SYN-ORG-DAF,DAF Sponsor,Payment,250,2025-07-02,Soft
SYN-SC-001415542,Other,S00064874,SYN-ORG-SOFT,Other Sponsor,Payment,2000,2025-08-10,Soft
SYN-SC-001415667,Designation 34982,S00064968,SYN-ORG-SOFT,Other Sponsor,Payment,14,2025-12-13,Soft
SYN-SC-001415843,Designation 1,S00065107,SYN-ORG-SOFT,Other Sponsor,Payment,100,2025-07-05,Soft
SYN-SC-001415918,Designation 18928,S00065144,SYN-ORG-SOFT,Other Sponsor,Payment,250,2026-05-27,Soft
SYN-SC-001416097,Designation 68,S00065283,SYN-ORG-SOFT,Other Sponsor,Payment,526,2025-07-29,Soft
SYN-SC-001416154,Designation 1,S00065336,SYN-ORG-SOFT,Other Sponsor,Payment,5,2026-04-12,Soft
SYN-SC-001416317,Designation 6323,S00065477,SYN-ORG-DAF,DAF Sponsor,Payment,600,2025-10-27,Soft
SYN-SC-001416412,Designation 1,S00065584,SYN-ORG-SOFT,Other Sponsor,Payment,468,2025-08-11,Soft
SYN-SC-001416780,Designation 2425,S00065825,SYN-ORG-DAF,DAF Sponsor,Payment,5,2025-09-17,Soft
SYN-SC-001416871,Designation 6963,S00065892,SYN-ORG-SOFT,Other Sponsor,Payment,422,2026-06-20,Soft
SYN-SC-001417383,Designation 17589,S00066405,SYN-ORG-SOFT,Other Sponsor,Payment,344,2025-11-22,Soft
SYN-SC-001417636,Designation 1,S00066641,SYN-ORG-SOFT,Other Sponsor,Payment,1675,2026-05-04,Soft
SYN-SC-001417756,Designation 1,S00066729,SYN-ORG-SOFT,Other Sponsor,Payment,600,2026-02-04,Soft
SYN-SC-001418357,Designation 1,S00067265,SYN-ORG-DAF,DAF Sponsor,Payment,1200,2025-10-26,Soft
SYN-SC-001418598,Other,S00067394,SYN-ORG-SOFT,Other Sponsor,Payment,13,2026-05-15,Soft
SYN-SC-001419342,Other,S00067925,SYN-ORG-DAF,DAF Sponsor,Payment,600,2025-12-05,Soft
SYN-SC-001419795,Designation 1,S00068318,SYN-ORG-SOFT,Other Sponsor,Payment,25,2026-01-10,Soft
SYN-SC-001419808,Designation 1,S00068320,SYN-ORG-SOFT,Other Sponsor,Payment,100,2026-04-29,Soft
SYN-SC-001420212,Designation 1,S00068622,SYN-ORG-DAF,DAF Sponsor,Payment,5,2026-06-29,Soft
SYN-SC-001420274,Designation 16511,S00068689,SYN-ORG-SOFT,Other Sponsor,Payment,479,2025-08-12,Soft
SYN-SC-001420301,Designation 8,S00068706,SYN-ORG-SOFT,Other Sponsor,Payment,1530,2026-03-26,Soft
SYN-SC-001420858,Designation 1,S00069166,SYN-ORG-DAF,DAF Sponsor,Payment,190,2025-09-21,Soft
SYN-SC-001421122,Designation 1,S00069390,SYN-ORG-SOFT,Other Sponsor,Payment,735,2025-08-16,Soft
SYN-SC-001421555,Designation 1,S00069690,SYN-ORG-SOFT,Other Sponsor,Payment,340,2026-06-13,Soft
SYN-SC-001421780,Designation 1,S00069899,SYN-ORG-SOFT,Other Sponsor,Payment,5,2025-11-04,Soft
SYN-SC-001422170,Designation 12834,S00070241,SYN-ORG-SOFT,Other Sponsor,Payment,178,2025-09-10,Soft
SYN-SC-001422806,Designation 1,S00070644,SYN-ORG-SOFT,Other Sponsor,Payment,1677,2026-01-13,Soft
SYN-SC-001422877,Designation 1,S00070704,SYN-ORG-SOFT,Other Sponsor,Payment,178,2025-11-23,Soft
SYN-SC-001423096,Designation 9,S00070826,SYN-ORG-SOFT,Other Sponsor,Payment,109,2026-01-04,Soft
SYN-SC-001423178,Designation 1,S00070905,SYN-ORG-SOFT,Other Sponsor,Payment,7,2025-11-28,Soft
SYN-SC-001423552,Designation 8117,S00071120,SYN-ORG-SOFT,Other Sponsor,Payment,10,2026-05-11,Soft
SYN-SC-001423923,Other,S00071376,SYN-ORG-SOFT,Other Sponsor,Payment,239,2026-04-20,Soft
SYN-SC-001424039,Designation 1,S00071515,SYN-ORG-SOFT,Other Sponsor,Payment,190,2026-04-19,Soft
SYN-SC-001424106,Designation 9885,S00071592,SYN-ORG-SOFT,Other Sponsor,Payment,550,2025-09-16,Soft
SYN-SC-001424166,Other,S00071659,SYN-ORG-SOFT,Other Sponsor,Payment,1008,2025-07-04,Soft
SYN-SC-001424417,Designation 3060,S00071923,SYN-ORG-SOFT,Other Sponsor,Payment,200,2025-11-09,Soft
SYN-SC-001424884,Designation 1831,S00072267,SYN-ORG-DAF,DAF Sponsor,Payment,540,2026-05-23,Soft
SYN-SC-001425079,Designation 8559,S00072479,SYN-ORG-SOFT,Other Sponsor,Payment,7,2025-08-04,Soft
SYN-SC-001426220,Designation 3708,S00073321,SYN-ORG-DAF,DAF Sponsor,Payment,250,2026-06-24,Soft
SYN-SC-001426308,Designation 1,S00073359,SYN-ORG-SOFT,Other Sponsor,Payment,178,2026-03-16,Soft
SYN-SC-001426920,Designation 8082,S00073911,SYN-ORG-SOFT,Other Sponsor,Payment,600,2025-11-29,Soft
SYN-SC-001427275,Designation 1,S00074249,SYN-ORG-SOFT,Other Sponsor,Payment,130,2025-11-01,Soft
SYN-SC-001427477,Designation 9321,S00074391,SYN-ORG-SOFT,Other Sponsor,Payment,118,2026-03-05,Soft
SYN-SC-001427831,Designation 1,S00074730,SYN-ORG-SOFT,Other Sponsor,Payment,480,2026-05-03,Soft
SYN-SC-001427977,Designation 1,S00074817,SYN-ORG-SOFT,Other Sponsor,Payment,9,2026-01-02,Soft
SYN-SC-001428039,Designation 1,S00074845,SYN-ORG-SOFT,Other Sponsor,Payment,6,2025-08-27,Soft
SYN-SC-001428611,Designation 13532,S00075245,SYN-ORG-SOFT,Other Sponsor,Payment,8,2025-11-02,Soft
SYN-SC-001429235,Designation 1,S00075738,SYN-ORG-DAF,DAF Sponsor,Payment,34,2026-03-31,Soft
SYN-SC-001429317,Other,S00075829,SYN-ORG-DAF,DAF Sponsor,Payment,600,2026-03-11,Soft
SYN-SC-001429839,Other,S00076256,SYN-ORG-SOFT,Other Sponsor,Payment,1322,2025-07-22,Soft
SYN-SC-001430411,Designation 1,S00076756,SYN-ORG-SOFT,Other Sponsor,Payment,2000,2025-11-21,Soft
SYN-SC-001431011,Designation 33979,S00077239,SYN-ORG-SOFT,Other Sponsor,Payment,5,2025-07-28,Soft
SYN-SC-001431765,Designation 1,S00077870,SYN-ORG-SOFT,Other Sponsor,Payment,250,2025-12-28,Soft
SYN-SC-001431871,Designation 22,S00077929,SYN-ORG-SOFT,Other Sponsor,Payment,1200,2026-04-25,Soft
SYN-SC-001432122,Other,S00078117,SYN-ORG-DAF,DAF Sponsor,Payment,250,2026-01-10,Soft
SYN-SC-001432210,Designation 12300,S00078177,SYN-ORG-SOFT,Other Sponsor,Payment,1140,2026-01-20,Soft
SYN-SC-001432883,Designation 383,S00078682,SYN-ORG-DAF,DAF Sponsor,Payment,70,2025-11-20,Soft
SYN-SC-001433257,Designation 1,S00079005,SYN-ORG-DAF,DAF Sponsor,Payment,190,2025-08-20,Soft
SYN-SC-001433479,Designation 4,S00079177,SYN-ORG-SOFT,Other Sponsor,Payment,5111,2025-10-19,Soft
SYN-SC-001433514,Designation 1,S00079199,SYN-ORG-SOFT,Other Sponsor,Payment,480,2025-08-20,Soft
SYN-SC-001434139,Designation 35412,S00079795,SYN-ORG-DAF,DAF Sponsor,Payment,5000,2026-03-20,Soft
SYN-SC-001434208,Designation 2082,S00079867,SYN-ORG-DAF,DAF Sponsor,Payment,600,2026-06-05,Soft
SYN-SC-001434384,Other,S00079998,SYN-ORG-SOFT,Other Sponsor,Payment,1737,2025-08-18,Soft
SYN-SC-001435020,Designation 1,S00080499,SYN-ORG-SOFT,Other Sponsor,Payment,540,2025-11-20,Soft
SYN-SC-001435045,Designation 8405,S00080518,SYN-ORG-SOFT,Other Sponsor,Payment,540,2026-01-02,Soft
SYN-SC-001435403,Designation 1,S00080840,SYN-ORG-SOFT,Other Sponsor,Payment,620,2025-07-01,Soft
SYN-SC-001435615,Designation 9,S00081002,SYN-ORG-SOFT,Other Sponsor,Payment,1372,2026-06-22,Soft
SYN-SC-001435868,Designation 1,S00081217,SYN-ORG-DAF,DAF Sponsor,Payment,236,2025-07-12,Soft
SYN-SC-001436041,Designation 1,S00081380,SYN-ORG-SOFT,Other Sponsor,Payment,35,2026-05-04,Soft
SYN-SC-001437050,Designation 1,S00081976,SYN-ORG-SOFT,Other Sponsor,Payment,5,2025-12-09,Soft
SYN-SC-001437167,Designation 18000,S00082087,SYN-ORG-SOFT,Other Sponsor,Payment,540,2026-01-04,Soft
SYN-SC-001437759,Designation 2405,S00082584,SYN-ORG-SOFT,Other Sponsor,Payment,10,2025-08-02,Soft
SYN-SC-001438128,Designation 1,S00082910,SYN-ORG-SOFT,Other Sponsor,Payment,10,2026-03-02,Soft
SYN-SC-001438351,Designation 1,S00083087,SYN-ORG-SOFT,Other Sponsor,Payment,130,2025-09-07,Soft
SYN-SC-001438393,Designation 1,S00083107,SYN-ORG-SOFT,Other Sponsor,Payment,10,2025-08-16,Soft
SYN-SC-001438596,Other,S00083243,SYN-ORG-SOFT,Other Sponsor,Payment,130,2026-02-28,Soft
SYN-SC-001438967,Designation 15324,S00083465,SYN-ORG-SOFT,Other Sponsor,Payment,274,2025-10-20,Soft
SYN-SC-001439113,Designation 31,S00083543,SYN-ORG-SOFT,Other Sponsor,Payment,190,2026-01-09,Soft
SYN-SC-001440676,Designation 1,S00084695,SYN-ORG-SOFT,Other Sponsor,Payment,1675,2025-12-24,Soft
SYN-SC-001440801,Designation 1,S00084824,SYN-ORG-SOFT,Other Sponsor,Payment,4,2026-04-02,Soft
SYN-SC-001440923,Designation 1,S00084943,SYN-ORG-SOFT,Other Sponsor,Payment,1200,2025-07-11,Soft
SYN-SC-001441106,Designation 14718,S00085121,SYN-ORG-SOFT,Other Sponsor,Payment,600,2025-08-12,Soft
SYN-SC-001441211,Designation 1,S00085201,SYN-ORG-SOFT,Other Sponsor,Payment,304,2025-10-06,Soft
SYN-SC-001441290,Designation 1,S00085279,SYN-ORG-SOFT,Other Sponsor,Payment,4,2026-06-26,Soft
SYN-SC-001441672,Other,S00085660,SYN-ORG-SOFT,Other Sponsor,Payment,330,2026-03-06,Soft
SYN-SC-001441701,Designation 11425,S00085672,SYN-ORG-SOFT,Other Sponsor,Payment,11,2026-05-07,Soft
SYN-SC-001441727,Designation 12834,S00085685,SYN-ORG-SOFT,Other Sponsor,Payment,97,2025-12-12,Soft
SYN-SC-001441730,Designation 45,S00085695,SYN-ORG-SOFT,Other Sponsor,Payment,600,2025-07-31,Soft
SYN-SC-001441731,Designation 3033,S00085703,SYN-ORG-SOFT,Other Sponsor,Payment,23,2026-06-03,Soft
SYN-SC-001441831,Designation 1,S00085767,SYN-ORG-SOFT,Other Sponsor,Payment,250,2026-06-01,Soft
SYN-SC-001442745,Designation 1,S00086501,SYN-ORG-SOFT,Other Sponsor,Payment,15,2025-09-16,Soft
SYN-SC-001442817,Designation 10168,S00086566,SYN-ORG-DAF,DAF Sponsor,Payment,250,2026-02-28,Soft
SYN-SC-001442923,Designation 28113,S00086664,SYN-ORG-SOFT,Other Sponsor,Payment,575,2026-06-04,Soft
SYN-SC-001442924,Designation 1,S00086669,SYN-ORG-SOFT,Other Sponsor,Payment,9,2026-01-15,Soft
SYN-SC-001442937,Designation 33744,S00086678,SYN-ORG-SOFT,Other Sponsor,Payment,5,2025-12-07,Soft
SYN-SC-001442964,Designation 1,S00086700,SYN-ORG-SOFT,Other Sponsor,Payment,1080,2025-07-28,Soft
SYN-SC-001443179,Designation 1,S00086903,SYN-ORG-SOFT,Other Sponsor,Payment,1045,2025-12-20,Soft
SYN-SC-001443538,Designation 33,S00087191,SYN-ORG-SOFT,Other Sponsor,Payment,378,2026-01-03,Soft
SYN-SC-001443947,Designation 1,S00087584,SYN-ORG-SOFT,Other Sponsor,Payment,517,2025-12-12,Soft
SYN-SC-001444248,Designation 1,S00087856,SYN-ORG-SOFT,Other Sponsor,Payment,246,2025-08-12,Soft
SYN-SC-001444794,Designation 1,S00088287,SYN-ORG-SOFT,Other Sponsor,Payment,190,2026-04-15,Soft
SYN-SC-001445001,Designation 1,S00088408,SYN-ORG-SOFT,Other Sponsor,Payment,69,2026-05-03,Soft
SYN-SC-001445201,Designation 1,S00088545,SYN-ORG-SOFT,Other Sponsor,Payment,480,2026-02-13,Soft
SYN-SC-001445306,Other,S00088664,SYN-ORG-SOFT,Other Sponsor,Payment,1143,2025-09-27,Soft
SYN-SC-001445492,Designation 1,S00088806,SYN-ORG-SOFT,Other Sponsor,Payment,1140,2025-09-24,Soft
SYN-SC-001446394,Designation 3624,S00089509,SYN-ORG-DAF,DAF Sponsor,Payment,130,2025-10-03,Soft
SYN-SC-001446691,Designation 7,S00089729,SYN-ORG-DAF,DAF Sponsor,Payment,1200,2026-03-05,Soft
SYN-SC-001447056,Designation 1,S00090067,SYN-ORG-DAF,DAF Sponsor,Payment,250,2026-05-04,Soft
SYN-SC-001447624,Designation 1,S00090658,SYN-ORG-SOFT,Other Sponsor,Payment,58,2025-08-20,Soft
SYN-SC-001447639,Other,S00090672,SYN-ORG-SOFT,Other Sponsor,Payment,459,2025-11-26,Soft
SYN-SC-001447654,Designation 1,S00090723,SYN-ORG-SOFT,Other Sponsor,Payment,15,2025-08-24,Soft
SYN-SC-001448152,Designation 1,S00091172,SYN-ORG-SOFT,Other Sponsor,Payment,250,2026-02-28,Soft
SYN-SC-001448177,Designation 1,S00091192,SYN-ORG-SOFT,Other Sponsor,Payment,540,2026-04-27,Soft
SYN-SC-001448853,Other,S00091774,SYN-ORG-SOFT,Other Sponsor,Payment,600,2025-10-25,Soft
SYN-SC-001448959,Designation 31549,S00091843,SYN-ORG-SOFT,Other Sponsor,Payment,5,2026-02-27,Soft
SYN-SC-001449864,Designation 1,S00092559,SYN-ORG-DAF,DAF Sponsor,Payment,250,2025-09-14,Soft
SYN-SC-001450339,Designation 7616,S00093023,SYN-ORG-SOFT,Other Sponsor,Payment,122,2026-04-30,Soft
SYN-SC-001450487,Designation 1,S00093136,SYN-ORG-SOFT,Other Sponsor,Payment,275,2026-04-13,Soft
SYN-SC-001450809,Designation 1,S00093397,SYN-ORG-DAF,DAF Sponsor,Payment,250,2025-09-06,Soft
SYN-SC-001450884,Designation 1,S00093480,SYN-ORG-SOFT,Other Sponsor,Payment,190,2025-07-19,Soft
SYN-SC-001451040,Designation 6855,S00093672,SYN-ORG-SOFT,Other Sponsor,Payment,250,2026-03-05,Soft
SYN-SC-001451191,Designation 3197,S00093789,SYN-ORG-SOFT,Other Sponsor,Payment,24,2025-11-09,Soft
SYN-SC-001451584,Designation 1,S00094023,SYN-ORG-SOFT,Other Sponsor,Payment,6,2026-03-05,Soft
SYN-SC-001452000,Designation 12710,S00094389,SYN-ORG-SOFT,Other Sponsor,Payment,368,2026-06-18,Soft
SYN-SC-001452030,Designation 4,S00094409,SYN-ORG-SOFT,Other Sponsor,Payment,73360,2026-02-17,Soft
SYN-SC-001452456,Designation 1,S00094803,SYN-ORG-SOFT,Other Sponsor,Payment,528,2025-09-21,Soft
SYN-SC-001452562,Designation 1,S00094874,SYN-ORG-SOFT,Other Sponsor,Payment,4,2026-04-05,Soft
SYN-SC-001453217,Designation 1,S00095482,SYN-ORG-SOFT,Other Sponsor,Payment,315,2025-12-21,Soft
SYN-SC-001453314,Designation 1,S00095548,SYN-ORG-SOFT,Other Sponsor,Payment,600,2025-11-28,Soft
SYN-SC-001453454,Other,S00095672,SYN-ORG-SOFT,Other Sponsor,Payment,600,2025-08-22,Soft
SYN-SC-001453843,Other,S00096016,SYN-ORG-SOFT,Other Sponsor,Payment,515,2026-02-03,Soft
SYN-SC-001453938,Designation 1,S00096106,SYN-ORG-SOFT,Other Sponsor,Payment,13,2026-02-27,Soft
SYN-SC-001454040,Designation 5242,S00096150,SYN-ORG-SOFT,Other Sponsor,Payment,420,2026-05-23,Soft
SYN-SC-001454239,Designation 1,S00096304,SYN-ORG-DAF,DAF Sponsor,Payment,5,2026-03-07,Soft
SYN-SC-001454966,Designation 34742,S00096945,SYN-ORG-SOFT,Other Sponsor,Payment,1660,2026-02-01,Soft
SYN-SC-001455503,Other,S00097357,SYN-ORG-DAF,DAF Sponsor,Payment,1128,2025-09-13,Soft
SYN-SC-001455535,Designation 19721,S00097380,SYN-ORG-DAF,DAF Sponsor,Payment,11,2026-02-28,Soft
SYN-SC-001456190,Other,S00097951,SYN-ORG-SOFT,Other Sponsor,Payment,146,2025-09-14,Soft
SYN-SC-001456856,Designation 14,S00098476,SYN-ORG-SOFT,Other Sponsor,Payment,1008,2025-08-09,Soft
SYN-SC-001457043,Designation 1,S00098630,SYN-ORG-SOFT,Other Sponsor,Payment,190,2026-01-09,Soft
SYN-SC-001457105,Other,S00098643,SYN-ORG-SOFT,Other Sponsor,Payment,360,2026-05-24,Soft
SYN-SC-001457435,Designation 1,S00098956,SYN-ORG-DAF,DAF Sponsor,Payment,250,2025-11-03,Soft
SYN-SC-001457868,Designation 1,S00099334,SYN-ORG-SOFT,Other Sponsor,Payment,600,2025-11-13,Soft
SYN-SC-001458146,Designation 723,S00099586,SYN-ORG-SOFT,Other Sponsor,Payment,500,2026-06-23,Soft
SYN-SC-001458351,Designation 1,S00099727,SYN-ORG-DAF,DAF Sponsor,Payment,4813,2025-12-13,Soft
SYN-SC-001458352,Designation 6729,S00099728,SYN-ORG-SOFT,Other Sponsor,Payment,15,2025-10-11,Soft
SYN-SC-001458365,Designation 1,S00099741,SYN-ORG-SOFT,Other Sponsor,Payment,20,2025-12-27,Soft
SYN-SC-001458375,Designation 26601,S00099768,SYN-ORG-SOFT,Other Sponsor,Payment,9,2025-07-02,Soft
SYN-SC-001458547,Designation 1,S00099955,SYN-ORG-DAF,DAF Sponsor,Payment,600,2026-05-06,Soft
SYN-SC-001459002,Designation 9313,S00100291,SYN-ORG-SOFT,Other Sponsor,Payment,3,2025-09-19,Soft
SYN-SC-001459585,Designation 1,S00100758,SYN-ORG-SOFT,Other Sponsor,Payment,250,2025-08-24,Soft
SYN-SC-001460852,Designation 1,S00101744,SYN-ORG-SOFT,Other Sponsor,Payment,190,2025-12-08,Soft
SYN-SC-001461066,Designation 16036,S00101793,SYN-ORG-SOFT,Other Sponsor,Payment,6,2025-10-13,Soft
SYN-SC-001461135,Designation 17074,S00101824,SYN-ORG-SOFT,Other Sponsor,Payment,5,2025-12-13,Soft
SYN-SC-001461208,Designation 5445,S00101856,SYN-ORG-DAF,DAF Sponsor,Payment,125,2026-03-17,Soft
SYN-SC-001461517,Designation 6956,S00101995,SYN-ORG-DAF,DAF Sponsor,Payment,190,2026-05-08,Soft
SYN-SC-001462120,Designation 1,S00102249,SYN-ORG-SOFT,Other Sponsor,Payment,6,2025-11-27,Soft
SYN-SC-001462243,Designation 1,S00102284,SYN-ORG-SOFT,Other Sponsor,Payment,336,2026-05-22,Soft
SYN-SC-001462811,Designation 1,S00102518,SYN-ORG-DAF,DAF Sponsor,Payment,10,2026-06-26,Soft
SYN-SC-001463093,Designation 1,S00102652,SYN-ORG-SOFT,Other Sponsor,Payment,74,2025-12-06,Soft
SYN-SC-001463565,Designation 20636,S00102800,SYN-ORG-SOFT,Other Sponsor,Payment,15,2025-08-08,Soft
SYN-SC-001464003,Designation 13920,S00102979,SYN-ORG-SOFT,Other Sponsor,Payment,9,2026-03-05,Soft
SYN-SC-001464183,Designation 8799,S00103054,SYN-ORG-SOFT,Other Sponsor,Payment,540,2026-02-26,Soft
SYN-SC-001464513,Designation 1,S00103158,SYN-ORG-SOFT,Other Sponsor,Payment,8211,2026-06-19,Soft
SYN-SC-001464674,Designation 4842,S00103189,SYN-ORG-DAF,DAF Sponsor,Payment,166,2026-04-03,Soft
SYN-SC-001465157,Designation 1,S00103395,SYN-ORG-SOFT,Other Sponsor,Payment,888,2025-11-20,Soft
SYN-SC-001466053,Designation 1,S00103703,SYN-ORG-SOFT,Other Sponsor,Payment,333,2026-02-22,Soft
SYN-SC-001466520,Designation 4646,S00103848,SYN-ORG-SOFT,Other Sponsor,Payment,250,2026-01-01,Soft
SYN-SC-001466754,Designation 27367,S00103936,SYN-ORG-SOFT,Other Sponsor,Payment,16,2025-09-11,Soft
SYN-SC-001466873,Designation 31776,S00103997,SYN-ORG-SOFT,Other Sponsor,Payment,130,2025-12-15,Soft
SYN-SC-001467017,Designation 1,S00104067,SYN-ORG-DAF,DAF Sponsor,Payment,975,2025-07-01,Soft
SYN-SC-001467414,Designation 1,S00104214,SYN-ORG-SOFT,Other Sponsor,Payment,10,2025-07-12,Soft
SYN-SC-001467439,Designation 1,S00104221,SYN-ORG-SOFT,Other Sponsor,Payment,193,2026-06-12,Soft
SYN-SC-001468122,Designation 19403,S00104414,SYN-ORG-SOFT,Other Sponsor,Payment,10,2026-02-20,Soft
SYN-SC-001468596,Other,S00104565,SYN-ORG-SOFT,Other Sponsor,Payment,600,2025-10-01,Soft
SYN-SC-001468768,Designation 1,S00104622,SYN-ORG-SOFT,Other Sponsor,Payment,111,2026-05-08,Soft
SYN-SC-001468865,Designation 13462,S00104647,SYN-ORG-SOFT,Other Sponsor,Payment,205,2026-04-26,Soft
SYN-SC-001470312,Designation 2473,S00105241,SYN-ORG-DAF,DAF Sponsor,Payment,13,2025-08-07,Soft
SYN-SC-001470435,Designation 2911,S00105291,SYN-ORG-SOFT,Other Sponsor,Payment,16,2025-10-04,Soft
SYN-SC-001470448,Designation 2,S00105292,SYN-ORG-SOFT,Other Sponsor,Payment,468,2026-04-25,Soft
SYN-SC-001470711,Designation 12950,S00105373,SYN-ORG-SOFT,Other Sponsor,Payment,315,2026-04-08,Soft
SYN-SC-001471239,Designation 1,S00105618,SYN-ORG-DAF,DAF Sponsor,Payment,424,2025-10-11,Soft
SYN-SC-001471851,Designation 1,S00105836,SYN-ORG-SOFT,Other Sponsor,Payment,3,2026-04-19,Soft
SYN-SC-001471939,Designation 20041,S00105867,SYN-ORG-SOFT,Other Sponsor,Payment,183,2025-11-17,Soft
SYN-SC-001472095,Other,S00105916,SYN-ORG-SOFT,Other Sponsor,Payment,339,2025-12-12,Soft
SYN-SC-001472137,Designation 1,S00105937,SYN-ORG-SOFT,Other Sponsor,Payment,600,2026-02-21,Soft
SYN-SC-001472837,Designation 1,S00106263,SYN-ORG-DAF,DAF Sponsor,Payment,225,2025-12-02,Soft
SYN-SC-001473286,Designation 6023,S00106442,SYN-ORG-SOFT,Other Sponsor,Payment,119,2026-05-29,Soft
SYN-SC-001474311,Designation 23878,S00106842,SYN-ORG-DAF,DAF Sponsor,Payment,12,2026-04-28,Soft
SYN-SC-001474733,Designation 54,S00106962,SYN-ORG-DAF,DAF Sponsor,Payment,1116,2026-04-04,Soft
SYN-SC-001478403,Designation 23185,S00108331,SYN-ORG-SOFT,Other Sponsor,Payment,5,2025-09-27,Soft
SYN-SC-001478543,Designation 15010,S00108420,SYN-ORG-DAF,DAF Sponsor,Payment,432,2025-11-14,Soft
SYN-SC-001479851,Designation 1,S00108801,SYN-ORG-SOFT,Other Sponsor,Payment,10,2025-09-05,Soft
SYN-SC-001481721,Designation 9015,S00109345,SYN-ORG-SOFT,Other Sponsor,Payment,158,2026-04-13,Soft
SYN-SC-001482164,Designation 1,S00109473,SYN-ORG-SOFT,Other Sponsor,Payment,310,2026-03-19,Soft
SYN-SC-001482206,Other,S00109487,SYN-ORG-DAF,DAF Sponsor,Payment,1615,2026-06-20,Soft
SYN-SC-001482892,Designation 1,S00109689,SYN-ORG-SOFT,Other Sponsor,Payment,528,2025-12-19,Soft
SYN-SC-001483266,Designation 1,S00109840,SYN-ORG-SOFT,Other Sponsor,Payment,83,2026-05-27,Soft
SYN-SC-001483292,Designation 3773,S00109844,SYN-ORG-DAF,DAF Sponsor,Payment,7,2025-08-19,Soft
SYN-SC-001483518,Designation 47,S00109904,SYN-ORG-SOFT,Other Sponsor,Payment,253,2025-10-11,Soft
SYN-SC-001484633,Designation 449,S00110250,SYN-ORG-SOFT,Other Sponsor,Payment,12,2025-08-12,Soft
SYN-SC-001485006,Designation 1,S00110351,SYN-ORG-SOFT,Other Sponsor,Payment,250,2026-02-01,Soft
SYN-SC-001485341,Other,S00110434,SYN-ORG-SOFT,Other Sponsor,Payment,12,2025-11-19,Soft
SYN-SC-001486201,Other,S00110680,SYN-ORG-SOFT,Other Sponsor,Payment,70,2025-08-11,Soft
SYN-SC-001486749,Designation 752,S00110889,SYN-ORG-SOFT,Other Sponsor,Payment,4,2026-03-20,Soft
SYN-SC-001487875,Designation 1,S00111200,SYN-ORG-SOFT,Other Sponsor,Payment,540,2026-02-05,Soft
SYN-SC-001487946,Designation 1,S00111217,SYN-ORG-SOFT,Other Sponsor,Payment,20,2026-05-30,Soft
SYN-SC-001488004,Designation 5881,S00111244,SYN-ORG-SOFT,Other Sponsor,Payment,53,2026-05-30,Soft
SYN-SC-001488524,Designation 3,S00111398,SYN-ORG-SOFT,Other Sponsor,Payment,1140,2026-01-02,Soft
SYN-SC-001488800,Designation 654,S00111483,SYN-ORG-DAF,DAF Sponsor,Payment,40,2025-09-02,Soft
SYN-SC-001488888,Designation 7256,S00111499,SYN-ORG-SOFT,Other Sponsor,Payment,5,2026-01-02,Soft
SYN-SC-001490093,Designation 1,S00111864,SYN-ORG-DAF,DAF Sponsor,Payment,298,2025-10-13,Soft
SYN-SC-001490559,Other,S00111995,SYN-ORG-SOFT,Other Sponsor,Payment,23,2026-06-26,Soft
SYN-SC-001490969,Designation 20,S00112109,SYN-ORG-DAF,DAF Sponsor,Payment,332,2026-04-03,Soft
SYN-SC-001491126,Designation 1,S00112154,SYN-ORG-DAF,DAF Sponsor,Payment,250,2026-05-21,Soft
SYN-SC-001491548,Designation 3722,S00112286,SYN-ORG-SOFT,Other Sponsor,Payment,10,2025-12-03,Soft
SYN-SC-001491811,Designation 3773,S00112368,SYN-ORG-SOFT,Other Sponsor,Payment,6,2026-02-01,Soft
SYN-SC-001492278,Designation 1,S00112514,SYN-ORG-SOFT,Other Sponsor,Payment,8,2025-11-30,Soft
SYN-SC-001492342,Designation 25271,S00112534,SYN-ORG-SOFT,Other Sponsor,Payment,6,2026-02-18,Soft
SYN-SC-001492556,Designation 27661,S00112593,SYN-ORG-DAF,DAF Sponsor,Payment,13,2025-09-20,Soft
SYN-SC-001492679,Designation 11907,S00112625,SYN-ORG-SOFT,Other Sponsor,Payment,130,2026-05-06,Soft
SYN-SC-001492961,Designation 1,S00112706,SYN-ORG-SOFT,Other Sponsor,Payment,178,2026-01-17,Soft
SYN-SC-001493019,Designation 1554,S00112721,SYN-ORG-SOFT,Other Sponsor,Payment,5,2026-02-02,Soft
SYN-SC-001494262,Designation 9,S00113073,SYN-ORG-SOFT,Other Sponsor,Payment,346,2025-12-19,Soft
SYN-SC-001494993,Designation 1,S00113289,SYN-ORG-SOFT,Other Sponsor,Payment,178,2026-03-13,Soft
SYN-SC-001495549,Other,S00113460,SYN-ORG-DAF,DAF Sponsor,Payment,877,2025-11-20,Soft
SYN-SC-001496093,Designation 1,S00113608,SYN-ORG-DAF,DAF Sponsor,Payment,25,2026-06-19,Soft
SYN-SC-001496358,Designation 1,S00113666,SYN-ORG-SOFT,Other Sponsor,Payment,71,2026-03-02,Soft
SYN-SC-001498209,Designation 1,S00114211,SYN-ORG-SOFT,Other Sponsor,Payment,7,2026-06-25,Soft
SYN-SC-001498543,Designation 425,S00114312,SYN-ORG-SOFT,Other Sponsor,Payment,11,2025-08-26,Soft
SYN-SC-001498955,Designation 14437,S00114460,SYN-ORG-SOFT,Other Sponsor,Payment,5,2025-08-20,Soft
SYN-SC-001499677,Designation 18221,S00114675,SYN-ORG-SOFT,Other Sponsor,Payment,394,2026-01-04,Soft
SYN-SC-001500468,Designation 1941,S00114922,SYN-ORG-DAF,DAF Sponsor,Payment,540,2025-11-16,Soft
SYN-SC-001500751,Other,S00114990,SYN-ORG-DAF,DAF Sponsor,Payment,25,2025-07-02,Soft
SYN-SC-001501083,Designation 8424,S00115116,SYN-ORG-SOFT,Other Sponsor,Payment,7,2026-06-28,Soft
SYN-SC-001501764,Designation 1,S00115305,SYN-ORG-SOFT,Other Sponsor,Payment,250,2025-12-02,Soft
SYN-SC-001502170,Designation 15928,S00115459,SYN-ORG-DAF,DAF Sponsor,Payment,5,2025-11-11,Soft
SYN-SC-001502208,Designation 1,S00115466,SYN-ORG-SOFT,Other Sponsor,Payment,682,2026-01-10,Soft
SYN-SC-001502990,Designation 1,S00115682,SYN-ORG-SOFT,Other Sponsor,Payment,15,2025-10-23,Soft
SYN-SC-001503077,Designation 7210,S00115709,SYN-ORG-SOFT,Other Sponsor,Payment,480,2026-05-11,Soft
SYN-SC-001503205,Designation 880,S00115768,SYN-ORG-SOFT,Other Sponsor,Payment,4,2025-07-24,Soft
SYN-SC-001503625,Designation 13230,S00115901,SYN-ORG-SOFT,Other Sponsor,Payment,7,2026-06-05,Soft
SYN-SC-001504925,Designation 5192,S00116258,SYN-ORG-SOFT,Other Sponsor,Payment,17,2025-12-20,Soft
SYN-SC-001505503,Designation 1,S00116378,SYN-ORG-SOFT,Other Sponsor,Payment,178,2026-06-08,Soft
SYN-SC-001506006,Designation 11462,S00116503,SYN-ORG-SOFT,Other Sponsor,Payment,5,2025-07-05,Soft
SYN-SC-001506045,Designation 1,S00116515,SYN-ORG-SOFT,Other Sponsor,Payment,24,2026-06-20,Soft
SYN-SC-001506071,Designation 2373,S00116518,SYN-ORG-SOFT,Other Sponsor,Payment,94,2026-06-13,Soft
SYN-SC-001507339,Other,S00116801,SYN-ORG-SOFT,Other Sponsor,Payment,130,2025-09-02,Soft
SYN-SC-001507575,Other,S00116856,SYN-ORG-SOFT,Other Sponsor,Payment,178,2026-04-05,Soft
SYN-SC-001508268,Other,S00117003,SYN-ORG-SOFT,Other Sponsor,Payment,5,2026-04-17,Soft
SYN-SC-001508393,Designation 1,S00117037,SYN-ORG-SOFT,Other Sponsor,Payment,540,2025-10-01,Soft
SYN-SC-001508470,Designation 29754,S00117063,SYN-ORG-SOFT,Other Sponsor,Payment,5,2026-01-17,Soft
SYN-SC-001511044,Designation 27392,S00117731,SYN-ORG-DAF,DAF Sponsor,Payment,13,2026-05-21,Soft
SYN-SC-001512621,Designation 1,S00118067,SYN-ORG-SOFT,Other Sponsor,Payment,50,2025-12-22,Soft
SYN-SC-001512665,Designation 1,S00118079,SYN-ORG-SOFT,Other Sponsor,Payment,81,2026-04-15,Soft
SYN-SC-001513174,Other,S00118191,SYN-ORG-SOFT,Other Sponsor,Payment,190,2026-01-13,Soft
SYN-SC-001513434,Designation 1,S00118235,SYN-ORG-SOFT,Other Sponsor,Payment,5,2025-10-19,Soft
SYN-SC-001514057,Designation 24751,S00118382,SYN-ORG-SOFT,Other Sponsor,Payment,5,2026-06-01,Soft
SYN-SC-001514207,Other,S00118417,SYN-ORG-SOFT,Other Sponsor,Payment,1851,2026-03-19,Soft
SYN-SC-001515561,Designation 1,S00118701,SYN-ORG-SOFT,Other Sponsor,Payment,4,2025-11-27,Soft
SYN-SC-001516332,Designation 1,S00118880,SYN-ORG-SOFT,Other Sponsor,Payment,70,2025-10-30,Soft
SYN-SC-001517609,Designation 2004,S00119146,SYN-ORG-SOFT,Other Sponsor,Payment,16,2026-02-14,Soft
SYN-SC-001517912,Designation 1,S00119210,SYN-ORG-DAF,DAF Sponsor,Payment,7,2026-01-09,Soft
SYN-SC-001518086,Designation 4,S00119239,SYN-ORG-SOFT,Other Sponsor,Payment,634,2025-10-04,Soft
SYN-SC-001518597,Other,S00119353,SYN-ORG-SOFT,Other Sponsor,Payment,14,2026-01-23,Soft
SYN-SC-001518683,Other,S00119367,SYN-ORG-DAF,DAF Sponsor,Payment,4,2025-10-05,Soft
SYN-SC-001518721,Designation 6094,S00119372,SYN-ORG-SOFT,Other Sponsor,Payment,190,2025-09-30,Soft
SYN-SC-001521553,Designation 12,S00120016,SYN-ORG-DAF,DAF Sponsor,Payment,540,2025-10-01,Soft
SYN-SC-001521848,Designation 21877,S00120115,SYN-ORG-SOFT,Other Sponsor,Payment,5,2026-02-19,Soft
SYN-SC-001521996,Designation 1,S00120150,SYN-ORG-SOFT,Other Sponsor,Payment,3,2025-08-11,Soft
SYN-SC-001522401,Designation 18578,S00120228,SYN-ORG-SOFT,Other Sponsor,Payment,7,2025-11-25,Soft
SYN-SC-001523122,Designation 1,S00120399,SYN-ORG-SOFT,Other Sponsor,Payment,489,2025-09-11,Soft
SYN-SC-001523250,Designation 31847,S00120430,SYN-ORG-SOFT,Other Sponsor,Payment,360,2025-12-09,Soft
SYN-SC-001523511,Designation 1,S00120489,SYN-ORG-SOFT,Other Sponsor,Payment,190,2026-01-06,Soft
SYN-SC-001524877,Designation 2557,S00120803,SYN-ORG-SOFT,Other Sponsor,Payment,8,2025-12-15,Soft
SYN-SC-001525496,Other,S00120957,SYN-ORG-SOFT,Other Sponsor,Payment,190,2025-10-26,Soft
SYN-SC-001526220,Designation 1,S00121142,SYN-ORG-SOFT,Other Sponsor,Payment,179,2026-04-03,Soft
SYN-SC-001526404,Designation 6675,S00121170,SYN-ORG-DAF,DAF Sponsor,Payment,20,2026-02-03,Soft
SYN-SC-001526587,Designation 1,S00121206,SYN-ORG-SOFT,Other Sponsor,Payment,140,2025-07-24,Soft
SYN-SC-001526828,Designation 12338,S00121268,SYN-ORG-DAF,DAF Sponsor,Payment,6,2025-07-02,Soft
SYN-SC-001527361,Designation 1,S00121384,SYN-ORG-SOFT,Other Sponsor,Payment,540,2025-10-02,Soft
SYN-SC-001527408,Designation 1,S00121400,SYN-ORG-SOFT,Other Sponsor,Payment,5,2026-05-19,Soft
SYN-SC-001527792,Designation 5433,S00121473,SYN-ORG-SOFT,Other Sponsor,Payment,348,2025-11-20,Soft
SYN-SC-001528047,Designation 3193,S00121520,SYN-ORG-SOFT,Other Sponsor,Payment,10,2025-12-09,Soft
SYN-SC-001528813,Designation 34482,S00121650,SYN-ORG-SOFT,Other Sponsor,Payment,10,2025-08-08,Soft
SYN-SC-001528853,Other,S00121656,SYN-ORG-DAF,DAF Sponsor,Payment,230,2025-12-07,Soft
SYN-SC-001529307,Designation 1,S00121729,SYN-ORG-SOFT,Other Sponsor,Payment,5,2025-07-08,Soft
SYN-SC-001530263,Designation 843,S00121901,SYN-ORG-SOFT,Other Sponsor,Payment,250,2025-11-02,Soft
SYN-SC-001530577,Designation 15327,S00121959,SYN-ORG-SOFT,Other Sponsor,Payment,5,2026-04-09,Soft
SYN-SC-001531131,Designation 1,S00122064,SYN-ORG-SOFT,Other Sponsor,Payment,20,2026-04-04,Soft
SYN-SC-001531141,Designation 7383,S00122068,SYN-ORG-SOFT,Other Sponsor,Payment,50,2026-05-20,Soft
SYN-SC-001531774,Other,S00122199,SYN-ORG-SOFT,Other Sponsor,Payment,322,2025-07-16,Soft
SYN-SC-001532005,Designation 1,S00122252,SYN-ORG-SOFT,Other Sponsor,Payment,9,2026-05-19,Soft
SYN-SC-001532370,Other,S00122334,SYN-ORG-SOFT,Other Sponsor,Payment,10,2026-06-27,Soft
SYN-SC-001532384,Designation 1,S00122338,SYN-ORG-SOFT,Other Sponsor,Payment,75,2026-01-28,Soft
SYN-SC-001532495,Designation 53,S00122364,SYN-ORG-SOFT,Other Sponsor,Payment,540,2026-04-10,Soft
SYN-SC-001532790,Designation 1,S00122424,SYN-ORG-SOFT,Other Sponsor,Payment,190,2026-05-01,Soft
SYN-SC-001533812,Designation 11,S00122635,SYN-ORG-SOFT,Other Sponsor,Payment,70,2026-05-16,Soft
SYN-SC-001534014,Designation 18,S00122689,SYN-ORG-SOFT,Other Sponsor,Payment,540,2025-12-27,Soft
SYN-SC-001534124,Designation 1,S00122718,SYN-ORG-SOFT,Other Sponsor,Payment,150,2025-07-07,Soft
SYN-SC-001534234,Designation 20374,S00122744,SYN-ORG-DAF,DAF Sponsor,Payment,12,2025-09-09,Soft
SYN-SC-001534337,Designation 1,S00122769,SYN-ORG-SOFT,Other Sponsor,Payment,4,2026-01-01,Soft
SYN-SC-001534866,Designation 4842,S00122894,SYN-ORG-SOFT,Other Sponsor,Payment,154,2025-09-09,Soft
SYN-SC-001535364,Designation 1,S00122996,SYN-ORG-SOFT,Other Sponsor,Payment,12,2025-10-05,Soft
SYN-SC-001535918,Other,S00123089,SYN-ORG-SOFT,Other Sponsor,Payment,20,2025-09-04,Soft
SYN-SC-001537415,Designation 4488,S00123377,SYN-ORG-SOFT,Other Sponsor,Payment,7,2026-04-26,Soft
SYN-SC-001539729,Designation 1,S00123827,SYN-ORG-SOFT,Other Sponsor,Payment,5,2025-12-29,Soft
SYN-SC-001541146,Designation 10366,S00124127,SYN-ORG-SOFT,Other Sponsor,Payment,7,2025-09-28,Soft
SYN-SC-001542070,Designation 6713,S00124284,SYN-ORG-SOFT,Other Sponsor,Payment,15,2025-11-03,Soft
SYN-SC-001543261,Designation 1,S00124520,SYN-ORG-SOFT,Other Sponsor,Payment,289,2025-09-09,Soft
SYN-SC-001544049,Other,S00124673,SYN-ORG-SOFT,Other Sponsor,Payment,600,2026-03-03,Soft
SYN-SC-001544101,Designation 5617,S00124686,SYN-ORG-SOFT,Other Sponsor,Payment,600,2025-12-05,Soft
SYN-SC-001544402,Designation 3003,S00124730,SYN-ORG-SOFT,Other Sponsor,Payment,5,2025-11-21,Soft
SYN-SC-001545460,Designation 1,S00124949,SYN-ORG-SOFT,Other Sponsor,Payment,10,2026-03-08,Soft
SYN-SC-001545717,Other,S00124994,SYN-ORG-SOFT,Other Sponsor,Payment,340,2026-05-22,Soft
SYN-SC-001545879,Designation 1,S00125032,SYN-ORG-SOFT,Other Sponsor,Payment,250,2026-01-08,Soft
SYN-SC-001546952,Designation 1,S00125239,SYN-ORG-DAF,DAF Sponsor,Payment,6,2026-04-14,Soft
SYN-SC-001547816,Designation 1,S00125434,SYN-ORG-SOFT,Other Sponsor,Payment,250,2025-09-04,Soft
SYN-SC-001549117,Designation 1,S00125691,SYN-ORG-SOFT,Other Sponsor,Payment,298,2025-08-18,Soft
SYN-SC-001549539,Other,S00125772,SYN-ORG-SOFT,Other Sponsor,Payment,10,2025-11-04,Soft
SYN-SC-001549623,Designation 12424,S00125792,SYN-ORG-SOFT,Other Sponsor,Payment,5,2025-10-08,Soft
SYN-SC-001549806,Designation 2246,S00125841,SYN-ORG-SOFT,Other Sponsor,Payment,250,2026-01-05,Soft
SYN-SC-001549988,Designation 1,S00125876,SYN-ORG-SOFT,Other Sponsor,Payment,5,2026-06-02,Soft
SYN-SC-001550590,Designation 1,S00125988,SYN-ORG-SOFT,Other Sponsor,Payment,5,2026-01-03,Soft
SYN-SC-001551915,Designation 1,S00126228,SYN-ORG-SOFT,Other Sponsor,Payment,130,2026-02-12,Soft
SYN-SC-001553004,Designation 1,S00126443,SYN-ORG-SOFT,Other Sponsor,Payment,600,2026-05-20,Soft
SYN-SC-001553628,Designation 1,S00126572,SYN-ORG-SOFT,Other Sponsor,Payment,3,2026-05-17,Soft
SYN-SC-001553857,Designation 1,S00126627,SYN-ORG-SOFT,Other Sponsor,Payment,5,2026-01-25,Soft
SYN-SC-001554048,Designation 25214,S00126672,SYN-ORG-SOFT,Other Sponsor,Payment,5,2026-05-19,Soft
SYN-SC-001554406,Designation 1,S00126748,SYN-ORG-SOFT,Other Sponsor,Payment,178,2026-02-03,Soft
SYN-SC-001555686,Designation 1,S00127013,SYN-ORG-SOFT,Other Sponsor,Payment,10,2025-07-01,Soft
SYN-SC-001555713,Designation 2103,S00127022,SYN-ORG-SOFT,Other Sponsor,Payment,3,2026-02-23,Soft
SYN-SC-001556293,Designation 11187,S00127149,SYN-ORG-SOFT,Other Sponsor,Payment,7,2026-01-29,Soft
SYN-SC-001556536,Other,S00127196,SYN-ORG-SOFT,Other Sponsor,Payment,600,2026-01-03,Soft
SYN-SC-001556989,Designation 10127,S00127262,SYN-ORG-SOFT,Other Sponsor,Payment,5,2025-10-11,Soft
SYN-SC-001558360,Designation 1,S00127480,SYN-ORG-DAF,DAF Sponsor,Payment,405,2026-04-18,Soft
SYN-SC-001558460,Other,S00127498,SYN-ORG-SOFT,Other Sponsor,Payment,190,2026-06-20,Soft
SYN-SC-001558743,Designation 24283,S00127544,SYN-ORG-SOFT,Other Sponsor,Payment,190,2025-08-02,Soft
SYN-SC-001559560,Designation 1,S00127673,SYN-ORG-DAF,DAF Sponsor,Payment,6,2026-04-29,Soft
SYN-SC-001559786,Designation 1,S00127708,SYN-ORG-SOFT,Other Sponsor,Payment,130,2026-06-27,Soft
SYN-SC-001560273,Designation 3743,S00127793,SYN-ORG-SOFT,Other Sponsor,Payment,150,2026-05-31,Soft
SYN-SC-001561069,Designation 1,S00127926,SYN-ORG-SOFT,Other Sponsor,Payment,130,2026-02-11,Soft
SYN-SC-001561291,Designation 1,S00127966,SYN-ORG-SOFT,Other Sponsor,Payment,130,2026-05-25,Soft
SYN-SC-001561498,Designation 5470,S00128004,SYN-ORG-SOFT,Other Sponsor,Payment,122,2025-10-06,Soft
SYN-SC-001562416,Designation 1,S00128178,SYN-ORG-SOFT,Other Sponsor,Payment,21,2025-10-15,Soft
SYN-SC-001565386,Designation 45,S00128712,SYN-ORG-SOFT,Other Sponsor,Payment,288,2026-05-12,Soft
SYN-SC-001565411,Designation 1,S00128716,SYN-ORG-SOFT,Other Sponsor,Payment,5,2026-02-10,Soft
SYN-SC-001565512,Designation 9299,S00128735,SYN-ORG-SOFT,Other Sponsor,Payment,6,2025-10-01,Soft
SYN-SC-001566115,Designation 1,S00128830,SYN-ORG-SOFT,Other Sponsor,Payment,250,2025-08-09,Soft
SYN-SC-001566292,Designation 999,S00128851,SYN-ORG-SOFT,Other Sponsor,Payment,130,2026-06-23,Soft
SYN-SC-001566844,Designation 1,S00128944,SYN-ORG-DAF,DAF Sponsor,Payment,190,2025-11-16,Soft
SYN-SC-001567411,Designation 1,S00129050,SYN-ORG-SOFT,Other Sponsor,Payment,190,2025-09-21,Soft
SYN-SC-001567554,Designation 1,S00129071,SYN-ORG-SOFT,Other Sponsor,Payment,7,2025-11-09,Soft
SYN-SC-001568206,Designation 12491,S00129174,SYN-ORG-SOFT,Other Sponsor,Payment,190,2025-12-01,Soft
SYN-SC-001568621,Designation 1,S00129261,SYN-ORG-SOFT,Other Sponsor,Payment,74,2025-07-05,Soft
SYN-SC-001568661,Designation 871,S00129267,SYN-ORG-SOFT,Other Sponsor,Payment,219,2025-08-29,Soft
SYN-SC-001568776,Designation 843,S00129297,SYN-ORG-SOFT,Other Sponsor,Payment,130,2025-11-05,Soft
SYN-SC-001569223,Other,S00129380,SYN-ORG-DAF,DAF Sponsor,Payment,540,2026-03-10,Soft
SYN-SC-001569365,Designation 1,S00129406,SYN-ORG-SOFT,Other Sponsor,Payment,190,2026-01-23,Soft
SYN-SC-001569445,Designation 36002,S00129418,SYN-ORG-DAF,DAF Sponsor,Payment,5,2026-01-28,Soft
SYN-SC-001569938,Other,S00129507,SYN-ORG-SOFT,Other Sponsor,Payment,540,2025-08-29,Soft
SYN-SC-001570155,Designation 1,S00129548,SYN-ORG-SOFT,Other Sponsor,Payment,5,2025-07-31,Soft
SYN-SC-001572118,Other,S00129892,SYN-ORG-SOFT,Other Sponsor,Payment,322,2025-08-07,Soft
SYN-SC-001573960,Designation 1,S00130185,SYN-ORG-SOFT,Other Sponsor,Payment,6,2026-04-18,Soft
SYN-SC-001574560,Other,S00130314,SYN-ORG-SOFT,Other Sponsor,Payment,579,2025-07-19,Soft
SYN-SC-001574649,Designation 1,S00130331,SYN-ORG-SOFT,Other Sponsor,Payment,250,2025-12-02,Soft
SYN-SC-001574789,Designation 1,S00130354,SYN-ORG-SOFT,Other Sponsor,Payment,5,2026-01-23,Soft
SYN-SC-001574876,Designation 1614,S00130366,SYN-ORG-SOFT,Other Sponsor,Payment,407,2025-07-01,Soft
SYN-SC-001575264,Designation 1,S00130437,SYN-ORG-SOFT,Other Sponsor,Payment,600,2025-07-04,Soft
SYN-SC-001575338,Other,S00130453,SYN-ORG-SOFT,Other Sponsor,Payment,5,2026-01-22,Soft
SYN-SC-001575835,Other,S00130525,SYN-ORG-SOFT,Other Sponsor,Payment,14,2026-02-11,Soft
SYN-SC-001576555,Designation 11947,S00130670,SYN-ORG-SOFT,Other Sponsor,Payment,348,2025-12-03,Soft
SYN-SC-001576612,Designation 1,S00130677,SYN-ORG-SOFT,Other Sponsor,Payment,107,2025-08-11,Soft
SYN-SC-001576875,Designation 7344,S00130731,SYN-ORG-SOFT,Other Sponsor,Payment,7,2025-12-04,Soft
SYN-SC-001577740,Designation 14380,S00130876,SYN-ORG-SOFT,Other Sponsor,Payment,5,2026-04-14,Soft
SYN-SC-001579279,Designation 1,S00131138,SYN-ORG-SOFT,Other Sponsor,Payment,10,2025-08-28,Soft
SYN-SC-001580798,Designation 1,S00131383,SYN-ORG-SOFT,Other Sponsor,Payment,9,2025-09-16,Soft
SYN-SC-001580799,Designation 1,S00131384,SYN-ORG-SOFT,Other Sponsor,Payment,250,2026-06-03,Soft
SYN-SC-001582544,Designation 1,S00131623,SYN-ORG-SOFT,Other Sponsor,Payment,125,2026-03-14,Soft
SYN-SC-001583258,Designation 1,S00131731,SYN-ORG-SOFT,Other Sponsor,Payment,162,2025-09-02,Soft
SYN-SC-001584017,Designation 1,S00131843,SYN-ORG-SOFT,Other Sponsor,Payment,7,2026-05-11,Soft
SYN-SC-001587148,Designation 1,S00132272,SYN-ORG-DAF,DAF Sponsor,Payment,130,2025-10-17,Soft
SYN-SC-001588559,Designation 21930,S00132474,SYN-ORG-SOFT,Other Sponsor,Payment,9,2026-06-27,Soft
SYN-SC-001589720,Designation 7719,S00132627,SYN-ORG-SOFT,Other Sponsor,Payment,8,2026-04-13,Soft
SYN-SC-001590637,Designation 1,S00132755,SYN-ORG-SOFT,Other Sponsor,Payment,5,2025-11-02,Soft
SYN-SC-001593255,Designation 1,S00133113,SYN-ORG-SOFT,Other Sponsor,Payment,250,2025-11-27,Soft
SYN-SC-001593396,Designation 11511,S00133131,SYN-ORG-SOFT,Other Sponsor,Payment,190,2026-04-02,Soft
SYN-SC-001593915,Designation 1,S00133210,SYN-ORG-SOFT,Other Sponsor,Payment,5,2025-10-19,Soft
SYN-SC-001594043,Designation 1,S00133230,SYN-ORG-SOFT,Other Sponsor,Payment,150,2026-02-13,Soft
SYN-SC-001594648,Designation 1,S00133313,SYN-ORG-SOFT,Other Sponsor,Payment,226,2025-07-23,Soft
SYN-SC-001594662,Designation 83,S00133316,SYN-ORG-SOFT,Other Sponsor,Payment,250,2026-04-20,Soft
SYN-SC-001596234,Designation 1,S00133531,SYN-ORG-SOFT,Other Sponsor,Payment,5,2026-03-05,Soft
SYN-SC-001596711,Designation 34472,S00133591,SYN-ORG-SOFT,Other Sponsor,Payment,10,2025-10-26,Soft
SYN-SC-001597659,Designation 1,S00133739,SYN-ORG-SOFT,Other Sponsor,Payment,163,2025-09-14,Soft
SYN-SC-001597787,Designation 1,S00133758,SYN-ORG-SOFT,Other Sponsor,Payment,12,2026-03-02,Soft
SYN-SC-001597838,Designation 1948,S00133768,SYN-ORG-SOFT,Other Sponsor,Payment,390,2026-03-05,Soft
SYN-SC-001599249,Designation 1,S00133960,SYN-ORG-SOFT,Other Sponsor,Payment,12,2026-04-25,Soft
SYN-SC-001599982,Designation 1,S00134058,SYN-ORG-SOFT,Other Sponsor,Payment,5,2025-08-09,Soft
SYN-SC-001601105,Designation 1,S00134216,SYN-ORG-SOFT,Other Sponsor,Payment,5,2026-05-07,Soft
SYN-SC-001602487,Designation 4505,S00134420,SYN-ORG-SOFT,Other Sponsor,Payment,6,2025-12-07,Soft
SYN-SC-001602613,Designation 1,S00134445,SYN-ORG-DAF,DAF Sponsor,Payment,8,2025-08-31,Soft
SYN-SC-001602765,Designation 3,S00134468,SYN-ORG-SOFT,Other Sponsor,Payment,1080,2025-11-02,Soft
SYN-SC-001603607,Designation 31,S00134580,SYN-ORG-DAF,DAF Sponsor,Payment,130,2025-09-21,Soft
SYN-SC-001603791,Designation 1,S00134602,SYN-ORG-SOFT,Other Sponsor,Payment,6,2026-04-11,Soft
SYN-SC-001604675,Other,S00134707,SYN-ORG-SOFT,Other Sponsor,Payment,136,2026-03-22,Soft
SYN-SC-001604872,Designation 1,S00134741,SYN-ORG-DAF,DAF Sponsor,Payment,4,2025-07-28,Soft
SYN-SC-001605128,Designation 15899,S00134775,SYN-ORG-SOFT,Other Sponsor,Payment,5,2025-07-28,Soft
SYN-SC-001606129,Designation 18616,S00134912,SYN-ORG-SOFT,Other Sponsor,Payment,456,2026-05-24,Soft
SYN-SC-001606371,Other,S00134942,SYN-ORG-SOFT,Other Sponsor,Payment,5,2025-09-17,Soft
SYN-SC-001606928,Designation 1,S00135025,SYN-ORG-SOFT,Other Sponsor,Payment,269,2025-10-27,Soft
SYN-SC-001607446,Designation 1,S00135090,SYN-ORG-SOFT,Other Sponsor,Payment,250,2026-06-11,Soft
SYN-SC-001608111,Designation 1,S00135201,SYN-ORG-SOFT,Other Sponsor,Payment,495,2025-11-28,Soft
SYN-SC-001609121,Designation 227,S00135337,SYN-ORG-SOFT,Other Sponsor,Payment,6,2025-09-30,Soft
SYN-SC-001610026,Designation 1,S00135474,SYN-ORG-SOFT,Other Sponsor,Payment,25,2025-08-01,Soft
SYN-SC-001610199,Designation 7472,S00135498,SYN-ORG-SOFT,Other Sponsor,Payment,190,2026-03-11,Soft
SYN-SC-001610260,Designation 1,S00135509,SYN-ORG-SOFT,Other Sponsor,Payment,238,2025-09-14,Soft
SYN-SC-001611381,Designation 1,S00135654,SYN-ORG-SOFT,Other Sponsor,Payment,11,2026-06-16,Soft
SYN-SC-001613103,Other,S00135883,SYN-ORG-SOFT,Other Sponsor,Payment,8,2025-11-21,Soft
SYN-SC-001613761,Designation 1,S00135971,SYN-ORG-SOFT,Other Sponsor,Payment,48,2026-02-04,Soft
SYN-SC-001614233,Other,S00136028,SYN-ORG-SOFT,Other Sponsor,Payment,5,2025-10-25,Soft
SYN-SC-001614752,Designation 4025,S00136100,SYN-ORG-SOFT,Other Sponsor,Payment,5,2026-02-23,Soft
SYN-SC-001615247,Designation 1,S00136155,SYN-ORG-SOFT,Other Sponsor,Payment,250,2026-05-29,Soft
SYN-SC-001616238,Designation 1,S00136267,SYN-ORG-SOFT,Other Sponsor,Payment,5,2025-09-25,Soft
SYN-SC-001616277,Designation 20910,S00136271,SYN-ORG-SOFT,Other Sponsor,Payment,5,2025-11-18,Soft
SYN-SC-001616368,Designation 16982,S00136283,SYN-ORG-SOFT,Other Sponsor,Payment,10,2025-12-29,Soft
SYN-SC-001616810,Designation 1,S00136334,SYN-ORG-SOFT,Other Sponsor,Payment,250,2026-02-02,Soft
SYN-SC-001618489,Designation 2468,S00136538,SYN-ORG-DAF,DAF Sponsor,Payment,9,2026-03-04,Soft
SYN-SC-001618641,Designation 6674,S00136555,SYN-ORG-SOFT,Other Sponsor,Payment,250,2025-11-04,Soft
SYN-SC-001618668,Designation 1973,S00136558,SYN-ORG-SOFT,Other Sponsor,Payment,20,2026-06-15,Soft
SYN-SC-001619212,Designation 5492,S00136622,SYN-ORG-SOFT,Other Sponsor,Payment,5,2025-10-14,Soft
SYN-SC-001619370,Other,S00136644,SYN-ORG-SOFT,Other Sponsor,Payment,600,2026-03-05,Soft
SYN-SC-001619565,Designation 3456,S00136665,SYN-ORG-SOFT,Other Sponsor,Payment,210,2025-08-20,Soft
SYN-SC-001619986,Designation 32145,S00136712,SYN-ORG-SOFT,Other Sponsor,Payment,190,2025-07-25,Soft
SYN-SC-001620124,Other,S00136729,SYN-ORG-SOFT,Other Sponsor,Payment,274,2026-06-04,Soft
SYN-SC-001620405,Designation 1,S00136766,SYN-ORG-SOFT,Other Sponsor,Payment,250,2025-10-27,Soft
SYN-SC-001620419,Designation 1,S00136768,SYN-ORG-SOFT,Other Sponsor,Payment,74,2025-12-22,Soft
SYN-SC-001621237,Other,S00136866,SYN-ORG-SOFT,Other Sponsor,Payment,10,2025-09-08,Soft
SYN-SC-001621537,Designation 1,S00136911,SYN-ORG-SOFT,Other Sponsor,Payment,332,2026-02-17,Soft
SYN-SC-001624129,Designation 1,S00137214,SYN-ORG-SOFT,Other Sponsor,Payment,5,2026-06-14,Soft
SYN-SC-001625284,Designation 1,S00137353,SYN-ORG-SOFT,Other Sponsor,Payment,39,2026-03-19,Soft
SYN-SC-001625948,Designation 1,S00137425,SYN-ORG-SOFT,Other Sponsor,Payment,10,2025-10-10,Soft
SYN-SC-001628524,Designation 1,S00137718,SYN-ORG-SOFT,Other Sponsor,Payment,22,2025-07-11,Soft
SYN-SC-001629362,Designation 1758,S00137817,SYN-ORG-SOFT,Other Sponsor,Payment,228,2025-11-02,Soft
SYN-SC-001629987,Designation 1,S00137882,SYN-ORG-SOFT,Other Sponsor,Payment,20,2025-09-26,Soft
SYN-SC-001631849,Designation 6696,S00138109,SYN-ORG-SOFT,Other Sponsor,Payment,5,2026-03-12,Soft
SYN-SC-001632847,Designation 1758,S00138235,SYN-ORG-SOFT,Other Sponsor,Payment,130,2025-10-20,Soft
SYN-SC-001633649,Designation 1,S00138338,SYN-ORG-SOFT,Other Sponsor,Payment,36,2025-08-17,Soft
SYN-SC-001633836,Designation 1,S00138357,SYN-ORG-SOFT,Other Sponsor,Payment,5,2025-07-22,Soft
SYN-SC-001635630,Other,S00138557,SYN-ORG-SOFT,Other Sponsor,Payment,381,2026-01-02,Soft
SYN-SC-001635631,Designation 1,S00138558,SYN-ORG-SOFT,Other Sponsor,Payment,73,2026-03-03,Soft
SYN-SC-001635684,Designation 1487,S00138566,SYN-ORG-SOFT,Other Sponsor,Payment,5,2026-04-13,Soft
SYN-SC-001635937,Designation 3967,S00138593,SYN-ORG-SOFT,Other Sponsor,Payment,10,2025-08-04,Soft
SYN-SC-001636579,Designation 26487,S00138674,SYN-ORG-SOFT,Other Sponsor,Payment,158,2025-07-19,Soft
SYN-SC-001638524,Designation 1,S00138916,SYN-ORG-SOFT,Other Sponsor,Payment,540,2026-04-02,Soft
SYN-SC-001638678,Designation 16550,S00138933,SYN-ORG-DAF,DAF Sponsor,Payment,20,2026-03-29,Soft
SYN-SC-001639203,Designation 3649,S00139000,SYN-ORG-SOFT,Other Sponsor,Payment,5,2026-01-29,Soft
SYN-SC-001639321,Designation 1615,S00139013,SYN-ORG-DAF,DAF Sponsor,Payment,5,2026-02-06,Soft
SYN-SC-001640037,Designation 6799,S00139098,SYN-ORG-SOFT,Other Sponsor,Payment,15,2026-05-17,Soft
SYN-SC-001640733,Designation 1,S00139181,SYN-ORG-SOFT,Other Sponsor,Payment,5,2025-09-13,Soft
SYN-SC-001643161,Designation 25880,S00139481,SYN-ORG-SOFT,Other Sponsor,Payment,71,2026-01-01,Soft
SYN-SC-001643676,Designation 1,S00139541,SYN-ORG-SOFT,Other Sponsor,Payment,144,2025-08-26,Soft
SYN-SC-001644532,Designation 1,S00139640,SYN-ORG-SOFT,Other Sponsor,Payment,540,2026-02-27,Soft
SYN-SC-001644587,Designation 30515,S00139646,SYN-ORG-SOFT,Other Sponsor,Payment,190,2025-12-08,Soft
SYN-SC-001645006,Designation 1,S00139697,SYN-ORG-SOFT,Other Sponsor,Payment,153,2026-02-25,Soft
SYN-SC-001646016,Designation 1,S00139813,SYN-ORG-SOFT,Other Sponsor,Payment,226,2026-04-03,Soft
SYN-SC-001646207,Designation 1,S00139840,SYN-ORG-SOFT,Other Sponsor,Payment,5,2025-12-20,Soft
SYN-SC-001650265,Designation 6319,S00140336,SYN-ORG-SOFT,Other Sponsor,Payment,190,2026-02-20,Soft
SYN-SC-001650456,Designation 1,S00140356,SYN-ORG-SOFT,Other Sponsor,Payment,190,2026-02-28,Soft
SYN-SC-001650607,Designation 1,S00140375,SYN-ORG-DAF,DAF Sponsor,Payment,7,2026-05-27,Soft
SYN-SC-001650990,Designation 31080,S00140419,SYN-ORG-SOFT,Other Sponsor,Payment,4,2026-06-03,Soft
SYN-SC-001651017,Designation 16636,S00140423,SYN-ORG-SOFT,Other Sponsor,Payment,5,2026-05-08,Soft
SYN-SC-001651536,Designation 1,S00140482,SYN-ORG-SOFT,Other Sponsor,Payment,100,2025-09-02,Soft
SYN-SC-001651578,Designation 1,S00140487,SYN-ORG-SOFT,Other Sponsor,Payment,190,2026-06-07,Soft
SYN-SC-001652552,Designation 1,S00140602,SYN-ORG-DAF,DAF Sponsor,Payment,190,2026-03-15,Soft
SYN-SC-001653240,Designation 9,S00140700,SYN-ORG-SOFT,Other Sponsor,Payment,254,2026-06-03,Soft
SYN-SC-001653656,Designation 1,S00140745,SYN-ORG-SOFT,Other Sponsor,Payment,100,2025-11-30,Soft
SYN-SC-001655190,Designation 2077,S00140942,SYN-ORG-SOFT,Other Sponsor,Payment,46,2026-03-07,Soft
SYN-SC-001655367,Designation 6132,S00140961,SYN-ORG-SOFT,Other Sponsor,Payment,11,2025-11-19,Soft
SYN-SC-001657307,Designation 1,S00141191,SYN-ORG-SOFT,Other Sponsor,Payment,420,2025-12-18,Soft
SYN-SC-001657859,Designation 1,S00141256,SYN-ORG-SOFT,Other Sponsor,Payment,190,2026-02-11,Soft
SYN-SC-001658083,Designation 1,S00141284,SYN-ORG-SOFT,Other Sponsor,Payment,50,2026-01-04,Soft
SYN-SC-001659006,Designation 8739,S00141398,SYN-ORG-SOFT,Other Sponsor,Payment,5,2025-11-30,Soft
SYN-SC-001659131,Designation 1,S00141412,SYN-ORG-SOFT,Other Sponsor,Payment,8,2026-06-14,Soft
SYN-SC-001659274,Designation 15412,S00141430,SYN-ORG-SOFT,Other Sponsor,Payment,5,2026-02-12,Soft
SYN-SC-001659494,Designation 1,S00141452,SYN-ORG-SOFT,Other Sponsor,Payment,48,2025-11-11,Soft
SYN-SC-001659929,Designation 1,S00141497,SYN-ORG-SOFT,Other Sponsor,Payment,13,2026-06-03,Soft
SYN-SC-001661540,Designation 3826,S00141673,SYN-ORG-SOFT,Other Sponsor,Payment,5,2025-08-04,Soft
SYN-SC-001662208,Designation 6149,S00141746,SYN-ORG-SOFT,Other Sponsor,Payment,540,2025-07-10,Soft
SYN-SC-001662575,Designation 10463,S00141792,SYN-ORG-SOFT,Other Sponsor,Payment,11,2026-01-27,Soft
SYN-SC-001662702,Designation 4851,S00141805,SYN-ORG-SOFT,Other Sponsor,Payment,14,2026-05-08,Soft
SYN-SC-001662994,Designation 1541,S00141847,SYN-ORG-SOFT,Other Sponsor,Payment,7,2026-04-19,Soft
SYN-SC-001663032,Designation 1,S00141851,SYN-ORG-SOFT,Other Sponsor,Payment,3,2026-02-01,Soft
SYN-SC-001663059,Designation 10904,S00141853,SYN-ORG-SOFT,Other Sponsor,Payment,190,2026-01-17,Soft
SYN-SC-001663133,Other,S00141863,SYN-ORG-SOFT,Other Sponsor,Payment,5,2026-01-22,Soft
SYN-SC-001663755,Designation 1,S00141951,SYN-ORG-SOFT,Other Sponsor,Payment,107,2026-05-08,Soft
SYN-SC-001664184,Designation 15296,S00141998,SYN-ORG-SOFT,Other Sponsor,Payment,4,2025-12-04,Soft
SYN-SC-001665688,Designation 15634,S00142171,SYN-ORG-SOFT,Other Sponsor,Payment,12,2026-03-10,Soft
SYN-SC-001667500,Designation 23097,S00142381,SYN-ORG-SOFT,Other Sponsor,Payment,57,2025-10-09,Soft
SYN-SC-001667786,Designation 1470,S00142422,SYN-ORG-SOFT,Other Sponsor,Payment,5,2026-04-05,Soft
SYN-SC-001667929,Designation 2343,S00142435,SYN-ORG-SOFT,Other Sponsor,Payment,5,2026-01-02,Soft
SYN-SC-001668656,Designation 724,S00142519,SYN-ORG-SOFT,Other Sponsor,Payment,130,2025-11-06,Soft
SYN-SC-001669670,Designation 10147,S00142643,SYN-ORG-SOFT,Other Sponsor,Payment,190,2026-04-23,Soft
SYN-SC-001669683,Other,S00142645,SYN-ORG-SOFT,Other Sponsor,Payment,45,2025-11-05,Soft
SYN-SC-001670406,Other,S00142732,SYN-ORG-SOFT,Other Sponsor,Payment,7,2026-04-04,Soft
SYN-SC-001671018,Other,S00142807,SYN-ORG-SOFT,Other Sponsor,Payment,38,2026-04-09,Soft
SYN-SC-001671054,Other,S00142813,SYN-ORG-SOFT,Other Sponsor,Payment,499,2025-10-15,Soft
SYN-SC-001671608,Designation 13715,S00142881,SYN-ORG-SOFT,Other Sponsor,Payment,5,2025-08-27,Soft
SYN-SC-001672316,Designation 2,S00142965,SYN-ORG-SOFT,Other Sponsor,Payment,416,2026-06-05,Soft
SYN-SC-001674314,Designation 1,S00143202,SYN-ORG-SOFT,Other Sponsor,Payment,5,2026-06-26,Soft
SYN-SC-001675315,Designation 1,S00143326,SYN-ORG-SOFT,Other Sponsor,Payment,137,2026-04-14,Soft
SYN-SC-001675719,Designation 2635,S00143367,SYN-ORG-SOFT,Other Sponsor,Payment,10,2026-01-13,Soft
SYN-SC-001677265,Other,S00143539,SYN-ORG-SOFT,Other Sponsor,Payment,476,2026-05-29,Soft
SYN-SC-001677694,Other,S00143590,SYN-ORG-SOFT,Other Sponsor,Payment,5,2026-01-03,Soft
SYN-SC-001677720,Designation 10499,S00143593,SYN-ORG-SOFT,Other Sponsor,Payment,190,2025-12-02,Soft
SYN-SC-001677940,Other,S00143626,SYN-ORG-SOFT,Other Sponsor,Payment,250,2025-09-05,Soft
SYN-SC-001678682,Designation 1,S00143716,SYN-ORG-SOFT,Other Sponsor,Payment,3,2026-06-19,Soft
SYN-SC-001679337,Designation 1,S00143788,SYN-ORG-SOFT,Other Sponsor,Payment,5,2025-11-30,Soft
SYN-SC-001680529,Designation 3150,S00143948,SYN-ORG-SOFT,Other Sponsor,Payment,4,2025-07-04,Soft
SYN-SC-001681111,Other,S00144015,SYN-ORG-SOFT,Other Sponsor,Payment,5,2025-08-06,Soft
SYN-SC-001682029,Designation 6710,S00144124,SYN-ORG-SOFT,Other Sponsor,Payment,190,2025-07-08,Soft
SYN-SC-001682051,Designation 1,S00144127,SYN-ORG-SOFT,Other Sponsor,Payment,5,2026-02-01,Soft
SYN-SC-001682145,Designation 1,S00144141,SYN-ORG-SOFT,Other Sponsor,Payment,5,2026-05-26,Soft
SYN-SC-001683253,Designation 1,S00144265,SYN-ORG-SOFT,Other Sponsor,Payment,500,2026-06-02,Soft
SYN-SC-001683664,Designation 1,S00144312,SYN-ORG-SOFT,Other Sponsor,Payment,11,2025-08-19,Soft
SYN-SC-001683960,Designation 1,S00144343,SYN-ORG-DAF,DAF Sponsor,Payment,9,2025-07-20,Soft
SYN-SC-001684533,Designation 1,S00144401,SYN-ORG-SOFT,Other Sponsor,Payment,330,2026-04-02,Soft
SYN-SC-001686419,Designation 23,S00144642,SYN-ORG-SOFT,Other Sponsor,Payment,540,2026-06-14,Soft
SYN-SC-000263593,Designation 2,S00022879,SYN-ORG-SOFT,Other Sponsor,Payment,449,2022-05-11,Soft
SYN-SC-001409998,Designation 89,S00060435,SYN-ORG-SOFT,Other Sponsor,Payment,404,2025-12-07,Soft
SYN-SC-001518683,Other,S00119367,SYN-ORG-DAF,DAF Sponsor,Payment,4,2025-10-05,Soft
SYN-SC-001602487,Designation 4505,S00134420,SYN-ORG-SOFT,Other Sponsor,Payment,6,2025-12-07,Soft
SYN-SC-001470448,Designation 2,S00105292,SYN-ORG-SOFT,Other Sponsor,Payment,468,2026-04-25,Soft
SYN-SC-001295765,Designation 1,S00130137,SYN-ORG-SOFT,Other Sponsor,Payment,25,2024-09-15,Soft
SYN-SC-001281879,Designation 1,S00128030,SYN-ORG-SOFT,Other Sponsor,Payment,250,2024-11-19,Soft
SYN-SC-000985954,Designation 1,S00122219,SYN-ORG-SOFT,Other Sponsor,Payment,190,2024-04-03,Soft
SYN-SC-001573960,Designation 1,S00130185,SYN-ORG-SOFT,Other Sponsor,Payment,6,2026-04-18,Soft
SYN-SC-001367407,Designation 1,S00023510,SYN-ORG-SOFT,Other Sponsor,Payment,187,2025-07-24,Soft
SYN-SC-000316993,Designation 1,S00063389,SYN-ORG-SOFT,Other Sponsor,Payment,797,2022-05-28,Soft
SYN-SC-000576598,Other,S00067997,SYN-ORG-SOFT,Other Sponsor,Payment,5,2022-10-04,Soft
SYN-SC-001297239,Other,S00130366,SYN-ORG-SOFT,Other Sponsor,Payment,495,2024-09-02,Soft
SYN-SC-000913595,Designation 13586,S00107476,SYN-ORG-SOFT,Other Sponsor,Payment,4,2024-01-25,Soft
SYN-SC-000910467,Designation 1,S00106547,SYN-ORG-SOFT,Other Sponsor,Payment,250,2023-07-06,Soft
SYN-SC-000126162,Designation 1,S00089185,SYN-ORG-SOFT,Other Sponsor,Payment,128,2021-03-24,Soft
SYN-SC-000498009,Designation 1,S00006013,SYN-ORG-SOFT,Other Sponsor,Payment,298,2022-07-19,Soft
SYN-SC-001068728,Designation 24604,S00015086,SYN-ORG-SOFT,Other Sponsor,Payment,45,2024-10-02,Soft
SYN-SC-000671222,Other,S00112707,SYN-ORG-SOFT,Other Sponsor,Payment,10,2023-01-07,Soft
SYN-SC-000076046,Designation 1,S00057223,SYN-ORG-SOFT,Other Sponsor,Payment,178,2021-05-23,Soft
SYN-SC-000812533,Other,S00037422,SYN-ORG-SOFT,Other Sponsor,Payment,149,2024-02-20,Soft
SYN-SC-000068407,Designation 1,S00051849,SYN-ORG-SOFT,Other Sponsor,Payment,10,2021-05-28,Soft
SYN-SC-000235806,Designation 14425,S00000238,SYN-ORG-SOFT,Other Sponsor,Payment,6,2021-07-24,Soft
SYN-SC-000844264,Other,S00063254,SYN-ORG-SOFT,Other Sponsor,Payment,540,2024-06-10,Soft
SYN-SC-000808090,Other,S00033888,SYN-ORG-SOFT,Other Sponsor,Payment,2000,2024-05-22,Soft
SYN-SC-000674538,Designation 1,S00113339,SYN-ORG-SOFT,Other Sponsor,Payment,430,2023-04-11,Soft
SYN-SC-000273567,Designation 17174,S00030625,SYN-ORG-SOFT,Other Sponsor,Payment,250,2021-09-15,Soft
SYN-SC-000091537,Designation 1,S00067622,SYN-ORG-SOFT,Other Sponsor,Payment,502,2021-05-13,Soft
SYN-SC-000709670,Designation 1,S00119210,SYN-ORG-DAF,DAF Sponsor,Payment,5,2023-06-27,Soft
SYN-SC-000567934,Designation 1,S00061689,SYN-ORG-SOFT,Other Sponsor,Payment,190,2022-09-07,Soft
SYN-SC-001223422,Other,S00117419,SYN-ORG-SOFT,Other Sponsor,Payment,250,2024-11-16,Soft
SYN-SC-000517291,Designation 12498,S00022260,SYN-ORG-DAF,DAF Sponsor,Payment,190,2022-09-02,Soft
SYN-SC-001433514,Designation 1,S00079199,SYN-ORG-SOFT,Other Sponsor,Payment,480,2025-08-20,Soft
SYN-SC-000300065,Designation 11435,S00051065,SYN-ORG-SOFT,Other Sponsor,Payment,12,2021-09-22,Soft
SYN-SC-000170027,Designation 21451,S00106263,SYN-ORG-DAF,DAF Sponsor,Payment,250,2020-11-10,Soft
SYN-SC-001047892,Designation 21370,S00130766,SYN-ORG-SOFT,Other Sponsor,Payment,6,2024-05-01,Soft
SYN-SC-000257391,Designation 1,S00017956,SYN-ORG-SOFT,Other Sponsor,Payment,6,2022-01-23,Soft
SYN-SC-000902437,Designation 1,S00104195,SYN-ORG-SOFT,Other Sponsor,Payment,157,2024-01-19,Soft
SYN-SC-000989636,Other,S00122798,SYN-ORG-DAF,DAF Sponsor,Payment,540,2023-11-02,Soft
SYN-SC-001352462,Designation 1,S00009544,SYN-ORG-SOFT,Other Sponsor,Payment,250,2025-07-02,Soft
SYN-SC-000045619,Designation 1,S00034995,SYN-ORG-SOFT,Other Sponsor,Payment,250,2021-04-03,Soft
SYN-SC-000076281,Designation 1935,S00057407,SYN-ORG-DAF,DAF Sponsor,Payment,5,2020-11-01,Soft
SYN-SC-000422704,Designation 2490,S00111702,SYN-ORG-DAF,DAF Sponsor,Payment,5,2021-07-12,Soft
SYN-SC-001197502,Other,S00110766,SYN-ORG-SOFT,Other Sponsor,Payment,100,2025-04-23,Soft
SYN-SC-000490889,Other,S00000033,SYN-ORG-SOFT,Other Sponsor,Payment,417,2023-06-02,Soft
SYN-SC-001129197,Designation 14148,S00068706,SYN-ORG-SOFT,Other Sponsor,Payment,164,2025-03-10,Soft
SYN-SC-001354787,Designation 1,S00011703,SYN-ORG-DAF,DAF Sponsor,Payment,1200,2025-07-04,Soft
SYN-SC-000003372,Designation 16156,S00002543,SYN-ORG-SOFT,Other Sponsor,Payment,504,2020-10-09,Soft
SYN-SC-000019510,Designation 1,S00014984,SYN-ORG-SOFT,Other Sponsor,Payment,688,2020-12-23,Soft
SYN-SC-000775735,Designation 1,S00005773,SYN-ORG-DAF,DAF Sponsor,Payment,488,2023-07-04,Soft
SYN-SC-000007775,Designation 1,S00005842,SYN-ORG-SOFT,Other Sponsor,Payment,1242,2021-05-02,Soft
SYN-SC-000269333,Designation 1,S00027503,SYN-ORG-SOFT,Other Sponsor,Payment,154,2022-06-01,Soft
SYN-SC-000401645,Designation 1,S00107994,SYN-ORG-SOFT,Other Sponsor,Payment,271,2021-08-01,Soft
SYN-SC-001463565,Designation 20636,S00102800,SYN-ORG-SOFT,Other Sponsor,Payment,15,2025-08-08,Soft
SYN-SC-000106905,Designation 18954,S00077517,SYN-ORG-SOFT,Other Sponsor,Payment,142,2020-12-01,Soft
SYN-SC-001343023,Designation 1,S00001051,SYN-ORG-SOFT,Other Sponsor,Payment,5,2025-10-01,Soft
SYN-SC-000366481,Designation 18366,S00096802,SYN-ORG-SOFT,Other Sponsor,Payment,528,2021-10-03,Soft
SYN-SC-001355198,Designation 13002,S00012157,SYN-ORG-SOFT,Other Sponsor,Payment,5,2025-10-21,Soft
SYN-SC-001205538,Designation 4415,S00112910,SYN-ORG-DAF,DAF Sponsor,Payment,250,2024-12-01,Soft
SYN-SC-001662702,Designation 4851,S00141805,SYN-ORG-SOFT,Other Sponsor,Payment,14,2026-05-08,Soft
SYN-SC-000867224,Designation 16126,S00080919,SYN-ORG-SOFT,Other Sponsor,Payment,11,2024-02-04,Soft
SYN-SC-000592893,Designation 1,S00079680,SYN-ORG-SOFT,Other Sponsor,Payment,10,2023-06-11,Soft
SYN-SC-001372788,Designation 10092,S00028193,SYN-ORG-SOFT,Other Sponsor,Payment,528,2026-05-20,Soft
SYN-SC-000245190,Designation 4602,S00007773,SYN-ORG-SOFT,Other Sponsor,Payment,57,2022-04-02,Soft
SYN-SC-000787471,Designation 13891,S00016015,SYN-ORG-SOFT,Other Sponsor,Payment,384,2024-02-02,Soft
SYN-SC-001416871,Designation 6963,S00065892,SYN-ORG-SOFT,Other Sponsor,Payment,422,2026-06-20,Soft
SYN-SC-000777279,Designation 1,S00006939,SYN-ORG-SOFT,Other Sponsor,Payment,154,2024-01-28,Soft
SYN-SC-000694957,Designation 1,S00117096,SYN-ORG-SOFT,Other Sponsor,Payment,106,2022-07-21,Soft
SYN-SC-000424925,Other,S00112087,SYN-ORG-SOFT,Other Sponsor,Payment,5,2022-01-02,Soft
SYN-SC-000489164,Designation 1,S00121146,SYN-ORG-SOFT,Other Sponsor,Payment,250,2022-01-12,Soft
SYN-SC-001288343,Designation 6343,S00129018,SYN-ORG-SOFT,Other Sponsor,Payment,35,2025-03-22,Soft
SYN-SC-001640037,Designation 6799,S00139098,SYN-ORG-SOFT,Other Sponsor,Payment,15,2026-05-17,Soft
SYN-SC-001565386,Designation 45,S00128712,SYN-ORG-SOFT,Other Sponsor,Payment,288,2026-05-12,Soft
SYN-SC-000595550,Designation 14203,S00081472,SYN-ORG-SOFT,Other Sponsor,Payment,3623,2023-06-19,Soft
SYN-SC-001667500,Designation 23097,S00142381,SYN-ORG-SOFT,Other Sponsor,Payment,57,2025-10-09,Soft
SYN-SC-001375644,Designation 23719,S00030759,SYN-ORG-SOFT,Other Sponsor,Payment,23,2025-10-01,Soft
SYN-SC-001593396,Designation 11511,S00133131,SYN-ORG-SOFT,Other Sponsor,Payment,190,2026-04-02,Soft
SYN-SC-000567569,Designation 23988,S00061427,SYN-ORG-SOFT,Other Sponsor,Payment,540,2022-08-02,Soft
SYN-SC-000198992,Designation 5810,S00110888,SYN-ORG-SOFT,Other Sponsor,Payment,57,2020-10-06,Soft
SYN-DEF-nonpositive_amount-000000000,Designation 27689,S00004927,SYN-ORG-SOFT,Other Sponsor,Payment,0,2021-09-01,Soft
SYN-DEF-nonpositive_amount-000000001,Designation 38,S00104381,SYN-ORG-SOFT,Other Sponsor,Payment,0,2022-09-19,Soft
SYN-DEF-nonpositive_amount-000000002,Designation 11,S00000407,SYN-ORG-SOFT,Other Sponsor,Payment,0,2021-02-28,Soft
SYN-DEF-nonpositive_amount-000000003,Designation 3003,S00124730,SYN-ORG-SOFT,Other Sponsor,Payment,0,2025-11-21,Soft
SYN-DEF-nonpositive_amount-000000004,Designation 1,S00028769,SYN-ORG-SOFT,Other Sponsor,Payment,0,2022-09-05,Soft
SYN-DEF-nonpositive_amount-000000005,Designation 5509,S00108354,SYN-ORG-SOFT,Other Sponsor,Payment,0,2023-01-02,Soft
SYN-DEF-nonpositive_amount-000000006,Designation 24542,S00117437,SYN-ORG-SOFT,Other Sponsor,Payment,0,2022-10-01,Soft
SYN-DEF-nonpositive_amount-000000007,Designation 1,S00061067,SYN-ORG-SOFT,Other Sponsor,Payment,0,2026-01-06,Soft
SYN-DEF-nonpositive_amount-000000008,Other,S00126576,SYN-ORG-SOFT,Other Sponsor,Payment,0,2023-06-07,Soft
SYN-DEF-nonpositive_amount-000000009,Designation 12670,S00003880,SYN-ORG-SOFT,Other Sponsor,Payment,0,2022-07-19,Soft
SYN-DEF-nonpositive_amount-000000010,Other,S00002252,SYN-ORG-SOFT,Other Sponsor,Payment,0,2022-10-12,Soft
SYN-DEF-nonpositive_amount-000000011,Designation 3832,S00003534,SYN-ORG-SOFT,Other Sponsor,Payment,0,2023-10-22,Soft
SYN-DEF-nonpositive_amount-000000012,Designation 3236,S00020327,SYN-ORG-DAF,DAF Sponsor,Payment,0,2025-08-27,Soft
SYN-DEF-nonpositive_amount-000000013,Designation 22716,S00061887,SYN-ORG-SOFT,Other Sponsor,Payment,0,2021-06-30,Soft
SYN-DEF-nonpositive_amount-000000014,Designation 3280,S00022954,SYN-ORG-DAF,DAF Sponsor,Payment,0,2022-12-20,Soft
SYN-DEF-nonpositive_amount-000000015,Designation 19468,S00102702,SYN-ORG-SOFT,Other Sponsor,Payment,0,2023-02-06,Soft
SYN-DEF-nonpositive_amount-000000016,Other,S00011437,SYN-ORG-SOFT,Other Sponsor,Payment,0,2023-03-08,Soft
SYN-DEF-nonpositive_amount-000000017,Designation 12205,S00112122,SYN-ORG-SOFT,Other Sponsor,Payment,0,2023-04-25,Soft
SYN-DEF-nonpositive_amount-000000018,Designation 12647,S00075215,SYN-ORG-DAF,DAF Sponsor,Payment,0,2025-06-04,Soft
SYN-DEF-nonpositive_amount-000000019,Designation 1,S00113034,SYN-ORG-SOFT,Other Sponsor,Payment,0,2023-03-02,Soft
SYN-DEF-nonpositive_amount-000000020,Designation 752,S00110889,SYN-ORG-SOFT,Other Sponsor,Payment,0,2026-03-20,Soft
SYN-DEF-nonpositive_amount-000000021,Designation 1,S00127008,SYN-ORG-SOFT,Other Sponsor,Payment,0,2023-04-19,Soft
SYN-DEF-nonpositive_amount-000000022,Designation 35987,S00120910,SYN-ORG-SOFT,Other Sponsor,Payment,0,2024-02-23,Soft
SYN-DEF-nonpositive_amount-000000023,Designation 13685,S00126494,SYN-ORG-SOFT,Other Sponsor,Payment,0,2023-04-02,Soft
SYN-DEF-nonpositive_amount-000000024,Designation 83,S00133316,SYN-ORG-SOFT,Other Sponsor,Payment,0,2026-04-20,Soft
SYN-DEF-nonpositive_amount-000000025,Designation 1,S00124617,SYN-ORG-SOFT,Other Sponsor,Payment,0,2022-10-05,Soft
SYN-DEF-nonpositive_amount-000000026,Designation 1487,S00138566,SYN-ORG-SOFT,Other Sponsor,Payment,0,2026-04-13,Soft
SYN-DEF-nonpositive_amount-000000027,Designation 14835,S00010991,SYN-ORG-SOFT,Other Sponsor,Payment,0,2022-11-12,Soft
SYN-DEF-nonpositive_amount-000000028,Other,S00122444,SYN-ORG-SOFT,Other Sponsor,Payment,0,2023-01-28,Soft
SYN-DEF-nonpositive_amount-000000029,Designation 4553,S00058692,SYN-ORG-SOFT,Other Sponsor,Payment,0,2023-10-20,Soft
SYN-DEF-nonpositive_amount-000000030,Designation 9,S00053598,SYN-ORG-SOFT,Other Sponsor,Payment,0,2025-10-20,Soft
SYN-DEF-nonpositive_amount-000000031,Designation 795,S00113900,SYN-ORG-SOFT,Other Sponsor,Payment,0,2023-12-19,Soft
SYN-DEF-nonpositive_amount-000000032,Designation 6933,S00093856,SYN-ORG-SOFT,Other Sponsor,Payment,0,2021-03-11,Soft
SYN-DEF-nonpositive_amount-000000033,Designation 4444,S00052516,SYN-ORG-SOFT,Other Sponsor,Payment,0,2021-10-05,Soft
SYN-DEF-unmatched_constituent-000000000,Other,SYN-ORPHAN,SYN-ORG-SOFT,Other Sponsor,Payment,1500,2024-03-07,Soft
SYN-DEF-unmatched_constituent-000000001,Other,SYN-ORPHAN,SYN-ORG-SOFT,Other Sponsor,Payment,2994,2025-03-08,Soft
SYN-DEF-unmatched_constituent-000000002,Designation 1,SYN-ORPHAN,SYN-ORG-SOFT,Other Sponsor,Payment,3468,2022-07-17,Soft
SYN-DEF-unmatched_constituent-000000003,Designation 1,SYN-ORPHAN,SYN-ORG-DAF,DAF Sponsor,Payment,10,2022-05-16,Soft
SYN-DEF-unmatched_constituent-000000004,Other,SYN-ORPHAN,SYN-ORG-SOFT,Other Sponsor,Payment,542,2024-11-22,Soft
SYN-DEF-unmatched_constituent-000000005,Designation 1,SYN-ORPHAN,SYN-ORG-SOFT,Other Sponsor,Payment,760,2021-04-04,Soft
SYN-DEF-unmatched_constituent-000000006,Designation 4,SYN-ORPHAN,SYN-ORG-SOFT,Other Sponsor,Payment,1900,2024-09-05,Soft
SYN-DEF-unmatched_constituent-000000007,Designation 1,SYN-ORPHAN,SYN-ORG-SOFT,Other Sponsor,Payment,190,2024-11-12,Soft
SYN-DEF-unmatched_constituent-000000008,Other,SYN-ORPHAN,SYN-ORG-SOFT,Other Sponsor,Payment,82,2023-05-14,Soft
SYN-DEF-unmatched_constituent-000000009,Other,SYN-ORPHAN,SYN-ORG-DAF,DAF Sponsor,Payment,210,2025-04-09,Soft
SYN-DEF-unmatched_constituent-000000010,Designation 1,SYN-ORPHAN,SYN-ORG-SOFT,Other Sponsor,Payment,187,2025-07-24,Soft
SYN-DEF-unmatched_constituent-000000011,Designation 19405,SYN-ORPHAN,SYN-ORG-SOFT,Other Sponsor,Payment,381,2022-07-17,Soft
SYN-DEF-unmatched_constituent-000000012,Designation 1,SYN-ORPHAN,SYN-ORG-SOFT,Other Sponsor,Payment,600,2021-11-24,Soft
SYN-DEF-unmatched_constituent-000000013,Other,SYN-ORPHAN,SYN-ORG-SOFT,Other Sponsor,Payment,178,2023-08-01,Soft
SYN-DEF-unmatched_constituent-000000014,Designation 8,SYN-ORPHAN,SYN-ORG-SOFT,Other Sponsor,Payment,1684,2024-10-29,Soft
SYN-DEF-unmatched_constituent-000000015,Designation 1,SYN-ORPHAN,SYN-ORG-SOFT,Other Sponsor,Payment,250,2022-11-05,Soft
SYN-DEF-unmatched_constituent-000000016,Other,SYN-ORPHAN,SYN-ORG-SOFT,Other Sponsor,Payment,135,2022-11-02,Soft
SYN-DEF-unmatched_constituent-000000017,Other,SYN-ORPHAN,SYN-ORG-SOFT,Other Sponsor,Payment,424,2021-05-09,Soft
SYN-DEF-unmatched_constituent-000000018,Other,SYN-ORPHAN,SYN-ORG-SOFT,Other Sponsor,Payment,476,2026-05-29,Soft
SYN-DEF-unmatched_constituent-000000019,Designation 13338,SYN-ORPHAN,SYN-ORG-SOFT,Other Sponsor,Payment,5,2025-05-12,Soft
SYN-DEF-unmatched_constituent-000000020,Designation 11607,SYN-ORPHAN,SYN-ORG-SOFT,Other Sponsor,Payment,9,2023-03-08,Soft
SYN-DEF-unmatched_constituent-000000021,Other,SYN-ORPHAN,SYN-ORG-SOFT,Other Sponsor,Payment,178,2026-04-05,Soft
SYN-DEF-unmatched_constituent-000000022,Other,SYN-ORPHAN,SYN-ORG-SOFT,Other Sponsor,Payment,5,2020-09-26,Soft
SYN-DEF-unmatched_constituent-000000023,Designation 1,SYN-ORPHAN,SYN-ORG-SOFT,Other Sponsor,Payment,15,2022-03-24,Soft
SYN-DEF-unmatched_constituent-000000024,Designation 33135,SYN-ORPHAN,SYN-ORG-SOFT,Other Sponsor,Payment,166,2021-03-21,Soft
SYN-DEF-unmatched_constituent-000000025,Designation 21930,SYN-ORPHAN,SYN-ORG-SOFT,Other Sponsor,Payment,9,2026-06-27,Soft
SYN-DEF-unmatched_constituent-000000026,Designation 1,SYN-ORPHAN,SYN-ORG-DAF,DAF Sponsor,Payment,58,2022-03-04,Soft
SYN-DEF-unmatched_constituent-000000027,Designation 4415,SYN-ORPHAN,SYN-ORG-SOFT,Other Sponsor,Payment,247,2020-07-04,Soft
SYN-DEF-unmatched_constituent-000000028,Designation 223,SYN-ORPHAN,SYN-ORG-DAF,DAF Sponsor,Payment,935,2022-08-13,Soft
SYN-DEF-unmatched_constituent-000000029,Designation 380,SYN-ORPHAN,SYN-ORG-SOFT,Other Sponsor,Payment,5,2024-04-07,Soft
SYN-DEF-unmatched_constituent-000000030,Designation 2275,SYN-ORPHAN,SYN-ORG-DAF,DAF Sponsor,Payment,3,2025-07-03,Soft
SYN-DEF-unmatched_constituent-000000031,Designation 24974,SYN-ORPHAN,SYN-ORG-SOFT,Other Sponsor,Payment,195,2021-02-22,Soft
SYN-DEF-unmatched_constituent-000000032,Designation 1541,SYN-ORPHAN,SYN-ORG-SOFT,Other Sponsor,Payment,7,2026-04-19,Soft
SYN-DEF-unmatched_constituent-000000033,Designation 30357,SYN-ORPHAN,SYN-ORG-SOFT,Other Sponsor,Payment,5,2022-05-19,Soft
SYN-DEF-unmatched_constituent-000000034,Designation 1,SYN-ORPHAN,SYN-ORG-SOFT,Other Sponsor,Payment,226,2026-04-03,Soft
SYN-DEF-unmatched_constituent-000000035,Designation 1,SYN-ORPHAN,SYN-ORG-SOFT,Other Sponsor,Payment,600,2022-06-11,Soft
SYN-DEF-unmatched_constituent-000000036,Designation 1,SYN-ORPHAN,SYN-ORG-SOFT,Other Sponsor,Payment,183,2023-08-24,Soft
SYN-DEF-unmatched_constituent-000000037,Designation 3368,SYN-ORPHAN,SYN-ORG-SOFT,Other Sponsor,Payment,20,2024-11-12,Soft
SYN-DEF-unmatched_constituent-000000038,Designation 14437,SYN-ORPHAN,SYN-ORG-SOFT,Other Sponsor,Payment,5,2025-08-20,Soft
SYN-DEF-unmatched_constituent-000000039,Designation 4482,SYN-ORPHAN,SYN-ORG-SOFT,Other Sponsor,Payment,190,2022-10-01,Soft
SYN-DEF-unmatched_constituent-000000040,Designation 2069,SYN-ORPHAN,SYN-ORG-DAF,DAF Sponsor,Payment,95,2025-01-12,Soft
SYN-DEF-unmatched_constituent-000000041,Designation 1,SYN-ORPHAN,SYN-ORG-SOFT,Other Sponsor,Payment,20,2026-04-04,Soft
SYN-DEF-unmatched_constituent-000000042,Designation 1,SYN-ORPHAN,SYN-ORG-SOFT,Other Sponsor,Payment,1200,2024-10-04,Soft
SYN-DEF-unmatched_constituent-000000043,Designation 1,SYN-ORPHAN,SYN-ORG-SOFT,Other Sponsor,Payment,14,2022-06-13,Soft
SYN-DEF-unmatched_constituent-000000044,Other,SYN-ORPHAN,SYN-ORG-SOFT,Other Sponsor,Payment,49,2024-10-10,Soft
SYN-DEF-unmatched_constituent-000000045,Designation 1,SYN-ORPHAN,SYN-ORG-SOFT,Other Sponsor,Payment,255,2023-04-22,Soft
SYN-DEF-unmatched_constituent-000000046,Designation 591,SYN-ORPHAN,SYN-ORG-SOFT,Other Sponsor,Payment,5,2021-01-27,Soft
SYN-DEF-unmatched_constituent-000000047,Designation 1,SYN-ORPHAN,SYN-ORG-SOFT,Other Sponsor,Payment,130,2024-12-16,Soft
SYN-DEF-unmatched_constituent-000000048,Designation 1,SYN-ORPHAN,SYN-ORG-DAF,DAF Sponsor,Payment,600,2022-10-05,Soft
SYN-DEF-unmatched_constituent-000000049,Designation 1213,SYN-ORPHAN,SYN-ORG-SOFT,Other Sponsor,Payment,5,2024-08-14,Soft
SYN-DEF-unmatched_constituent-000000050,Designation 5224,SYN-ORPHAN,SYN-ORG-SOFT,Other Sponsor,Payment,250,2024-11-20,Soft
SYN-DEF-unmatched_constituent-000000051,Designation 1,SYN-ORPHAN,SYN-ORG-SOFT,Other Sponsor,Payment,10,2024-12-30,Soft
SYN-DEF-unmatched_constituent-000000052,Other,SYN-ORPHAN,SYN-ORG-SOFT,Other Sponsor,Payment,600,2021-07-20,Soft
SYN-DEF-unmatched_constituent-000000053,Designation 9,SYN-ORPHAN,SYN-ORG-SOFT,Other Sponsor,Payment,1041,2025-07-06,Soft
SYN-DEF-unmatched_constituent-000000054,Designation 1,SYN-ORPHAN,SYN-ORG-SOFT,Other Sponsor,Payment,145,2023-09-25,Soft
SYN-DEF-unmatched_constituent-000000055,Designation 12308,SYN-ORPHAN,SYN-ORG-SOFT,Other Sponsor,Payment,5,2023-02-15,Soft
SYN-DEF-unmatched_constituent-000000056,Designation 54,SYN-ORPHAN,SYN-ORG-DAF,DAF Sponsor,Payment,1200,2022-05-15,Soft
SYN-DEF-unmatched_constituent-000000057,Designation 1,SYN-ORPHAN,SYN-ORG-SOFT,Other Sponsor,Payment,250,2024-07-02,Soft
SYN-DEF-unmatched_constituent-000000058,Designation 18415,SYN-ORPHAN,SYN-ORG-DAF,DAF Sponsor,Payment,14,2022-02-25,Soft
SYN-DEF-unmatched_constituent-000000059,Designation 1,SYN-ORPHAN,SYN-ORG-SOFT,Other Sponsor,Payment,190,2021-03-01,Soft
SYN-DEF-unmatched_constituent-000000060,Designation 1,SYN-ORPHAN,SYN-ORG-SOFT,Other Sponsor,Payment,264,2021-10-05,Soft
SYN-DEF-unmatched_constituent-000000061,Designation 2548,SYN-ORPHAN,SYN-ORG-SOFT,Other Sponsor,Payment,600,2024-11-17,Soft
SYN-DEF-unmatched_constituent-000000062,Designation 1,SYN-ORPHAN,SYN-ORG-DAF,DAF Sponsor,Payment,9,2025-07-20,Soft
SYN-DEF-unmatched_constituent-000000063,Designation 9731,SYN-ORPHAN,SYN-ORG-SOFT,Other Sponsor,Payment,5,2021-01-02,Soft
SYN-DEF-unmatched_constituent-000000064,Designation 21547,SYN-ORPHAN,SYN-ORG-SOFT,Other Sponsor,Payment,480,2021-12-24,Soft
SYN-DEF-unmatched_constituent-000000065,Designation 18554,SYN-ORPHAN,SYN-ORG-SOFT,Other Sponsor,Payment,488,2024-06-30,Soft
SYN-DEF-unmatched_constituent-000000066,Designation 1,SYN-ORPHAN,SYN-ORG-SOFT,Other Sponsor,Payment,540,2023-12-12,Soft
SYN-DEF-unmatched_constituent-000000067,Designation 1,SYN-ORPHAN,SYN-ORG-SOFT,Other Sponsor,Payment,190,2024-06-03,Soft
SYN-DEF-unmatched_constituent-000000068,Designation 58,SYN-ORPHAN,SYN-ORG-SOFT,Other Sponsor,Payment,416,2025-09-02,Soft
SYN-DEF-unmatched_constituent-000000069,Designation 24283,SYN-ORPHAN,SYN-ORG-SOFT,Other Sponsor,Payment,190,2025-08-02,Soft
SYN-DEF-unmatched_constituent-000000070,Designation 10960,SYN-ORPHAN,SYN-ORG-SOFT,Other Sponsor,Payment,476,2026-03-05,Soft
SYN-DEF-unmatched_constituent-000000071,Designation 21239,SYN-ORPHAN,SYN-ORG-SOFT,Other Sponsor,Payment,600,2022-11-08,Soft
SYN-DEF-unmatched_constituent-000000072,Designation 35,SYN-ORPHAN,SYN-ORG-DAF,DAF Sponsor,Payment,974,2025-07-24,Soft
SYN-DEF-unmatched_constituent-000000073,Designation 1,SYN-ORPHAN,SYN-ORG-SOFT,Other Sponsor,Payment,88,2023-02-28,Soft
SYN-DEF-unmatched_constituent-000000074,Designation 1,SYN-ORPHAN,SYN-ORG-SOFT,Other Sponsor,Payment,23,2021-08-06,Soft
SYN-DEF-unmatched_constituent-000000075,Designation 3463,SYN-ORPHAN,SYN-ORG-SOFT,Other Sponsor,Payment,20,2022-07-15,Soft
SYN-DEF-unmatched_constituent-000000076,Designation 1973,SYN-ORPHAN,SYN-ORG-SOFT,Other Sponsor,Payment,20,2026-06-15,Soft
SYN-DEF-unmatched_constituent-000000077,Designation 26,SYN-ORPHAN,SYN-ORG-SOFT,Other Sponsor,Payment,265,2023-06-27,Soft
SYN-DEF-unmatched_constituent-000000078,Designation 1,SYN-ORPHAN,SYN-ORG-DAF,DAF Sponsor,Payment,5,2022-12-13,Soft
